ticker,month,date,sector,close,momentum_1m,momentum_3m,momentum_6m,momentum_12m,volatility_21d,volatility_63d,px_vs_200d_ma,px_vs_52w_high,volume_zscore,vix_close,vix_change_5d,vix_vs_63d_avg,volatility_spread,next_month_return,next_month_up,next_month_volatility
AAPL,2014-02,2014-02-28,Information Technology,75.1771,0.05090472436101745,-0.013422589793424922,0.07199987451499323,0.1922067459493062,0.16760819042751843,0.25856560129498674,0.06673496985275507,-0.07691674862753917,0.3090636389604773,14.0,-0.0463215258855586,-0.03891207462052271,-0.09095741086746831,0.019952884588525066,1,0.10876756989103549
AAPL,2014-03,2014-03-31,Information Technology,76.6771,0.019952884588525066,-0.041689579667253285,0.11183918612845489,0.25140519121045557,0.10876756989103549,0.2319806422042004,0.06712528996517597,-0.05849857504730405,-1.7490981093828213,13.88,-0.08018555334658706,-0.06159855769230771,-0.1232130723131649,0.09939603871299263,1,0.3420033403499784
AAPL,2014-04,2014-04-30,Information Technology,84.2985,0.09939603871299263,0.1784132655628805,0.11363801496766701,0.33269411359245726,0.3420033403499784,0.22633411401090373,0.14345143038858188,-0.006732657868101621,1.531732377260144,13.41,0.010550113036925435,-0.10063234542667343,0.1156692263390747,0.07271778264144668,1,0.14192682103397508
AAPL,2014-05,2014-05-30,Information Technology,90.4285,0.07271778264144668,0.2028729493422865,0.1867272791696577,0.4017444978716942,0.14192682103397508,0.22060990132465147,0.18927123043492755,-0.0037457928686713826,2.418314894498879,11.4,-0.052369077306733125,-0.1761021440616719,-0.07868308029067639,0.02766273907009409,1,0.14266589261192733
AAPL,2014-06,2014-06-30,Information Technology,92.93,0.02766273907009409,0.21196550208602072,0.16143916973284278,0.6405076341066005,0.14266589261192733,0.22648163439308272,0.18747811294023453,-0.014005305039787697,-0.6027336220428174,11.57,0.05373406193078312,-0.0917122528068186,-0.08381574178115539,0.028731303131389163,1,0.19729772930659786
AAPL,2014-07,2014-07-31,Information Technology,95.6,0.022241231822070162,0.13139977585029539,0.3389843327628175,0.4787979661887385,0.19729772930659786,0.1611331262385199,0.1768378033391762,-0.0345384770753383,0.1551107527348277,16.95,0.4315878378378377,0.4020771513353114,0.03616460306807795,0.07217573221757334,1,0.10426853200626507
AAPL,2014-08,2014-08-29,Information Technology,102.5,0.07217573221757334,0.14133515056159252,0.3595210241636626,0.4592242906034496,0.10426853200626507,0.15046173539051474,0.22333760309983464,0.0,-0.1399132986697969,11.98,0.04446381865736693,-0.038106647634584045,-0.046193203384249676,-0.017073170731707332,0,0.27257215027265935
AAPL,2014-09,2014-09-30,Information Technology,100.75,-0.017073170731707332,0.0773096663815227,0.3020412646923887,0.47928776882292734,0.27257215027265935,0.2018005137307006,0.1686843630032231,-0.02468538238141338,0.21642595628533856,16.31,0.09243134628265226,0.24473652331920048,0.07077163654195875,0.07196029776674928,1,0.19082029443487428
AAPL,2014-10,2014-10-31,Information Technology,108.0,0.08108108108108092,0.12982529553300548,0.25798910441659006,0.4463330101404015,0.19082029443487428,0.20332405473660894,0.21551492706916053,0.0,-0.6184132211114001,14.03,-0.1291123525760397,-0.06893282630908115,-0.012503760301734668,0.10120370370370368,1,0.1340079689780894
AAPL,2014-11,2014-11-28,Information Technology,118.93,0.10797465995900879,0.1602926829268294,0.3242828239638069,0.5248569765444098,0.1340079689780894,0.2099815875791975,0.28616067002860746,-0.0005882352941175562,-2.184534835153929,13.33,-0.018409425625920517,-0.11879328436516257,-0.0759736186011081,-0.07189102833599603,0,0.23559415865310776
AAPL,2014-12,2014-12-31,Information Technology,110.38,-0.04075779960024328,0.11292599314377894,0.1807873341891313,0.3772434169810943,0.23559415865310776,0.20569036506348123,0.14388813151293656,-0.07243697478991595,-0.41065865793951745,19.2,0.29729729729729715,0.19535141117874932,0.029903793589626526,0.06142417104547926,1,0.378131937068522
AAPL,2015-01,2015-01-30,Information Technology,117.16,0.04123711340206193,0.09148500093161904,0.22552301255230134,0.6409561132478212,0.378131937068522,0.27351947375247454,0.17209537438903166,-0.01546218487394957,1.4662587140614676,20.97,0.25870348139255683,0.28986936400382723,0.10461246331604745,0.09644930010242403,1,0.22480910300015497
AAPL,2015-02,2015-02-27,Information Technology,128.46,0.11404041280027766,0.09234693877551026,0.25780867521785966,0.7041339110178375,0.22480910300015497,0.28522012590870927,0.23397583295890279,-0.034135338345864574,0.4084033063915728,13.34,-0.06713286713286715,-0.2133845001871958,-0.060411022908554296,-0.0313716331932119,0,0.22322800551194924
AAPL,2015-03,2015-03-31,Information Technology,124.43,-0.03609884576651945,0.09235361250109753,0.24293277394865664,0.6227791609228832,0.22322800551194924,0.27708332311918493,0.1510166125516339,-0.06443609022556385,-0.9170455357338916,15.29,0.12261380323054327,-0.07871304647225941,-0.05385531760723569,0.00578638591979419,1,0.19680319754282524
AAPL,2015-04,2015-04-30,Information Technology,125.15,0.00578638591979419,0.05256518082422201,0.17247517331834383,0.48460530139919444,0.19680319754282524,0.208375727408561,0.12052547998165553,-0.05902255639097742,1.4799267924176833,14.55,0.16586538461538458,-0.01691297912957679,-0.011572529865735759,0.040990811026767826,1,0.23796605148740077
AAPL,2015-05,2015-05-29,Information Technology,130.28,0.012748756218905699,0.01416783434532154,0.10782312925170068,0.4352996909720883,0.23796605148740077,0.21024818824371827,0.1330674086396999,-0.02045112781954883,0.2835345838122149,13.84,0.1428571428571428,-0.0047029815990137225,0.0277178632436825,-0.03726588885477433,0,0.11521192795263166
AAPL,2015-06,2015-06-30,Information Technology,125.425,-0.03914658903742296,0.007996463875271198,0.10108857870248444,0.3496717959754654,0.11521192795263166,0.18003071231807186,0.06275418349572615,-0.05695488721804509,0.12247987081545099,18.23,0.5053674649050373,0.3267677876228874,-0.0648187843654402,-0.03288818018736295,0,0.25127992174940433
AAPL,2015-07,2015-07-31,Information Technology,121.3,-0.041864139020537094,-0.05932531989143075,0.03533629224991475,0.2688284518828452,0.25127992174940433,0.19235379304476485,0.004504328250152234,-0.08796992481203014,-0.01655994980719008,12.12,-0.11790393013100442,-0.13751270755676048,0.05892612870463948,-0.07040395713107994,0,0.4358088747738968
AAPL,2015-08,2015-08-31,Information Technology,112.76,-0.07040395713107994,-0.13234841489689142,-0.12832405689548554,0.10009756097560985,0.4358088747738968,0.2941509809692589,-0.0725923105187285,-0.15218045112781953,0.2774020365385846,28.43,-0.30216003927344137,0.7715848507927716,0.1416578938046379,-0.02181624689606254,0,0.33160126988639393
AAPL,2015-09,2015-09-30,Information Technology,110.3,-0.02181624689606254,-0.12875197472353872,-0.11227364185110666,0.09478908188585611,0.33160126988639393,0.3425292452057644,-0.0911334422929474,-0.17067669172932332,0.42461623821564626,24.5,0.10709444193402629,0.2655996326604242,-0.010927975319370453,0.08340888485947429,1,0.2619477582700297
AAPL,2015-10,2015-10-30,Information Technology,119.5,0.09052746851615256,0.008949679162445046,-0.07148407148407143,0.11703122078893258,0.2619477582700297,0.34523629461977057,-0.018046174837905715,-0.10150375939849621,-0.41714537876010555,15.07,0.04218533886583664,-0.2563678801929946,-0.08328853634974087,-0.010041841004184149,0,0.22997358171031604
AAPL,2015-11,2015-11-30,Information Technology,118.3,-0.018501617854476127,0.04913089748137622,-0.08971991381963684,-0.005297233666862966,0.22997358171031604,0.27567310183067856,-0.02886938190573507,-0.1105263157894737,-0.5160555578601349,16.13,0.04266321913380722,-0.15703158051912514,-0.04569952012036252,-0.1102282333051563,0,0.24787858380943592
AAPL,2015-12,2015-12-31,Information Technology,105.26,-0.10294869609681268,-0.03942325241832445,-0.1675102815564694,-0.04638521471281021,0.24787858380943592,0.2503896830689542,-0.12325818780316045,-0.20857142857142852,0.009433987279174999,18.21,0.16955684007707128,0.07460799190692957,-0.0025110992595182846,-0.07524225726771805,0,0.4183495051739483
AAPL,2016-01,2016-01-29,Information Technology,97.34,-0.10483722641162396,-0.1838685335792739,-0.20454359728691673,-0.18132884777123637,0.4183495051739483,0.306277006126867,-0.17124631689270997,-0.26812030075187965,0.893350222008338,20.2,-0.09579230080572965,0.0595464082325905,0.11207249904708133,-0.006677624820217831,0,0.25673548265706464
AAPL,2016-02,2016-02-29,Information Technology,96.69,0.027633117228185622,-0.18080149114631872,-0.14373007438894791,-0.24731433909388145,0.25673548265706464,0.3049547362054309,-0.15388650843203866,-0.27108933283075765,-0.6169100152393683,20.55,0.06037151702786381,-0.025692547355112505,-0.04821925354836626,0.12721067328575852,1,0.15395935577878928
AAPL,2016-03,2016-03-31,Information Technology,108.99,0.08415398388540729,0.002299061982711015,-0.0006418485237484894,-0.12408583139114371,0.15395935577878928,0.30076218834032475,-0.022417836322482843,-0.17836411609498692,-1.4133855456886437,13.95,-0.0662650602409639,-0.316155186902798,-0.14680283256153548,-0.13992109367831906,0,0.2832252762094647
AAPL,2016-04,2016-04-29,Information Technology,93.74,-0.13992109367831906,-0.03698376823505245,-0.21405215058271154,-0.25097882540950867,0.2832252762094647,0.24887225500093751,-0.14370465575196134,-0.29274181379206277,2.0182355261369,15.7,0.18759455370650513,-0.10027016455477444,0.03435302120852718,0.06528696394282063,1,0.2086234287726613
AAPL,2016-05,2016-05-31,Information Technology,99.86,0.06528696394282063,-0.006664677210782899,-0.15236397589338768,-0.23499444593404062,0.2086234287726613,0.23207314758074413,-0.06399158473507682,-0.24388581812675092,0.414371219264665,14.19,-0.10303413400758543,-0.05219465648854971,-0.02344971880808283,-0.042659723613058365,0,0.1821924212246707
AAPL,2016-06,2016-06-30,Information Technology,95.6,-0.029047328864513555,-0.13083007546140557,-0.10920611256056656,-0.24486571879936814,0.1821924212246707,0.2347055962742749,-0.08969785062522573,-0.27614144014537745,-0.14326638074583503,15.63,-0.0939130434782608,-0.005524359699442427,-0.052513175049604205,0.09006276150627612,1,0.2551050460794554
AAPL,2016-07,2016-07-29,Information Technology,104.21,0.10391949152542357,0.11169191380413901,0.07057735771522489,-0.1484023862057695,0.2551050460794554,0.2191959828347277,0.005447177239130463,-0.14979195561719838,-0.8086870172786151,11.87,-0.012479201331114798,-0.22596571854428027,0.0359090632447277,0.018136455234622373,1,0.10763328491866678
AAPL,2016-08,2016-08-31,Information Technology,106.1,0.015505359877488356,0.08575521899304128,0.045320197044334876,-0.015038989974006767,0.10763328491866678,0.19601349365618032,0.034109784739960514,-0.1343721954801338,-0.1110053486094011,13.42,-0.0022304832713754275,-0.07252322915409681,-0.08838020873751354,0.06550424128180965,1,0.2638923703604276
AAPL,2016-09,2016-09-30,Information Technology,113.05,0.06550424128180965,0.1789550526645114,0.01736861051115901,0.031666362474904064,0.2638923703604276,0.2228725966766611,0.10823772066723647,-0.07766990291262132,0.2563480497139161,13.29,0.08136696501220508,0.0060922855082912175,0.041019773683766525,0.004334365325077583,1,0.12814847202487745
AAPL,2016-10,2016-10-31,Information Technology,113.54,0.004334365325077583,0.08671516079632458,0.19289766757722204,-0.049874476987447625,0.12814847202487745,0.1786423441719677,0.09959605292084439,-0.07367218732153047,-0.5382086403200042,17.06,0.31029185867895537,0.2435553292914332,-0.05049387214709025,-0.026598555575127802,0,0.21210867957204382
AAPL,2016-11,2016-11-30,Information Technology,110.52,-0.026598555575127802,0.04165881244109326,0.1309864920180106,-0.05812169763081654,0.21210867957204382,0.20764205364928304,0.05536513083920713,-0.07149458119801733,0.10436671424596472,13.33,0.07413376309427888,-0.09198148909024073,0.004466625922760786,0.047955121245023546,1,0.11848232832127875
AAPL,2016-12,2016-12-30,Information Technology,115.82,0.047955121245023546,0.024502432551968045,0.2078423193242256,0.10032300969029051,0.11848232832127875,0.15765070836650766,0.09042876201218086,-0.020549682875264375,0.04059962454284371,14.04,0.22834645669291342,-0.004109573617663287,-0.03916838004522891,0.047746503194612266,1,0.08840336169825828
AAPL,2017-01,2017-01-31,Information Technology,121.35,0.03957851452068861,0.06709461836088626,0.14427157001414415,0.25842580109924285,0.08840336169825828,0.14793604778275116,0.13093496215305422,-0.004920049200492049,1.6885146966393352,11.99,0.08310749774164417,-0.09113113787585259,-0.05953268608449287,0.1288833951380306,1,0.21430241688808718
AAPL,2017-02,2017-02-28,Information Technology,136.99,0.12332923329233303,0.22542266750156537,0.2809986908546849,0.41679594580618473,0.21430241688808718,0.1502492585146048,0.23784289678189308,-0.0008752096856539104,-0.5271590826919762,12.92,0.11668107173725151,0.08160255132549343,0.06405315837348238,0.04868968537849461,1,0.11181375479979473
AAPL,2017-03,2017-03-31,Information Technology,143.66,0.033822682786413205,0.23070333247665542,0.28062043144945603,0.3061187380670971,0.11181375479979473,0.15337860983062673,0.24217936504539606,-0.003191784623924554,-0.9201490468689341,12.37,-0.04552469135802484,0.054632311148401724,-0.041564855030832,-6.96087985521121e-05,0,0.08937733611473653
AAPL,2017-04,2017-04-28,Information Technology,143.65,-0.003261171246183747,0.1779417794177942,0.24275456354355907,0.5148159865021618,0.08937733611473653,0.15614766279288683,0.19557417002163335,-0.007736409477101636,-0.3624837202002306,10.82,-0.2604237867395762,-0.11032511518030774,-0.0667703266781503,0.06341802993386692,1,0.18601271930397825
AAPL,2017-05,2017-05-31,Information Technology,152.76,0.04216127711829709,0.09278203018813924,0.3691852648561442,0.5297416382936109,0.18601271930397825,0.140083480463024,0.2168468285292271,-0.021396540679051945,0.13544073787249322,10.41,-0.028917910447761264,-0.12517507703389497,0.04592923884095426,-0.05721393034825861,0,0.2321413153470477
AAPL,2017-06,2017-06-30,Information Technology,144.02,-0.05979892936414677,0.002505916747876924,0.2337873725691768,0.5064853556485358,0.2321413153470477,0.18400486469845764,0.10826665579074524,-0.07738629083920556,-0.2759255593157877,11.18,0.11576846307385225,-0.021559747728725043,0.04813645064859007,0.03270379114011934,1,0.12250195413046322
AAPL,2017-07,2017-07-31,Information Technology,148.73,0.035147550111358505,0.014667758220766602,0.2228068733042834,0.4272142788599942,0.12250195413046322,0.18613738080866798,0.1150744791855074,-0.04721332479180018,-0.7695191309806846,10.26,0.088016967126193,-0.028657299571718253,-0.06363542667820477,0.10266926645599406,1,0.19713959344198742
AAPL,2017-08,2017-08-31,Information Technology,164.0,0.043655339187985254,0.055001608234158894,0.17327228501931602,0.5457115928369463,0.19713959344198742,0.23047733407901871,0.1827233683961531,0.0,0.14412376323847823,10.59,-0.13409648405560104,-0.03642455841361081,-0.03333774063703129,-0.06024390243902433,0,0.1620840639516984
AAPL,2017-09,2017-09-29,Information Technology,154.12,-0.05650443832262009,0.07012914872934317,0.07281080328553524,0.3738634337671598,0.1620840639516984,0.21182912187882758,0.07537366740482887,-0.060530326120085354,0.023194552927266077,9.51,-0.008342022940563076,-0.13105338728625504,-0.04974505792712919,0.09680768232546066,1,0.19028890517294988
AAPL,2017-10,2017-10-31,Information Technology,169.04,0.09901826929328394,0.07572864961181125,0.14946280429756564,0.4888145147084726,0.19028890517294988,0.18722700280250254,0.14387546346867852,0.0,0.9465068696577568,10.18,-0.08781362007168458,-0.06590541662418625,0.0030619023704473447,0.01662328442972072,1,0.18944013325689166
AAPL,2017-11,2017-11-30,Information Technology,171.85,0.01662328442972072,0.04786585365853657,0.10550016082341585,0.5549221860296778,0.18944013325689166,0.1843751688611757,0.12618202830396563,-0.02490921470721752,1.1886843510019174,11.28,0.1417004048582995,0.08848622237198822,0.005064964395715965,-0.01524585394239164,0,0.15514058833679248
AAPL,2017-12,2017-12-29,Information Technology,169.23,-0.0014751003068208535,0.09804048793148179,0.17504513262046917,0.44975584682600855,0.15514058833679248,0.17742087272535173,0.08510887958003721,-0.04075501643804558,0.1750592977200249,11.04,0.14760914760914767,0.07101940252540806,-0.02228028438855925,-0.010636411983690697,0,0.16091443550431714
AAPL,2018-01,2018-01-31,Information Technology,167.43,-0.010636411983690697,0.004258637236084439,0.05574121949681565,0.3797280593325094,0.16091443550431714,0.1666196517065876,0.05117369447717879,-0.06599352895235966,0.5253581149416509,13.54,0.18047079337401906,0.27481954179307455,-0.005705216202270463,-0.047124171295466866,0,0.273599650055511
AMT,2014-02,2014-02-28,Real Estate,81.47,0.02400703871292098,0.04408560809944895,0.179186568244319,0.0498711340206186,0.19973354469787238,0.1780798342454667,0.06208372823067321,-0.03745274102079399,0.6314169495074383,14.0,-0.0463215258855586,-0.03891207462052271,0.02165371045240569,0.004909782742113622,1,0.1423257196482587
AMT,2014-03,2014-03-31,Real Estate,81.87,0.004909782742113622,0.03869576249682827,0.09863123993558798,0.05299035369774918,0.1423257196482587,0.17871937875600113,0.0650760559532444,-0.03272684310018903,-0.2289912770578103,13.88,-0.08018555334658706,-0.06159855769230771,-0.03639365910774245,0.02015390252839855,1,0.10177494884661531
AMT,2014-04,2014-04-30,Real Estate,83.52,0.02015390252839855,0.04977375565610842,0.04009962640099629,-0.005595904274318331,0.10177494884661531,0.15094685071983885,0.07445405718328879,-0.013232514177693777,0.25119495141233633,13.41,0.010550113036925435,-0.10063234542667343,-0.04917190187322354,0.07315613026819934,1,0.14960276247001894
AMT,2014-05,2014-05-30,Real Estate,89.63,0.07315613026819934,0.10015956793911873,0.1486607714981416,0.13786974736574842,0.14960276247001894,0.1325096281084714,0.12813657966811665,0.0,-0.4407487998339155,11.4,-0.052369077306733125,-0.1761021440616719,0.01709313436154755,0.0039049425415598193,1,0.10157178393657615
AMT,2014-06,2014-06-30,Real Estate,89.98,0.0039049425415598193,0.09905948454867475,0.1415884293326568,0.22973896405630723,0.10157178393657615,0.11986301592200224,0.10546651841932309,-0.0048661800486617945,0.7144346531008967,11.57,0.05373406193078312,-0.0917122528068186,-0.018291231985426093,0.049010891309179794,1,0.19268237295785742
AMT,2014-07,2014-07-31,Real Estate,94.39,0.0521680972020957,0.09463063898875101,0.1627248090662723,0.3333804209634128,0.19268237295785742,0.13875172621934367,0.13193880646952372,-0.0193246753246753,1.6661178025384804,16.95,0.4315878378378377,0.4020771513353114,0.05393064673851375,0.04460218243457992,1,0.12825235119105405
AMT,2014-08,2014-08-29,Real Estate,98.6,0.04460218243457992,0.11551080438963668,0.21041001718634922,0.4148371358875018,0.12825235119105405,0.1413390984010752,0.1551551434278584,-0.011826017237923536,1.2909597364192709,11.98,0.04446381865736693,-0.038106647634584045,-0.013086747210021149,-0.05040567951318453,0,0.11338943157247733
AMT,2014-09,2014-09-30,Real Estate,93.63,-0.05040567951318453,0.04369635492141355,0.14728587182943254,0.26305139619587203,0.11338943157247733,0.15070946775571611,0.0731238241397274,-0.06163559831629595,1.6749977476749802,16.31,0.09243134628265226,0.24473652331920048,-0.037320036183238786,0.041332906119833535,1,0.24363244249019952
AMT,2014-10,2014-10-31,Real Estate,97.5,0.04289228794523492,0.02030138133110082,0.10294117647058809,0.22873345935727807,0.24363244249019952,0.17094909719922083,0.09601113772138725,-0.02285027059530964,2.364426389479507,14.03,-0.1291123525760397,-0.06893282630908115,0.0726833452909787,0.07702564102564113,1,0.21323618555652676
AMT,2014-11,2014-11-28,Real Estate,105.01,0.10478695423461337,0.06501014198782973,0.1880303201719653,0.3399259920888096,0.21323618555652676,0.1692176968435267,0.15643348029652548,0.0,-2.2442360870202527,13.33,-0.018409425625920517,-0.11879328436516257,0.04401848871300007,-0.058661079897152746,0,0.1496553634552731
AMT,2014-12,2014-12-31,Real Estate,98.85,-0.04483524978258768,0.057784911717496,0.10151548919099618,0.23841142570784268,0.1496553634552731,0.18023530999786183,0.06515953148066322,-0.058661079897152746,-0.9121245801155315,19.2,0.29729729729729715,0.19535141117874932,-0.03057994654258872,-0.019221041982802167,0,0.18681866525945778
AMT,2015-01,2015-01-30,Real Estate,96.95,-0.03378513055610921,0.019989479221462547,0.027121517109863325,0.1942596698694259,0.18681866525945778,0.18886494045338895,0.02558569194240845,-0.07675459480049518,0.04269135650252201,20.97,0.25870348139255683,0.28986936400382723,-0.002046275193931163,0.022588963383187277,1,0.25055019486542
AMT,2015-02,2015-02-27,Real Estate,99.14,0.002629449838187803,-0.04828645483344529,0.003441295546558809,0.21703903756444887,0.25055019486542,0.19573383722264684,0.036692038468657096,-0.05589943814874776,1.3035533811451263,13.34,-0.06713286713286715,-0.2133845001871958,0.05481635764277318,-0.050332862618519214,0,0.23039756413772297
AMT,2015-03,2015-03-31,Real Estate,94.15,-0.052816901408450745,-0.06439431581039445,0.006413682522715236,0.14999389275680963,0.23039756413772297,0.219551378159336,-0.023727112285380603,-0.10341872202647362,1.2688298436071543,15.29,0.12261380323054327,-0.07871304647225941,0.010846185978386963,0.004036112586298435,1,0.17541806196573062
AMT,2015-04,2015-04-30,Real Estate,94.53,0.004036112586298435,-0.039524486892907995,-0.019398340248962698,0.13182471264367823,0.17541806196573062,0.2184010478193784,-0.02605280415501343,-0.09980001904580516,1.1611174181690338,14.55,0.16586538461538458,-0.01691297912957679,-0.04298298585364779,-0.018406854966677155,0,0.17036979799320462
AMT,2015-05,2015-05-29,Real Estate,92.79,-0.007699711260827691,-0.06405083719991922,-0.10924450417586629,0.03815171179234733,0.17036979799320462,0.19039588614556785,-0.043919035531818085,-0.11636986953623463,2.686015832043656,13.84,0.1428571428571428,-0.0047029815990137225,-0.02002608815236323,0.005388511693070308,1,0.1815579226005718
AMT,2015-06,2015-06-30,Real Estate,93.29,-0.00997559163748274,-0.009134360063728142,-0.07294047500745293,0.03678595243387428,0.1815579226005718,0.1744837070029881,-0.03384094053704734,-0.1116084182458813,-0.32781441342553397,18.23,0.5053674649050373,0.3267677876228874,0.0070742155975836996,0.01950905777682488,1,0.13877930936605612
AMT,2015-07,2015-07-31,Real Estate,95.11,0.011700882884799535,0.017436884895164706,-0.01897885507993813,0.007627926687149067,0.13877930936605612,0.16269853010670193,-0.016921437438434772,-0.0942767355489954,0.6863734268482033,12.12,-0.11790393013100442,-0.13751270755676048,-0.023919220740645813,-0.030701293239407068,0,0.27790882139936723
AMT,2015-08,2015-08-31,Real Estate,92.19,-0.030701293239407068,-0.020817843866171137,-0.06196581196581197,-0.06501014198782962,0.27790882139936723,0.20537763379922763,-0.04765594130362372,-0.1220836110846587,-0.03229822093839222,28.43,-0.30216003927344137,0.7715848507927716,0.0725311876001396,-0.04566655819503196,0,0.19078994837516053
AMT,2015-09,2015-09-30,Real Estate,87.98,-0.04566655819503196,-0.06414211254121904,-0.08791208791208782,-0.06034390686745694,0.19078994837516053,0.20786521321237678,-0.0790930144316947,-0.16217503094943342,0.05179123821962871,24.5,0.10709444193402629,0.2655996326604242,-0.017075264837216247,0.16196862923391686,1,0.21770861684187706
AMT,2015-10,2015-10-30,Real Estate,102.23,0.1567096628196425,0.07204278523489949,0.08019864750633987,0.024964908762783233,0.21770861684187706,0.2375030866380573,0.07351019351640997,-0.026473669174364334,1.228692496973534,15.07,0.04218533886583664,-0.2563678801929946,-0.019794469796180242,-0.027878313606573446,0,0.17149011765912067
AMT,2015-11,2015-11-30,Real Estate,99.38,-0.025304040800313787,0.07799110532595721,0.055549654806160254,-0.05361394152937826,0.17149011765912067,0.20225475602986814,0.04194406758692115,-0.044974053430713146,-0.11468171955866663,16.13,0.04266321913380722,-0.15703158051912514,-0.03076463837074747,-0.024451599919500855,0,0.20054588731579673
AMT,2015-12,2015-12-31,Real Estate,96.95,-0.041711969951566674,0.09696763973749722,0.021494046991887172,-0.019221041982802167,0.20054588731579673,0.20760110507665588,0.015958779005125212,-0.06832596578896788,-0.4108139616001871,18.21,0.16955684007707128,0.07460799190692957,-0.007055217760859156,-0.026921093347086145,0,0.31026282971357677
AMT,2016-01,2016-01-29,Real Estate,94.34,-0.05100090534151491,-0.06473678992762966,-0.006424433912585514,-0.04145498882340981,0.31026282971357677,0.23388772872832708,-0.008681132944854952,-0.09340764943301938,0.7483846131538812,20.2,-0.09579230080572965,0.0595464082325905,0.07637510098524969,-0.022683909264362923,0,0.27883049403521026
AMT,2016-02,2016-02-29,Real Estate,92.2,-0.003350989082261391,-0.06953274800686249,-0.01779056141472246,-0.07000201734920308,0.27883049403521026,0.2612830527176607,-0.024696235718860704,-0.11397270805304627,1.2309544312555158,20.55,0.06037151702786381,-0.025692547355112505,0.01754744131754954,0.11030368763557474,1,0.18222957676315388
AMT,2016-03,2016-03-31,Real Estate,102.37,0.08099260823653642,0.02977567649129864,0.1765314331686012,0.08730748805098254,0.18222957676315388,0.2642374587415616,0.0772608719215011,-0.01624063040553525,-1.0597876053397288,13.95,-0.0662650602409639,-0.316155186902798,-0.08200788197840775,0.024518902022076627,1,0.15062092092359236
AMT,2016-04,2016-04-29,Real Estate,104.88,0.024518902022076627,0.11172355310578741,0.039754138990780064,0.10948905109489049,0.15062092092359236,0.2122386219934534,0.091540354105349,-0.012708274498729244,0.702179085230409,15.7,0.18759455370650513,-0.10027016455477444,-0.06161770106986103,0.008581235697940448,1,0.13108633687488372
AMT,2016-05,2016-05-31,Real Estate,105.78,0.008581235697940448,0.11700105596620913,0.061195826645264795,0.12257242916268707,0.13108633687488372,0.15522967552709796,0.09129118068977893,-0.01306213845866766,0.8067620119000982,14.19,-0.10303413400758543,-0.05219465648854971,-0.02414333865221424,0.07402155416903011,1,0.18272191555693115
AMT,2016-06,2016-06-30,Real Estate,113.61,0.07717834455295347,0.08717703349282302,0.1581039755351683,0.20848845867460897,0.18272191555693115,0.15058472861264485,0.15170561102944902,0.0,2.1934340284218905,15.63,-0.0939130434782608,-0.005524359699442427,0.0321371869442863,0.019012410879323927,1,0.11162915881868593
AMT,2016-07,2016-07-29,Real Estate,115.77,0.024513274336283253,0.10383295194508002,0.22715709137163453,0.2192733017377566,0.11162915881868593,0.14433513389700295,0.14465550585527343,-0.017566191446028556,1.005344116771872,11.87,-0.012479201331114798,-0.22596571854428027,-0.03270597507831702,-0.020644381100457854,0,0.09816203715310991
AMT,2016-08,2016-08-31,Real Estate,113.38,-0.028781908514647903,0.06400150150150141,0.18971668415529908,0.25935799178051755,0.09816203715310991,0.137785588561028,0.1004930282533969,-0.03784792939579096,1.1656110908106287,13.42,-0.0022304832713754275,-0.07252322915409681,-0.03962355140791808,-0.00044099488445936696,0,0.25310882807537993
AMT,2016-09,2016-09-30,Real Estate,113.33,-0.00044099488445936696,-0.002376760563380209,0.08242597898758364,0.28230368861733424,0.25310882807537993,0.1687331873646931,0.08453445069186571,-0.03827223353699938,1.4673876203598177,13.29,0.08136696501220508,0.0060922855082912175,0.08437564071068684,0.034059825288978995,1,0.1774200837725507
AMT,2016-10,2016-10-31,Real Estate,117.19,0.034059825288978995,0.0038547198903546853,0.1250960061443933,0.14633669177345188,0.1774200837725507,0.1852553049866286,0.10250554474959839,-0.005515953835709464,0.1920508152251899,17.06,0.31029185867895537,0.2435553292914332,-0.007835221214077898,-0.1273146172881645,0,0.31742464334908255
AMT,2016-11,2016-11-30,Real Estate,102.27,-0.1273146172881645,-0.09798906332686541,-0.04025900900900903,0.010872788376000697,0.31742464334908255,0.2575538317390304,-0.055227220763384044,-0.13212830957230148,2.088151666195698,13.33,0.07413376309427888,-0.09198148909024073,0.059870811610052144,0.03334311137185897,1,0.14065355383040767
AMT,2016-12,2016-12-30,Real Estate,105.68,0.03334311137185897,-0.06750198535251029,-0.06971830985915484,0.09004641567818461,0.14065355383040767,0.22932136285368618,-0.034004980797558204,-0.10319076714188724,-0.7723715758715651,14.04,0.22834645669291342,-0.004109573617663287,-0.0886678090232785,-0.020628311884935746,0,0.112797791691945
AMT,2017-01,2017-01-31,Real Estate,103.5,-0.02716420716232726,-0.10875742702144142,-0.11568694463431306,0.11170784103114939,0.112797791691945,0.21468878402205702,-0.054992152326134636,-0.12169042769857441,-1.0628493043639864,11.99,0.08310749774164417,-0.09113113787585259,-0.10189099233011202,0.10908212560386477,1,0.1554002765369265
AMT,2017-02,2017-02-28,Real Estate,114.79,0.10566364862261612,0.06980428704566655,0.013777267508610747,0.24501084598698486,0.1554002765369265,0.15955587819057318,0.04576390005525344,-0.025882552613713528,0.8542920826459102,12.92,0.11668107173725151,0.08160255132549343,-0.004155601653646673,0.05880303162296374,1,0.09744310212663279
AMT,2017-03,2017-03-31,Real Estate,121.54,0.05861858723107738,0.142400601560297,0.07102573140641533,0.1630622009569378,0.09744310212663279,0.1295712211678471,0.09550665605471598,0.0,0.9866509360146072,12.37,-0.04552469135802484,0.054632311148401724,-0.03212811904121432,0.036202073391476075,1,0.11373505322749708
AMT,2017-04,2017-04-28,Real Estate,125.94,0.04048248512888297,0.21306106723174723,0.08878706665513958,0.209449726303659,0.11373505322749708,0.12637985391011217,0.1239098569678796,0.0,0.9473623363597073,10.82,-0.2604237867395762,-0.11032511518030774,-0.012644800682615087,0.0416865173892329,1,0.144064650678001
AMT,2017-05,2017-05-31,Real Estate,131.19,0.028860481530860183,0.15240688685874915,0.23635849590048053,0.24021554169030068,0.144064650678001,0.12052376143110718,0.1571793367763219,-0.007039055404178041,0.678302826076421,10.41,-0.028917910447761264,-0.12517507703389497,0.02354088924689382,0.008613461391874244,1,0.1333287045678069
AMT,2017-06,2017-06-30,Real Estate,132.32,0.0037169081392700587,0.08869507980911617,0.24372591408966993,0.16468620720007032,0.1333287045678069,0.13118202289221856,0.14709658515102886,-0.02526703499079197,0.8178517353192245,11.18,0.11576846307385225,-0.021559747728725043,0.0021466816755883467,0.030305320435308536,1,0.18669048663912077
AMT,2017-07,2017-07-31,Real Estate,136.33,0.02642674296039771,0.06917104540820329,0.32346374138433176,0.1775935043620973,0.18669048663912077,0.1539902132205376,0.15759777022537635,-0.014529420268902582,1.119424880073245,10.26,0.088016967126193,-0.028657299571718253,0.03270027341858317,0.0859678720751118,1,0.12827265669487933
AMT,2017-08,2017-08-31,Real Estate,148.05,0.0730593607305936,0.11744282587365085,0.27993429584161844,0.30578585288410665,0.12827265669487933,0.15168809857251409,0.22423008083391527,0.0,1.295294230956437,10.59,-0.13409648405560104,-0.03642455841361081,-0.02341544187763475,-0.07679837892603858,0,0.1738071221949175
AMT,2017-09,2017-09-29,Real Estate,136.68,-0.07348156182212584,0.032950423216445035,0.12456804344248806,0.20444131124427223,0.1738071221949175,0.17002328009021858,0.09617078064875217,-0.07679837892603858,0.09729756551336032,9.51,-0.008342022940563076,-0.13105338728625504,0.0037838421046989257,0.05114135206321313,1,0.14544761901798986
AMT,2017-10,2017-10-31,Real Estate,143.67,0.057485646989547945,0.04131332898456175,0.1331335278807475,0.22595784623261372,0.14544761901798986,0.1566668927058286,0.11946534952027066,-0.02958459979736594,1.4940744615919659,10.18,-0.08781362007168458,-0.06590541662418625,-0.011219273687838732,0.0018097027911185837,1,0.2567476665981072
AMT,2017-11,2017-11-30,Real Estate,143.93,0.0018097027911185837,-0.027828436339074614,0.08634613933127033,0.40735308497115486,0.2567476665981072,0.19901803101763316,0.08360053814886714,-0.057556312205343074,2.26232235428959,11.28,0.1417004048582995,0.08848622237198822,0.05772963558047406,-0.008754255540888045,0,0.17586734578434327
AMT,2017-12,2017-12-29,Real Estate,142.67,-0.024812030075188174,0.043824992683640485,0.07821946795646917,0.34100949337343733,0.17586734578434327,0.19426340865206457,0.05119597764836237,-0.06580670508119446,-1.5405402404886899,11.04,0.14760914760914767,0.07101940252540806,-0.018396062867721302,0.035256185603140144,1,0.21199879503611482
AMT,2018-01,2018-01-31,Real Estate,147.7,0.035256185603140144,0.03380695737383621,0.07052257737189227,0.4270531400966182,0.21199879503611482,0.21230789263487046,0.07191403786461947,-0.03287061288632798,1.150423708979202,13.54,0.18047079337401906,0.27481954179307455,-0.0003090975987556366,-0.05213270142180082,0,0.22314947199442342
BA,2014-02,2014-02-28,Industrials,128.92,-0.006626598859608701,-0.0434782608695653,0.24837803815241588,0.6764629388816643,0.24454242774346507,0.2167423438510289,0.08610947531948487,-0.10701669321881291,-0.08369261785807305,14.0,-0.0463215258855586,-0.03891207462052271,0.027800083892436184,-0.026605646912814085,0,0.17486760622334258
BA,2014-03,2014-03-31,Industrials,125.49,-0.026605646912814085,-0.08334550766983206,0.05684689236988372,0.4720234604105571,0.17486760622334258,0.22587857622809424,0.033945785614237334,-0.13077509177807034,-1.2910630252047222,13.88,-0.08018555334658706,-0.06159855769230771,-0.05101097000475166,0.028129731452705586,1,0.21810405496282362
BA,2014-04,2014-04-30,Industrials,129.02,0.028129731452705586,-0.005856064108491266,-0.0066214967662456825,0.41144294934908676,0.21810405496282362,0.21166368898069707,0.041113156702377696,-0.10632402853778478,-1.4116259718338473,13.41,0.010550113036925435,-0.10063234542667343,0.00644036598212655,0.048287087273290785,1,0.1305911017357342
BA,2014-05,2014-05-30,Industrials,135.25,0.048287087273290785,0.04910021718895452,0.003487164267695464,0.34523572707380135,0.1305911017357342,0.17685978614557668,0.06815837649403966,-0.06317101890974586,-0.8628029425736152,11.4,-0.052369077306733125,-0.1761021440616719,-0.04626868440984247,-0.059297597042513805,0,0.1418064128160369
BA,2014-06,2014-06-30,Industrials,127.23,-0.059297597042513805,0.013865646665073061,-0.07063550036523014,0.24199531433033972,0.1418064128160369,0.16920396455929454,-0.017513025307746122,-0.11872272632818448,1.80294116334698,11.57,0.05373406193078312,-0.0917122528068186,-0.027397551743257642,-0.0530535251120019,0,0.17247386071052692
BA,2014-07,2014-07-31,Industrials,120.48,-0.05985173624658602,-0.06212050443717887,-0.04781474749071368,0.14633682207421517,0.17247386071052692,0.15274594208837983,-0.07684103092214745,-0.16547759229756875,1.0718133532208713,16.95,0.4315878378378377,0.4020771513353114,0.019727918622147095,0.052456839309428904,1,0.15506926310486785
BA,2014-08,2014-08-29,Industrials,126.8,0.052456839309428904,-0.06696100073583522,-0.011074715333021401,0.2084246640617553,0.15506926310486785,0.1600373257954593,-0.024839296515376974,-0.1217011844566046,-0.6042265227660693,11.98,0.04446381865736693,-0.038106647634584045,-0.0049680626905914405,0.004574132492113581,1,0.14652674383025255
BA,2014-09,2014-09-30,Industrials,127.38,0.004574132492113581,-0.006008583690987224,-0.006473753997348175,0.08408510638297861,0.14652674383025255,0.15974082536917086,-0.015045721735338136,-0.11768372930664273,0.09699408270159895,16.31,0.09243134628265226,0.24473652331920048,-0.013214081538918315,-0.01939079918354525,0,0.26422433565149
BA,2014-10,2014-10-31,Industrials,124.91,0.005959571555125942,0.04152422246310339,-0.05342528038799643,-0.04283524904214564,0.26422433565149,0.19864982383402735,-0.02139441307168244,-0.13479254692803222,0.6424422089417136,14.03,-0.1291123525760397,-0.06893282630908115,0.06557451181746266,0.07565447121927793,1,0.12000317597989585
BA,2014-11,2014-11-28,Industrials,134.36,0.09164770880728002,0.05962145110410111,-0.011331861662987386,-0.0026722090261281917,0.12000317597989585,0.19187911357279938,0.05427400374206082,-0.06933573457089415,-1.7493256199889147,13.33,-0.018409425625920517,-0.11879328436516257,-0.07187593759290353,-0.03259898779398651,0,0.21425371973179497
BA,2014-12,2014-12-31,Industrials,129.98,-0.01820379182717724,0.042592444052298006,0.01849239931045288,-0.04769580189024847,0.21425371973179497,0.2094978920839512,0.018953091940173472,-0.09967444759991695,-0.9626238609053577,19.2,0.29729729729729715,0.19535141117874932,0.004755827647843769,0.11840283120480088,1,0.31806918435848475
BA,2015-01,2015-01-30,Industrials,145.37,0.10270803307289689,0.18110172245693867,0.2065903054448872,0.14889749466529678,0.31806918435848475,0.23195494917308673,0.13202404684774494,-0.016308025443226404,2.3479089416972285,20.97,0.25870348139255683,0.28986936400382723,0.08611423518539801,0.037696911329710314,1,0.26648134350577857
BA,2015-02,2015-02-27,Industrials,150.85,0.08027785734746495,0.11898227134485562,0.17667706708268338,0.1733820784069695,0.26648134350577857,0.24073627219633068,0.15692851393548568,-0.04712273387657129,-0.004927526455892089,13.34,-0.06713286713286715,-0.2133845001871958,0.025745071309447892,-0.005104408352668122,0,0.1866446865959267
BA,2015-03,2015-03-31,Industrials,150.08,-0.024187256176853023,0.13447728475319387,0.1654888561000234,0.19595186867479497,0.1866446865959267,0.23601838696387872,0.1331098270172857,-0.05198660855283932,-0.8940650487712283,15.29,0.12261380323054327,-0.07871304647225941,-0.04937370036795202,-0.04490938166311309,0,0.15562139761382104
BA,2015-04,2015-04-30,Industrials,143.34,-0.04490938166311309,-0.03004466098254155,0.1596149178869024,0.11099054410168963,0.15562139761382104,0.17717399030718545,0.06417098007073707,-0.09456130377108207,0.6152581564627351,14.55,0.16586538461538458,-0.01691297912957679,-0.021552592693364403,-0.019673503557974037,0,0.17776671130952248
BA,2015-05,2015-05-29,Industrials,140.52,-0.03852206637016764,-0.06847862114683445,0.04235590831540703,0.03981056681959472,0.17776671130952248,0.17256092594359046,0.026872460131230902,-0.11237445518286904,1.6858497292179067,13.84,0.1428571428571428,-0.0047029815990137225,0.005205785365932025,-0.012809564474807966,0,0.15571264349152597
BA,2015-06,2015-06-30,Industrials,138.72,-0.017911504424778735,-0.07569296375266532,0.04860533676014822,0.0903088894128743,0.15571264349152597,0.1574571685493044,0.0008932423832688219,-0.1237445518286906,-0.08835268486811738,18.23,0.5053674649050373,0.3267677876228874,-0.0017445250577784177,0.039287773933102565,1,0.17596941873697497
BA,2015-07,2015-07-31,Industrials,144.17,0.024443970724081554,-0.003456141563558446,-0.00825479810139651,0.1966301460823372,0.17596941873697497,0.1660587085420294,0.02540831941358901,-0.08931842587328664,-0.09623830493439221,12.12,-0.11790393013100442,-0.13751270755676048,0.009910710194945577,-0.09357009086495094,0,0.30601991808423457
BA,2015-08,2015-08-31,Industrials,130.68,-0.09357009086495094,-0.08774869109947636,-0.15999228643054564,0.030599369085173578,0.30601991808423457,0.2224544760140148,-0.08098325227705938,-0.17453098351335983,0.6807895323264327,28.43,-0.30216003927344137,0.7715848507927716,0.08356544207021976,0.0020661157024792765,1,0.23767962389418637
BA,2015-09,2015-09-30,Industrials,130.95,0.0020661157024792765,-0.06949477723299935,-0.11901237890204519,0.02802637776731043,0.23767962389418637,0.24494978207007526,-0.0805480621646405,-0.17282546901648677,-0.416393697303325,24.5,0.10709444193402629,0.2655996326604242,-0.007270158175888886,0.13073692248949986,1,0.23788137383342106
BA,2015-10,2015-10-30,Industrials,148.07,0.13368042263226387,0.03048228825944732,0.028121094292459237,0.19584881279276378,0.23788137383342106,0.26734091315758274,0.03071685184115247,-0.06468321647400677,0.04760044993995726,15.07,0.04218533886583664,-0.2563678801929946,-0.029459539324161677,-0.017694333761059,0,0.12998532259834025
BA,2015-11,2015-11-30,Industrials,145.45,-0.011754314444897496,0.11302418120599933,0.015357766143106355,0.08253944626376875,0.12998532259834025,0.21021927037004923,0.009202161337045434,-0.08123302381403585,-0.13968371448047598,16.13,0.04266321913380722,-0.15703158051912514,-0.08023394777170897,-0.005912684771399057,0,0.25758918019487237
BA,2015-12,2015-12-31,Industrials,144.59,-0.021321240016244802,0.10703621468493973,0.031238856001711612,0.11240190798584404,0.25758918019487237,0.22019892142993377,0.009575219428475279,-0.08666540332259487,-1.0454988051482916,18.21,0.16955684007707128,0.07460799190692957,0.037390258764938594,-0.1691679922539595,0,0.42358249791726116
BA,2016-01,2016-01-29,Industrials,120.13,-0.18473023413640988,-0.18765215039220995,-0.15998881197119086,-0.18710244958722433,0.42358249791726116,0.3001280812492563,-0.14779811193263537,-0.24117238329859136,1.7230703693800031,20.2,-0.09579230080572965,0.0595464082325905,0.12345441666800488,-0.016232414883875723,0,0.3998833089055945
BA,2016-02,2016-02-29,Industrials,118.18,0.0014405558850945077,-0.19839924031743883,-0.10381436262986277,-0.2165727543917798,0.3998833089055945,0.367509191266297,-0.1435642308709657,-0.2411224555320104,-0.12151963768519844,20.55,0.06037151702786381,-0.025692547355112505,0.032374117639297484,0.07412421729565066,1,0.1949578238804027
BA,2016-03,2016-03-31,Industrials,126.94,0.05818606202067356,-0.1385137427892772,-0.014058252427184503,-0.15418443496801715,0.1949578238804027,0.3581732955778915,-0.06785753361888491,-0.17774323098847,0.9786263469511022,13.95,-0.0662650602409639,-0.316155186902798,-0.16321547169748882,0.06191901685835832,1,0.16482741218397315
BA,2016-04,2016-04-29,Industrials,134.8,0.06191901685835832,0.12211770581869663,-0.088450094671355,-0.059578624250034795,0.16482741218397315,0.26946672812499184,-0.00039450305962318577,-0.09772423025435073,-0.8568765593997121,15.7,0.18759455370650513,-0.10027016455477444,-0.10463931594101869,-0.06416913946587544,0,0.1958637416283229
BA,2016-05,2016-05-31,Industrials,126.15,-0.06416913946587544,0.05160053351117044,-0.14154474310990117,-0.10690265486725659,0.1958637416283229,0.18814019089381281,-0.05463483724956053,-0.1556224899598394,1.7882159998466802,14.19,-0.10303413400758543,-0.05219465648854971,0.007723550734510087,0.029488703923900017,1,0.30509387949536626
BA,2016-06,2016-06-30,Industrials,129.87,0.027371252274345448,0.022920604914933973,-0.11297042551738268,-0.07716904711148997,0.30509387949536626,0.22988348721421342,-0.02322097152922664,-0.13072289156626504,-0.10114980540688741,15.63,-0.0939130434782608,-0.005524359699442427,0.07521039228115284,0.029183029183029063,1,0.19006357964594778
BA,2016-07,2016-07-29,Industrials,133.66,0.05252382077328921,-0.00845697329376871,0.11262798634812299,-0.06538004335361158,0.19006357964594778,0.23132516355923377,0.007237019841423997,-0.1053547523427042,-0.4391221706732509,11.87,-0.012479201331114798,-0.22596571854428027,-0.04126158391328599,-0.031497830315726505,0,0.09897695270150578
BA,2016-08,2016-08-31,Industrials,129.45,-0.016337386018237088,0.020496649586125404,0.08226736894908449,0.015772128060263624,0.09897695270150578,0.20992194379727305,-0.014709710418274624,-0.13353413654618485,0.15016499821861257,13.42,-0.0022304832713754275,-0.07252322915409681,-0.11094499109576728,0.017690227887215304,1,0.18349900231144917
BA,2016-09,2016-09-30,Industrials,131.74,0.017690227887215304,0.015806924203870754,0.04274180782016779,0.008651711201286272,0.18349900231144917,0.1576391860156427,0.016089367119166198,-0.11820615796519407,0.012173999451256756,13.29,0.08136696501220508,0.0060922855082912175,0.02585981629580647,0.08114467891301036,1,0.20927985770725957
BA,2016-10,2016-10-31,Industrials,142.43,0.08114467891301036,0.08229483282674788,0.07502453015321908,-0.03809009252380624,0.20927985770725957,0.17047947150460355,0.10069594308189433,-0.04665327978580991,0.04075936594745365,17.06,0.31029185867895537,0.2435553292914332,0.03880038620265602,0.05708067120690852,1,0.17608906263961055
BA,2016-11,2016-11-30,Industrials,150.56,0.05708067120690852,0.1630745461568175,0.18691367757193533,0.019087586300257087,0.17608906263961055,0.18804184868420856,0.138752998907838,-0.007122131363756168,0.47712573586161483,13.33,0.07413376309427888,-0.09198148909024073,-0.011952786044598013,0.0340063761955367,1,0.10617309128499845
BA,2016-12,2016-12-30,Industrials,155.68,0.0340063761955367,0.1817215727948991,0.20040095612614706,0.07669963344629638,0.10617309128499845,0.1672470115691794,0.1463014328031591,-0.013497243520689373,-1.1284971454411554,14.04,0.22834645669291342,-0.004109573617663287,-0.061073920284180946,0.04971736896197321,1,0.19424556419253788
BA,2017-01,2017-01-31,Industrials,163.42,0.0496499454043291,0.14271729249702814,0.22678477591772372,0.34435669628167154,0.19424556419253788,0.161251037878572,0.17677217915279875,-0.03370387890255455,1.4450992890396208,11.99,0.08310749774164417,-0.09113113787585259,0.03299452631396588,0.10286378656223238,1,0.15024378441952974
BA,2017-02,2017-02-28,Industrials,180.23,0.07471675611210493,0.20121300986403634,0.3630038569159797,0.5250465391775256,0.15024378441952974,0.1486677870976559,0.2657810015563282,0.0,1.21930452593596,12.92,0.11668107173725151,0.08160255132549343,0.0015759973218738288,-0.01869832991177922,0,0.1072833987766169
BA,2017-03,2017-03-31,Industrials,176.86,-0.03349909831138309,0.13597533560280062,0.3497672288788829,0.3930371770636423,0.1072833987766169,0.15574522270156968,0.19458633412416315,-0.03833396770159303,-1.4623790660042149,12.37,-0.04552469135802484,0.054632311148401724,-0.04846182392495278,0.04506389234422703,1,0.13408947283555953
BA,2017-04,2017-04-28,Industrials,184.83,0.040533693632832435,0.10214669051878378,0.2699601484128076,0.3711424332344213,0.13408947283555953,0.13907446294192732,0.2094466796163772,0.0,-1.1386768163175907,10.82,-0.2604237867395762,-0.11032511518030774,-0.004984990106367798,0.01514905588919535,1,0.1574365540289423
BA,2017-05,2017-05-31,Industrials,187.63,0.028729645265639592,0.02022728508509597,0.25278760766508634,0.4873563218390804,0.1574365540289423,0.13715517727779897,0.18451002048256004,0.0,2.0988678538208907,10.41,-0.028917910447761264,-0.12517507703389497,0.020281376751143332,0.053935937749826746,1,0.13658779705323204
BA,2017-06,2017-06-30,Industrials,197.75,0.055680119581464904,0.11811602397376442,0.2701522255764661,0.5226765226765226,0.13658779705323204,0.1434675932669609,0.1966735199296823,-0.02215299411561089,-0.8112549918101291,11.18,0.11576846307385225,-0.021559747728725043,-0.0068797962137288615,0.22609355246523388,1,0.3478264229101476
BA,2017-07,2017-07-31,Industrials,242.46,0.227894257064722,0.3293491967761393,0.46439572386301875,0.8140056860691307,0.3478264229101476,0.23852962122634305,0.39795426811074663,0.0,1.7267242149135147,10.26,0.088016967126193,-0.028657299571718253,0.10929680168380454,-0.011548296626247678,0,0.14716884387430892
BA,2017-08,2017-08-31,Industrials,239.66,0.007186383694053333,0.25984334752667837,0.3155121308595894,0.851371185786018,0.14716884387430892,0.23952491153151065,0.2982468304922785,-0.011548296626247678,-0.043880983381422115,10.59,-0.13409648405560104,-0.03642455841361081,-0.09235606765720172,0.06071100726028544,1,0.13213625217469321
BA,2017-09,2017-09-29,Industrials,254.21,0.05718206770356815,0.28551201011378,0.4373515775189414,0.9400900557124323,0.13213625217469321,0.2393814066974173,0.3087821905536621,-0.008734646129849755,-0.7214749071604712,9.51,-0.008342022940563076,-0.13105338728625504,-0.1072451545227241,0.014830258447739997,1,0.16687145058196595
BA,2017-10,2017-10-31,Industrials,257.98,0.007773741161764214,0.08417734818239131,0.4067288292709528,0.8112757143860143,0.16687145058196595,0.14814808473191596,0.2554143942958891,-0.030150375939849594,-0.5822327370614344,10.18,-0.08781362007168458,-0.06590541662418625,0.018723365850049994,0.07295139158074271,1,0.1392250290556828
BA,2017-11,2017-11-30,Industrials,276.8,0.07295139158074271,0.15496954018192444,0.4550806917941441,0.8384697130712009,0.1392250290556828,0.14575555010433958,0.28122553295487496,0.0,1.36140867176031,11.28,0.1417004048582995,0.08848622237198822,-0.006530521048656784,0.06542630057803467,1,0.18927678946552354
BA,2017-12,2017-12-29,Industrials,294.91,0.09509840326773111,0.1601038511466899,0.49132743362831865,0.8942128588862486,0.18927678946552354,0.15813417862409723,0.29859207273630384,-0.010036925142665187,-1.0801518785913249,11.04,0.14760914760914767,0.07101940252540806,0.031142610841426305,0.20162083347461923,1,0.32801831528713876
BA,2018-01,2018-01-31,Industrials,354.37,0.20162083347461923,0.3669045323047251,0.4799949883060475,1.1684616326031088,0.32801831528713876,0.228906666531142,0.4583745730786122,0.0,2.1919457146856,13.54,0.18047079337401906,0.27481954179307455,0.09911164875599676,-0.017636933148968637,0,0.41076439244166674
BAC,2014-02,2014-02-28,Financials,16.53,-0.008992805755395628,0.040931989924433365,0.17067988668555256,0.4719501335707925,0.17502492670872194,0.20015333797615936,0.12049944585100003,-0.03615160349854207,0.6980707788148128,14.0,-0.0463215258855586,-0.03891207462052271,-0.025128411267437423,0.04053236539624905,1,0.2433497402785946
BAC,2014-03,2014-03-31,Financials,17.2,0.04053236539624905,0.09763880025526483,0.2374100719424459,0.4156378600823045,0.2433497402785946,0.2238412163523514,0.1349202421603073,-0.04017857142857151,-1.8196999645303291,13.88,-0.08018555334658706,-0.06159855769230771,0.019508523926243193,-0.11976744186046506,0,0.32015246012704457
BAC,2014-04,2014-04-30,Financials,15.14,-0.11976744186046506,-0.092326139088729,0.0639494026704146,0.22989439480097484,0.32015246012704457,0.2546082612830985,-0.022238582827177056,-0.1551339285714286,-0.6551593077218415,13.41,0.010550113036925435,-0.10063234542667343,0.06554419884394608,0.0,0,0.21232447429636353
BAC,2014-05,2014-05-30,Financials,15.14,0.0,-0.08408953418027831,-0.046599496221662484,0.09472161966738968,0.21232447429636353,0.2637777697786554,-0.023896484028715692,-0.1551339285714286,-1.5803732934061006,11.4,-0.052369077306733125,-0.1761021440616719,-0.05145329548229188,0.015191545574636534,1,0.16345660000754195
BAC,2014-06,2014-06-30,Financials,15.37,0.015191545574636534,-0.10639534883720936,-0.01914486279515004,0.19517884914463446,0.16345660000754195,0.24185350026060526,-0.016471070043641345,-0.14229910714285732,-1.0537004396408594,11.57,0.05373406193078312,-0.0917122528068186,-0.07839690025306331,-0.00780741704619381,0,0.20772009938592617
BAC,2014-07,2014-07-31,Financials,15.25,-0.022435897435897467,0.01060304837640813,-0.09923213230950978,0.044520547945205546,0.20772009938592617,0.19510707547377748,-0.03368326672084376,-0.1489955357142858,0.39224746308901864,16.95,0.4315878378378377,0.4020771513353114,0.012613023912148691,0.055081967213114646,1,0.18753913103561828
BAC,2014-08,2014-08-29,Financials,16.09,0.055081967213114646,0.054390563564875594,-0.012883435582822123,0.13549752999294284,0.18753913103561828,0.1872117708186845,0.010794265046087048,-0.10212053571428581,-0.653693246320291,11.98,0.04446381865736693,-0.038106647634584045,0.00032736021693377526,0.05966438781852079,1,0.16265393189005622
BAC,2014-09,2014-09-30,Financials,17.05,0.05966438781852079,0.09294871794871806,-0.016724336793540906,0.23550724637681153,0.16265393189005622,0.1859721888667758,0.06229205866593568,-0.048549107142857206,0.4678761346987703,16.31,0.09243134628265226,0.24473652331920048,-0.023318256976719576,0.006451612903225712,1,0.27983654107814365
BAC,2014-10,2014-10-31,Financials,17.16,0.0165876777251186,0.14019933554817277,0.13793103448275867,0.22834645669291342,0.27983654107814365,0.21141783139725648,0.06459207697819647,-0.04241071428571441,0.15104077042040304,14.03,-0.1291123525760397,-0.06893282630908115,0.06841870968088717,-0.006993006993007089,0,0.0688841140012458
BAC,2014-11,2014-11-28,Financials,17.04,0.00294290759270166,0.05904288377874445,0.11664482306684132,0.076437144662034,0.0688841140012458,0.1906892348921995,0.05416189798632809,-0.049107142857143016,-2.4973224546167736,13.33,-0.018409425625920517,-0.11879328436516257,-0.12180512089095369,0.04988262910798125,1,0.21567588654256797
BAC,2014-12,2014-12-31,Financials,17.89,0.06551518761167374,0.0636147443519619,0.12870662460567828,0.14900449582530517,0.21567588654256797,0.20755202523685384,0.1014280393164868,-0.013237727523441767,-0.4483118535179596,19.2,0.29729729729729715,0.19535141117874932,0.00812386130571413,-0.15315818893236444,0,0.3445181208240942
BAC,2015-01,2015-01-30,Financials,15.15,-0.1643684500827357,-0.1082989994114184,-0.006557377049180357,-0.10513880685174248,0.3445181208240942,0.2468650277273764,-0.0628856318408576,-0.1643684500827357,0.7278747028627367,20.97,0.25870348139255683,0.28986936400382723,0.09765309309671782,0.0435643564356436,1,0.2546763529584882
BAC,2015-02,2015-02-27,Financials,15.81,0.04013157894736841,-0.07543859649122808,-0.024074074074074026,-0.04123711340206171,0.2546763529584882,0.2809052966170934,-0.026600706191644452,-0.1279646993932707,0.9960763872152685,13.34,-0.06713286713286715,-0.2133845001871958,-0.02622894365860523,-0.026565464895635715,0,0.18605803827197145
BAC,2015-03,2015-03-31,Financials,15.39,-0.038725796377264254,-0.15019326339039196,-0.09523809523809523,-0.1052325581395348,0.18605803827197145,0.2715350654234084,-0.057014184614441854,-0.15113072255929394,-1.29369997495502,15.29,0.12261380323054327,-0.07871304647225941,-0.08547702715143693,0.0350877192982455,1,0.13372617788218977
BAC,2015-04,2015-04-30,Financials,15.93,0.0350877192982455,0.032404406999351876,-0.051785714285714324,0.05217965653896961,0.13372617788218977,0.19583905965420417,-0.024464925441685326,-0.12134583563154988,-0.08804589417914505,14.55,0.16586538461538458,-0.01691297912957679,-0.062112881772014406,0.03578154425612046,1,0.14934982855591394
BAC,2015-05,2015-05-29,Financials,16.5,0.03254067584480591,0.0436432637571158,-0.03508771929824572,0.08910891089108919,0.14934982855591394,0.15917463731404335,0.0032438216901315986,-0.08990623276337562,0.1169916282016755,13.84,0.1428571428571428,-0.0047029815990137225,-0.00982480875812941,0.031515151515151496,1,0.20176287226492742
BAC,2015-06,2015-06-30,Financials,17.02,0.028398791540785506,0.10591293047433381,-0.06018774157923801,0.10735198438516602,0.20176287226492742,0.16129476208129526,0.026355383089257334,-0.061224489795918324,0.9032007222606243,18.23,0.5053674649050373,0.3267677876228874,0.04046811018363217,0.05052878965922436,1,0.24408579285619975
BAC,2015-07,2015-07-31,Financials,17.88,0.03832752613240409,0.10986964618249528,0.18019801980198014,0.17245901639344252,0.24408579285619975,0.1987612087849687,0.07369653660806774,-0.03089430894308942,-0.4063179869792758,12.12,-0.11790393013100442,-0.13751270755676048,0.04532458407123105,-0.08612975391498878,0,0.3499947425568851
BAC,2015-08,2015-08-31,Financials,16.34,-0.08612975391498878,-0.022727272727272707,0.018703241895261957,0.015537600994406375,0.3499947425568851,0.2717780030362271,-0.02038075653704008,-0.11436314363143629,-0.5485706920225147,28.43,-0.30216003927344137,0.7715848507927716,0.078216739520658,-0.046511627906976716,0,0.3104337343593602
BAC,2015-09,2015-09-30,Financials,15.58,-0.046511627906976716,-0.09523809523809512,0.011031797534068799,-0.08621700879765404,0.3104337343593602,0.3023088701454684,-0.057608090779318166,-0.15555555555555556,-0.46801414742408176,24.5,0.10709444193402629,0.2655996326604242,0.008124864213891803,0.07702182284980741,1,0.2791229689612743
BAC,2015-10,2015-10-30,Financials,16.78,0.0790996784565916,-0.055711873944850776,0.020681265206812682,-0.014679976512037562,0.2791229689612743,0.3137655615308164,0.02304285135089823,-0.09051490514905136,0.1613420362969031,15.07,0.04218533886583664,-0.2563678801929946,-0.03464259256954211,0.038736591179975965,1,0.23198172367324676
BAC,2015-11,2015-11-30,Financials,17.43,0.01989467524868349,0.06670746634026936,0.04246411483253598,0.022887323943661997,0.23198172367324676,0.2712679237161593,0.052234413438174476,-0.05528455284552847,-0.588022043511372,16.13,0.04266321913380722,-0.15703158051912514,-0.039286200042912556,-0.03442340791738385,0,0.2938490513575047
BAC,2015-12,2015-12-31,Financials,16.83,-0.055025266704098796,0.08231511254019286,-0.011743981209630272,-0.05925097820011194,0.2938490513575047,0.26887984912754603,0.008623944480735446,-0.08780487804878057,-1.094141032028061,18.21,0.16955684007707128,0.07460799190692957,0.024969202229958687,-0.1598336304218656,0,0.3675593126264794
BAC,2016-01,2016-01-29,Financials,14.14,-0.18171296296296302,-0.18171296296296302,-0.22007722007721997,-0.08360337005832785,0.3675593126264794,0.30897866524543344,-0.1476613430663093,-0.2336043360433604,1.2816605201993334,20.2,-0.09579230080572965,0.0595464082325905,0.05858064738104596,-0.11456859971711464,0,0.5502264496866351
BAC,2016-02,2016-02-29,Financials,12.52,-0.07464892830746483,-0.2821100917431193,-0.23844282238442827,-0.20809614168247947,0.5502264496866351,0.4048252198285676,-0.22896433652134818,-0.32140921409214096,0.18316370371654322,20.55,0.06037151702786381,-0.025692547355112505,0.14540122985806753,0.07987220447284349,1,0.25131475356689215
BAC,2016-03,2016-03-31,Financials,13.52,0.02501895375284313,-0.21759259259259267,-0.11921824104234524,-0.12150747238466542,0.25131475356689215,0.41234627484123515,-0.14788483840064548,-0.26720867208672083,-1.1193251220702303,13.95,-0.0662650602409639,-0.316155186902798,-0.161031521274343,0.0769230769230771,1,0.2909468239351549
BAC,2016-04,2016-04-29,Financials,14.56,0.0769230769230771,0.02970297029702973,-0.15740740740740744,-0.08600125549278081,0.2909468239351549,0.38821181620326667,-0.06329211647087585,-0.21084010840108391,0.10741158096308402,15.7,0.18759455370650513,-0.10027016455477444,-0.09726499226811175,0.016483516483516425,1,0.26665051006412366
BAC,2016-05,2016-05-31,Financials,14.8,0.016483516483516425,0.12206216830932526,-0.1533180778032036,-0.10574018126888218,0.26665051006412366,0.2664672536326299,-0.024502776541928117,-0.19783197831978316,-0.2455619165484081,14.19,-0.10303413400758543,-0.05219465648854971,0.00018325643149375015,-0.10337837837837849,0,0.4601449776300898
BAC,2016-06,2016-06-30,Financials,13.27,-0.10699865410497977,-0.02138643067846613,-0.221700879765396,-0.22938443670150988,0.4601449776300898,0.3491616979842182,-0.10859730026567427,-0.2807588075880759,1.0383047730545,15.63,-0.0939130434782608,-0.005524359699442427,0.11098327964587162,0.0919366993217785,1,0.2133400346510886
BAC,2016-07,2016-07-29,Financials,14.49,0.09855951478392733,-0.004807692307692291,0.024752475247524774,-0.2007722007722007,0.2133400346510886,0.33134918785215817,-0.014560564740446424,-0.19678492239467849,-0.906471236458793,11.87,-0.012479201331114798,-0.22596571854428027,-0.11800915320106956,0.11387163561076608,1,0.19972463600188425
BAC,2016-08,2016-08-31,Financials,16.14,0.1422505307855626,0.08032128514056236,0.1955555555555557,0.03594351732991008,0.19972463600188425,0.32212097449783056,0.11231332226073909,-0.10083565459610022,1.1696487409929701,13.42,-0.0022304832713754275,-0.07252322915409681,-0.1223963384959463,-0.030359355638166052,0,0.19934701534889365
BAC,2016-09,2016-09-30,Financials,15.65,-0.030359355638166052,0.19465648854961848,0.15840118430792005,0.006430868167202508,0.19934701534889365,0.21010305902165013,0.09278933605192319,-0.128133704735376,1.3646480066298725,13.29,0.08136696501220508,0.0060922855082912175,-0.010756043672756482,0.054313099041533475,1,0.15229847179937575
BAC,2016-10,2016-10-31,Financials,16.5,0.054313099041533475,0.16772823779193202,0.14902506963788298,-0.0166865315852206,0.15229847179937575,0.18915382495315555,0.15244387947532378,-0.0807799442896936,-0.4716974327494598,17.06,0.31029185867895537,0.2435553292914332,-0.0368553531537798,0.28,1,0.35671205334256695
BAC,2016-11,2016-11-30,Financials,21.12,0.28,0.30855018587360594,0.4136546184738956,0.18585064570466048,0.35671205334256695,0.26364210785874814,0.41259092049159785,0.0,1.7119195557940785,13.33,0.07413376309427888,-0.09198148909024073,0.0930699454838188,0.04640151515151514,1,0.22578001096607442
BAC,2016-12,2016-12-30,Financials,22.1,0.04640151515151514,0.41214057507987234,0.687022900763359,0.31313131313131337,0.22578001096607442,0.26509231644109615,0.3863578622487227,-0.045768566493955,-0.7568634177951654,14.04,0.22834645669291342,-0.004109573617663287,-0.039312305475021736,0.024434389140271406,1,0.24832272936722696
BAC,2017-01,2017-01-31,Financials,22.64,0.029090909090909056,0.35731414868105515,0.5799023028611305,0.6217765042979941,0.24832272936722696,0.29042461993504237,0.3418284190250409,-0.03412969283276457,-0.37072067932656544,11.99,0.08310749774164417,-0.09113113787585259,-0.04210189056781541,0.09010600706713778,1,0.22022556889482153
BAC,2017-02,2017-02-28,Financials,24.68,0.05650684931506844,0.18312559923298188,0.5630145661811274,0.9712460063897763,0.22022556889482153,0.24268483855502343,0.3900192338560924,-0.004437273093989447,-0.26049461348791675,12.92,0.11668107173725151,0.08160255132549343,-0.022459269660201897,-0.044165316045380876,0,0.24991757456768776
BAC,2017-03,2017-03-31,Financials,23.59,-0.06500198176773686,0.07227272727272727,0.5560686015831133,0.7396755162241888,0.24991757456768776,0.24468595668298074,0.24695397529350194,-0.07490196078431377,-0.720932778874973,12.37,-0.04552469135802484,0.054632311148401724,0.005231617884707024,-0.010597710894446832,0,0.23240336272003637
BAC,2017-04,2017-04-28,Financials,23.34,-0.0004282655246253819,-0.0008561643835616195,0.3835210432720806,0.5780933062880325,0.23240336272003637,0.238780822588407,0.17499880436068538,-0.08470588235294119,-1.1923569705816088,10.82,-0.2604237867395762,-0.11032511518030774,-0.006377459868370627,-0.03984575835475579,0,0.24799508437912862
BAC,2017-05,2017-05-31,Financials,22.41,-0.0508259212198221,-0.12117647058823533,0.1039408866995073,0.5141891891891892,0.24799508437912862,0.23697573936091373,0.07466036224829886,-0.12117647058823533,1.4723175856759312,10.41,-0.028917910447761264,-0.12517507703389497,0.011019345018214888,0.08255243195002238,1,0.22078903232865552
BAC,2017-06,2017-06-30,Financials,24.26,0.07202828104286363,0.028401865197117404,0.10272727272727278,0.8281838733986437,0.22078903232865552,0.22965060865444617,0.11815012064130004,-0.04862745098039212,0.19839325187197418,11.18,0.11576846307385225,-0.021559747728725043,-0.008861576325790654,-0.00577081615828523,0,0.16194724493988863
BAC,2017-07,2017-07-31,Financials,24.12,-0.008223684210526327,0.021601016518424387,0.050980392156862786,0.6645962732919255,0.16194724493988863,0.21406142665452657,0.0692247677140223,-0.05411764705882349,-0.5056207140349598,10.26,0.088016967126193,-0.028657299571718253,-0.05211418171463794,-0.009535655058043102,0,0.20513181638781214
BAC,2017-08,2017-08-31,Financials,23.89,-0.028466856445709565,0.06414253897550126,-0.0609276729559749,0.4801734820322181,0.20513181638781214,0.21012012974231883,0.021621251774687433,-0.06313725490196076,-0.21486795841243328,10.59,-0.13409648405560104,-0.03642455841361081,-0.004988313354506696,0.060694851402260275,1,0.21661074198925911
BAC,2017-09,2017-09-29,Financials,25.34,0.061583577712609916,0.04451772464962889,0.0741839762611276,0.671503957783641,0.21661074198925911,0.20904731990683514,0.06918252262097391,-0.006274509803921524,0.09036296592347476,9.51,-0.008342022940563076,-0.13105338728625504,0.007563422082423971,0.08089976322020531,1,0.16662340324080302
BAC,2017-10,2017-10-31,Financials,27.39,0.06908665105386413,0.11386742578283848,0.1522928060580564,0.6600000000000001,0.16662340324080302,0.19777311608245368,0.13503215199236673,-0.014748201438848918,-0.9031287024076181,10.18,-0.08781362007168458,-0.06590541662418625,-0.031149712841650662,0.028477546549835697,1,0.21197837500681416
BAC,2017-11,2017-11-30,Financials,28.17,0.028477546549835697,0.17915445793218931,0.25478841870824076,0.3338068181818181,0.21197837500681416,0.19754717813121192,0.1475605173188148,-0.0038896746817538297,1.9247124629369126,11.28,0.1417004048582995,0.08848622237198822,0.014431196875602237,0.047923322683705916,1,0.17354754613112022
BAC,2017-12,2017-12-29,Financials,29.52,0.043847241867043696,0.1649565903709549,0.21681780708985965,0.3418181818181818,0.17354754613112022,0.18291301496956525,0.18230980962689358,-0.012048192771084265,-1.1129838019682323,11.04,0.14760914760914767,0.07101940252540806,-0.009365468838445024,0.08401084010840121,1,0.10909125694285088
BAC,2018-01,2018-01-31,Financials,32.0,0.08401084010840121,0.1594202898550725,0.28205128205128194,0.4134275618374559,0.10909125694285088,0.16902708515186554,0.2404266680104623,-0.00867410161090465,0.08082422708378015,13.54,0.18047079337401906,0.27481954179307455,-0.05993582820901466,-0.0234375,0,0.25258720044854577
CAT,2014-02,2014-02-28,Industrials,96.97,0.07007283160450228,0.14947842579421522,0.1761067313523348,0.049799718523330094,0.15811977770923197,0.19735505276609605,0.1203190546665327,-0.005435897435897452,-0.024097571833504004,14.0,-0.0463215258855586,-0.03891207462052271,-0.03923527505686408,0.024749922656491785,1,0.12659866114605162
CAT,2014-03,2014-03-31,Industrials,99.37,0.024749922656491785,0.093540222295587,0.18579952267303113,0.16032227930873422,0.12659866114605162,0.19659093977455902,0.13276696884805328,-0.00020122748767481546,-0.010802195452001121,13.88,-0.08018555334658706,-0.06159855769230771,-0.0699922786285074,0.06068229848042672,1,0.15381611528695968
CAT,2014-04,2014-04-30,Industrials,105.4,0.06068229848042672,0.16309865371882593,0.25059326056003806,0.2448328805952522,0.15381611528695968,0.14516874019555479,0.17441055231280367,0.0,-0.32997821676004624,13.41,0.010550113036925435,-0.10063234542667343,0.008647375091404896,-0.030075901328273313,0,0.17861774879609274
CAT,2014-05,2014-05-30,Industrials,102.23,-0.030075901328273313,0.05424358048881106,0.21183025130393562,0.18308066196042128,0.17861774879609274,0.15451676242975276,0.11303033750742375,-0.045916938870742,0.6823322299647498,11.4,-0.052369077306733125,-0.1761021440616719,0.024100986366339977,0.06299520688643256,1,0.1554447687462432
CAT,2014-06,2014-06-30,Industrials,108.67,0.06299520688643256,0.09358961457180226,0.19588423021899404,0.3173718026427448,0.1554447687462432,0.16361571119698415,0.15251494202161542,-0.006491131833973207,-1.3912278583138622,11.57,0.05373406193078312,-0.0917122528068186,-0.008170942450740959,-0.07288119996319131,0,0.17847933466684732
CAT,2014-07,2014-07-31,Industrials,100.75,-0.07712741595676464,-0.04111544684496049,0.08100858369098707,0.21517307924255213,0.17847933466684732,0.17444083713372516,0.04027543809018841,-0.09560143626570916,1.7710900610555964,16.95,0.4315878378378377,0.4020771513353114,0.0040384975331221595,0.08258064516129027,1,0.09087615915467191
CAT,2014-08,2014-08-29,Industrials,109.07,0.08258064516129027,0.05117579028527364,0.13248883812688184,0.32158003150369563,0.09087615915467191,0.1513730557053025,0.10145515889906975,-0.020915619389587192,0.5942297696266685,11.98,0.04446381865736693,-0.038106647634584045,-0.06049689655063058,-0.09205097643715043,0,0.12284806752683934
CAT,2014-09,2014-09-30,Industrials,99.03,-0.09205097643715043,-0.09288266007144819,-0.007814848211602055,0.18741007194244608,0.12284806752683934,0.14642140317853433,-0.020582309954100042,-0.11104129263913831,-0.24796345915120147,16.31,0.09243134628265226,0.24473652331920048,-0.02357333565169499,0.02403312127638091,1,0.32667747117028273
CAT,2014-10,2014-10-31,Industrials,101.41,0.04106354583718308,-0.003928887142716886,-0.02975507079984696,0.21653071017274472,0.32667747117028273,0.21333119390796892,-0.004926306555505411,-0.08967684021543998,0.33802040464245364,14.03,-0.1291123525760397,-0.06893282630908115,0.1133462772623138,-0.007987377970614329,0,0.28784904464271927
CAT,2014-11,2014-11-28,Industrials,100.6,0.004092224772931363,-0.07765655083891077,-0.03045489591364703,0.1881421991260186,0.28784904464271927,0.2541037256948854,-0.021901720568210936,-0.09694793536804314,0.633874980927125,13.33,-0.018409425625920517,-0.11879328436516257,0.03374531894783389,-0.09015904572564604,0,0.21072096734807472
CAT,2014-12,2014-12-31,Industrials,91.53,-0.07545454545454544,-0.06228869992828601,-0.1645673603504929,0.007928642220019766,0.21072096734807472,0.2715173005864906,-0.10755724387000143,-0.17836624775583487,-0.837531588213056,19.2,0.29729729729729715,0.19535141117874932,-0.06079633323841588,-0.126297388834262,0,0.33725650034180704
CAT,2015-01,2015-01-30,Industrials,79.97,-0.1362998163948591,-0.20181654855774034,-0.20625310173697275,-0.1419527896995708,0.33725650034180704,0.28331721083498346,-0.20877403013723028,-0.2821364452423699,0.8845923955996011,20.97,0.25870348139255683,0.28986936400382723,0.053939289506823584,0.03663873952732288,1,0.23838305326159728
CAT,2015-02,2015-02-27,Industrials,82.9,0.03612048493938258,-0.21969126506024084,-0.23629663749424223,-0.14270941054808683,0.23838305326159728,0.2851971931809861,-0.16343958525171232,-0.25583482944344704,-0.6185899772735804,13.34,-0.06713286713286715,-0.2133845001871958,-0.04681413991938879,-0.0346200241254524,0,0.22219982037699568
CAT,2015-03,2015-03-31,Industrials,80.03,-0.03578313253012044,-0.14598228577526406,-0.19833717319443056,-0.1946261447116836,0.22219982037699568,0.2729263458896692,-0.16967804922585938,-0.2815978456014363,-0.5104463889822313,15.29,0.12261380323054327,-0.07871304647225941,-0.05072652551267351,0.08559290266150188,1,0.18367275222637713
CAT,2015-04,2015-04-30,Industrials,86.88,0.08559290266150188,0.08599999999999985,-0.14116251482799524,-0.17571157495256173,0.18367275222637713,0.21564518629242685,-0.07286860089383662,-0.22010771992818678,-0.04978886599271298,14.55,0.16586538461538458,-0.01691297912957679,-0.031972434066049715,-0.017955801104972413,0,0.14678390600364166
CAT,2015-05,2015-05-29,Industrials,85.32,-0.024914285714285778,0.029191797346200143,-0.1969126506024097,-0.17644787644787652,0.14678390600364166,0.18758614950661043,-0.07216293045136901,-0.2341113105924597,-0.21890143354938724,13.84,0.1428571428571428,-0.0047029815990137225,-0.040802243502968766,-0.0058602906704172675,0,0.13855312059568897
CAT,2015-06,2015-06-30,Industrials,84.82,-0.008301180872208658,0.059852555291765475,-0.09486714331448087,-0.2194717953437012,0.13855312059568897,0.1583764170354418,-0.05439091715831201,-0.23859964093357278,-0.1536541049625863,18.23,0.5053674649050373,0.3267677876228874,-0.019823296439752836,-0.0729780712096203,0,0.2504645450877774
CAT,2015-07,2015-07-31,Industrials,78.63,-0.06337105419892797,-0.10003433672885442,-0.016756283606352396,-0.21955334987593056,0.2504645450877774,0.1836538970501187,-0.10397604221329226,-0.2790868249747869,0.8472903474694479,12.12,-0.11790393013100442,-0.13751270755676048,0.06681064803765868,-0.027851964898893522,0,0.2749469521853406
CAT,2015-08,2015-08-31,Industrials,76.44,-0.027851964898893522,-0.11291632818846475,-0.07725736359246749,-0.29916567342073896,0.2749469521853406,0.22601791895492068,-0.10521664315772838,-0.29820051413881754,0.6089488375087639,28.43,-0.30216003927344137,0.7715848507927716,0.048929033230419916,-0.1449502878074307,0,0.325453421251235
CAT,2015-09,2015-09-30,Industrials,65.36,-0.1449502878074307,-0.2214413341274568,-0.17930688096433955,-0.33999798040997675,0.325453421251235,0.2835897457108632,-0.20704054818053674,-0.38600281822451854,0.3411134506469762,24.5,0.10709444193402629,0.2655996326604242,0.04186367554037179,0.1167380660954711,1,0.2686096205435928
CAT,2015-10,2015-10-30,Industrials,72.99,0.13356111197390885,-0.055267926482008956,-0.16391752577319596,-0.29129041654529564,0.2686096205435928,0.29855051344534633,-0.09070636879275362,-0.31432597463597944,0.09017840158308517,15.07,0.04218533886583664,-0.2563678801929946,-0.029940892901753557,-0.004658172352376866,0,0.2482804135520695
CAT,2015-11,2015-11-30,Industrials,72.65,0.009448381269973716,-0.04958137100994231,-0.1568991528374144,-0.2778330019880715,0.2482804135520695,0.29151979569256364,-0.08176639580987177,-0.2748053503693352,-0.2891132085656825,16.13,0.04266321913380722,-0.15703158051912514,-0.04323938214049414,-0.06455609084652458,0,0.30460217264975126
CAT,2015-12,2015-12-31,Industrials,67.96,-0.05030743432084972,0.05544339183102953,-0.19459587579995263,-0.2575111985141485,0.30460217264975126,0.2767644132463474,-0.12367006358421007,-0.260339573356552,-0.7804071343703739,18.21,0.16955684007707128,0.07460799190692957,0.027837759403403883,-0.08416715715126533,0,0.37232486533880604
CAT,2016-01,2016-01-29,Industrials,62.24,-0.10044804162451215,-0.13519522023065167,-0.2056158264199106,-0.22199999999999998,0.37232486533880604,0.30990446474807276,-0.17794776190862993,-0.3032575842382178,0.649269376772365,20.2,-0.09579230080572965,0.0595464082325905,0.06242040059073328,0.08772493573264772,1,0.3722255561232093
CAT,2016-02,2016-02-29,Industrials,67.7,0.10838244924688945,-0.05301440760945575,-0.1052075072693629,-0.18335343787696023,0.3722255561232093,0.3526796676538316,-0.07994177947685777,-0.2421359005933057,0.6629683592125116,20.55,0.06037151702786381,-0.025692547355112505,0.019545888469377715,0.13057607090103396,1,0.2782641590619892
CAT,2016-03,2016-03-31,Industrials,76.54,0.10783036618902875,0.10622922387628275,0.19017260146167003,-0.043608646757465896,0.2782641590619892,0.34663773800780584,0.061722503967241105,-0.14317698421582892,-1.1834644906761618,13.95,-0.0662650602409639,-0.316155186902798,-0.06837357894581664,0.015416775542200112,1,0.21656660258576343
CAT,2016-04,2016-04-29,Industrials,77.72,0.015416775542200112,0.24871465295629824,0.07989440044462981,-0.10543278084714547,0.21656660258576343,0.29334141686874077,0.09069833041198705,-0.12996753610209333,0.8462385320516582,15.7,0.18759455370650513,-0.10027016455477444,-0.07677481428297733,-0.06703551209469882,0,0.2502517650742312
CAT,2016-05,2016-05-31,Industrials,72.51,-0.06703551209469882,0.04950065132435966,0.01811288963774227,-0.15222728867064184,0.2502517650742312,0.2513754680591276,0.02750208306173252,-0.18049276672694392,-0.962802088490556,14.19,-0.10303413400758543,-0.05219465648854971,-0.0011237029848963909,0.04551096400496468,1,0.330612840730537
CAT,2016-06,2016-06-30,Industrials,75.81,0.04898298048982985,-0.012762078395624488,0.10365409812199755,-0.09696247766527699,0.330612840730537,0.2684038156304018,0.07377778281388969,-0.1024153445417948,-0.25577203644735447,15.63,-0.0939130434782608,-0.005524359699442427,0.06220902510013521,0.09167655982060419,1,0.2714527963522737
CAT,2016-07,2016-07-29,Industrials,82.76,0.11491310790785403,0.06484817292846112,0.3296915167095116,0.05628589661774108,0.2714527963522737,0.28444635423955084,0.15569482730210327,-0.015933412604042685,-0.43092558814411064,11.87,-0.012479201331114798,-0.22596571854428027,-0.01299355788727713,-0.00978733687771871,0,0.11686229547750075
CAT,2016-08,2016-08-31,Industrials,81.95,0.008739537173806156,0.11314860092366197,0.14216027874564463,0.09412550066755676,0.11686229547750075,0.2509715974095051,0.12394531550015908,-0.02914346641393195,-0.06079525971026166,13.42,-0.0022304832713754275,-0.07252322915409681,-0.13410930193200432,0.08322147651006695,1,0.25377864400857714
CAT,2016-09,2016-09-30,Industrials,88.77,0.08322147651006695,0.16115107913669058,0.17234548335974642,0.3786302220841744,0.25377864400857714,0.22296777959879024,0.19415553885982817,0.0,1.2652481506580513,13.29,0.08136696501220508,0.0060922855082912175,0.030810864409786892,-0.05981750591416024,0,0.14617254632210672
CAT,2016-10,2016-10-31,Industrials,83.46,-0.05981750591416024,0.02732644017725261,0.09298061812467262,0.1434443074393752,0.14617254632210672,0.1845616726126139,0.09035183639235411,-0.06665175575933802,0.41702697057584354,17.06,0.31029185867895537,0.2435553292914332,-0.03838912629050717,0.14497963096093947,1,0.322945270886366
CAT,2016-11,2016-11-30,Industrials,95.56,0.14497963096093947,0.16607687614399014,0.29801684324911704,0.3353828954723308,0.322945270886366,0.2558199375646114,0.20138468511111496,-0.006446246620919194,-0.04590729002432787,13.33,0.07413376309427888,-0.09198148909024073,0.06712533332175458,-0.029510255336961166,0,0.18543077008928563
CAT,2016-12,2016-12-30,Industrials,92.74,-0.029510255336961166,0.04472231609778077,0.2130804447351209,0.36462625073572696,0.18543077008928563,0.2368950967808551,0.12953407632819802,-0.047159149285934454,-0.6156913207426339,14.04,0.22834645669291342,-0.004109573617663287,-0.05146432669156947,0.03148587448781548,1,0.18651661454113044
CAT,2017-01,2017-01-31,Industrials,95.66,0.025404652159931373,0.14043872198378637,0.16729713239780342,0.5256778309409886,0.18651661454113044,0.24239602002346342,0.13905428487907212,-0.03363976159208004,0.5957573993625873,11.99,0.08310749774164417,-0.09113113787585259,-0.05587940548233297,0.010453690152623984,1,0.21508589377288095
CAT,2017-02,2017-02-28,Industrials,96.66,-0.023537731083947855,0.008871725289635757,0.16936849745947247,0.4277695716395864,0.21508589377288095,0.19149983261054337,0.12558362139587032,-0.023833568975964448,-0.19485232791614004,12.92,0.11668107173725151,0.08160255132549343,0.02358606116233758,-0.04034761018001232,0,0.21843276165567793
CAT,2017-03,2017-03-31,Industrials,92.76,-0.0169563374311148,-0.005681209132811671,0.06047787812964445,0.20796978773277774,0.21843276165567793,0.21977430807932316,0.051683390692556896,-0.06321955160573611,-0.437781197449026,12.37,-0.04552469135802484,0.054632311148401724,-0.001341546423645229,0.10241483398016382,1,0.3386442833352292
CAT,2017-04,2017-04-28,Industrials,102.26,0.10122765453370675,0.03303363976159224,0.215499821704505,0.31524115755627014,0.3386442833352292,0.2796443527930086,0.13398889409468584,-0.02293139690426138,-0.5891131123691903,10.82,-0.2604237867395762,-0.11032511518030774,0.058999930542220635,0.030999413260316855,1,0.16500421279757954
CAT,2017-05,2017-05-31,Industrials,105.43,0.033627450980392215,0.06948671130046669,0.11095890410958908,0.45400634395255834,0.16500421279757954,0.26525334814073415,0.1407759505429318,-0.0021767934885480456,-0.508426909731221,10.41,-0.028917910447761264,-0.12517507703389497,-0.1002491353431546,0.01925448164659005,1,0.196481983488628
CAT,2017-06,2017-06-30,Industrials,107.46,0.017132039753904316,0.15847347994825345,0.15189194983385135,0.4174910961614562,0.196481983488628,0.24258049409043292,0.13213391334213398,-0.0013011152416356753,-0.04187958450149071,11.18,0.11576846307385225,-0.021559747728725043,-0.04609851060180492,0.060394565419691126,1,0.23861586134832194
CAT,2017-07,2017-07-31,Industrials,113.95,0.07866338508140869,0.11715686274509807,0.17729104246306426,0.376872885451909,0.23861586134832194,0.19754387063378157,0.17119668138670918,-0.005151038938362218,0.10145722184302693,10.26,0.088016967126193,-0.028657299571718253,0.041071990714540374,0.031066257130320185,1,0.11624116753079886
CAT,2017-08,2017-08-31,Industrials,117.49,0.038907065169334176,0.1089193015573382,0.23517661900756925,0.4336790726052471,0.11624116753079886,0.1869591054157647,0.16853150330697697,-0.0005104210974054002,-0.22270205466200724,10.59,-0.13409648405560104,-0.03642455841361081,-0.07071793788496583,0.06145203847135927,1,0.12181042624355892
CAT,2017-09,2017-09-29,Industrials,124.71,0.06091025095703961,0.1605248464544946,0.344437257438551,0.4257459700468731,0.12181042624355892,0.16491088183703023,0.2079520848578833,-0.00415235965822891,-1.039453273027466,9.51,-0.008342022940563076,-0.13105338728625504,-0.04310045559347131,0.08892630903696586,1,0.1924251881446479
CAT,2017-10,2017-10-31,Industrials,135.8,0.08883899935856321,0.2008135113626317,0.3374039787275951,0.6271267673136836,0.1924251881446479,0.14593891831417222,0.26487544283447617,-0.01765046296296291,0.6523184866695162,10.18,-0.08781362007168458,-0.06590541662418625,0.046486269830475685,0.03939617083946967,1,0.16778055840247344
CAT,2017-11,2017-11-30,Industrials,141.15,0.03939617083946967,0.20137884075240464,0.3322321849929213,0.4770824612808706,0.16778055840247344,0.1612788060208299,0.2632274185233978,0.0,2.1167702386196243,11.28,0.1417004048582995,0.08848622237198822,0.00650175238164355,0.11640099185263919,1,0.18274085477615223
CAT,2017-12,2017-12-29,Industrials,157.58,0.14138780240475168,0.2635714858471656,0.46640610459705956,0.6891413870725693,0.18274085477615223,0.17702324868102765,0.3460196410557346,-0.005302360813028484,-0.4569695183261533,11.04,0.14760914760914767,0.07101940252540806,0.005717606095124589,0.03299911156238089,1,0.18760280566897947
CAT,2018-01,2018-01-31,Industrials,162.78,0.03299911156238089,0.19261484357828396,0.4392572944297084,0.7016516830441146,0.18760280566897947,0.17658254776022642,0.3059038438242334,-0.04745742875533965,1.2013811290624128,13.54,0.18047079337401906,0.27481954179307455,0.01102025790875305,-0.05184912151369947,0,0.2626317518560702
CSCO,2014-02,2014-02-28,Information Technology,21.8,0.006928406466512715,0.027817067421027852,-0.07016421411814888,0.04531287461040523,0.1803487190202201,0.17005932418979747,-0.06564407554053342,-0.17352238692800537,-0.08380216534524479,14.0,-0.0463215258855586,-0.03891207462052271,0.010289394830422627,0.028211009174311963,1,0.17830814913816548
CSCO,2014-03,2014-03-31,Information Technology,22.415,0.028211009174311963,0.017938237965485992,-0.03921988855550784,0.0760921747479597,0.17830814913816548,0.16888921195287557,-0.029929561807086946,-0.15020661940326796,-0.6794393401192472,13.88,-0.08018555334658706,-0.06159855769230771,0.00941893718528991,0.031006022752620988,1,0.18048644860395874
CSCO,2014-04,2014-04-30,Information Technology,23.11,0.031006022752620988,0.06743648960739024,0.02483370288248321,0.10468451242829824,0.18048644860395874,0.1769777238750509,0.007875339907157608,-0.12385790650945894,-1.3961509825041492,13.41,0.010550113036925435,-0.10063234542667343,0.0035087247289078416,0.06533967979229782,1,0.23613994162230104
CSCO,2014-05,2014-05-30,Information Technology,24.62,0.06533967979229782,0.1293577981651377,0.16077322017916074,0.010258514567090593,0.23613994162230104,0.19725989835833077,0.08428367802940495,-0.06661106266823358,-0.5337244043512035,11.4,-0.052369077306733125,-0.1761021440616719,0.038880043263970265,0.009341998375304694,1,0.10022840525625305
CSCO,2014-06,2014-06-30,Information Technology,24.85,0.009341998375304694,0.10863261209011843,0.1285195277020892,0.021162934045613424,0.10022840525625305,0.1790043311298808,0.09090031102731189,-0.05789134473215296,-0.605208290757613,11.57,0.05373406193078312,-0.0917122528068186,-0.07877592587362774,0.01529175050301812,1,0.13119776901504068
CSCO,2014-07,2014-07-31,Information Technology,25.23,0.005980861244019309,0.09647979139504548,0.14807062249726988,-0.014067995310668158,0.13119776901504068,0.16529684338206388,0.09751386791205285,-0.04348485422906312,0.010099884495790445,16.95,0.4315878378378377,0.4020771513353114,-0.0340990743670232,-0.009512485136742077,0,0.12824255003320242
CSCO,2014-08,2014-08-29,Information Technology,24.99,-0.009512485136742077,0.008474576271186418,0.15855354659248944,0.06567164179104479,0.12824255003320242,0.11962521921829153,0.07731015183757561,-0.038106235565819935,-1.1654874082946434,11.98,0.04446381865736693,-0.038106647634584045,0.008617330814910895,0.007202881152461149,1,0.12794551781416597
CSCO,2014-09,2014-09-30,Information Technology,25.17,0.007202881152461149,0.0035885167464115852,0.0896103896103897,0.07421791643549147,0.12794551781416597,0.12716970300385197,0.06737265077036247,-0.03117782909930711,1.4148509420285993,16.31,0.09243134628265226,0.24473652331920048,0.0007758148103139961,-0.027810885975367627,0,0.23591802142733603
CSCO,2014-10,2014-10-31,Information Technology,24.47,-0.023543495610534704,-0.02761772302801513,0.06599869309518636,0.0846631205673758,0.23591802142733603,0.16803355642325868,0.02725338493528917,-0.058121632024634384,0.5615547306707552,14.03,-0.1291123525760397,-0.06893282630908115,0.06788446500407735,0.12954638332652224,1,0.12267142501318468
CSCO,2014-11,2014-11-28,Information Technology,27.64,0.14688796680497918,0.10604241696678685,0.11541565778853902,0.29948283968030087,0.12267142501318468,0.17389264302873375,0.14312194917181054,0.0,-1.1948681632788734,13.33,-0.018409425625920517,-0.11879328436516257,-0.051221218015549075,0.006331403762662724,1,0.18132561657156787
CSCO,2014-12,2014-12-31,Information Technology,27.815,0.008155128669808054,0.11126648022373153,0.11126648022373153,0.24008024966562647,0.18132561657156787,0.18810359012119704,0.12114433063531815,-0.0226633872101194,-0.5961137397168743,19.2,0.29729729729729715,0.19535141117874932,-0.006777973549629168,-0.0521301456048896,0,0.2534768924252012
CSCO,2015-01,2015-01-30,Information Technology,26.365,-0.07034555712270807,0.09398340248962644,0.04498612762584209,0.1997178740444121,0.2534768924252012,0.19693498181948865,0.04137394687776319,-0.07491228070175449,0.9354977403545476,20.97,0.25870348139255683,0.28986936400382723,0.056541910605712564,0.11928693343447772,1,0.3874547207533021
CSCO,2015-02,2015-02-27,Information Technology,29.51,0.10091400858048871,0.08174486803519065,0.1899193548387097,0.3462591240875912,0.3874547207533021,0.27594102127073217,0.14244790349485892,-0.01337345369441656,0.1329521712603691,13.34,-0.06713286713286715,-0.2133845001871958,0.11151369948256995,-0.06726533378515764,0,0.1873996963003811
CSCO,2015-03,2015-03-31,Information Technology,27.525,-0.08827426300099384,-0.0328531271960647,0.09574044585987251,0.2279723399509257,0.1873996963003811,0.28677129628586673,0.04843563119443561,-0.08827426300099384,0.027861160146871292,15.29,0.12261380323054327,-0.07871304647225941,-0.09937159998548561,0.047411444141689296,1,0.16713051419456287
CSCO,2015-04,2015-04-30,Information Technology,28.83,0.047411444141689296,0.05914768552534899,0.1980054020361519,0.24751189961055808,0.16713051419456287,0.2715060289171691,0.08416982318780897,-0.045048029148724855,0.0042741530022845356,14.55,0.16586538461538458,-0.01691297912957679,-0.1043755147226062,0.01664932362122795,1,0.1300780435344899
CSCO,2015-05,2015-05-29,Information Technology,29.31,0.008950086058519657,-0.006777363605557585,0.0744134897360702,0.18760129659643443,0.1300780435344899,0.17254606532745284,0.08675501108631001,-0.029148724743292553,0.14390393601832294,13.84,0.1428571428571428,-0.0047029815990137225,-0.04246802179296294,-0.06311838962811323,0,0.14801230854598976
CSCO,2015-06,2015-06-30,Information Technology,27.46,-0.058944482522275465,-0.0023614895549499693,-0.035137034434293724,0.10503018108651907,0.14801230854598976,0.15009521772748985,0.0027973151617401992,-0.09042729380589598,1.2125559004223936,18.23,0.5053674649050373,0.3267677876228874,-0.0020829091815000866,0.03495994173343053,1,0.14547782235288742
CSCO,2015-07,2015-07-31,Information Technology,28.42,0.03912248628884818,-0.02437349811191203,0.07794424426322788,0.12643678160919536,0.14547782235288742,0.14071281158951027,0.02501309668827356,-0.05862868499503149,-0.5535478918422144,12.12,-0.11790393013100442,-0.13751270755676048,0.004765010763377153,-0.08937368050668548,0,0.32693460990849826
CSCO,2015-08,2015-08-31,Information Technology,25.88,-0.08937368050668548,-0.11004126547455295,-0.12389979688557884,0.03561424569827931,0.32693460990849826,0.2239088371784185,-0.07790754847398684,-0.1427625041404439,0.7747110896741778,28.43,-0.30216003927344137,0.7715848507927716,0.10302577273007976,0.014296754250386456,1,0.25402155099102713
CSCO,2015-09,2015-09-30,Information Technology,26.25,0.014296754250386456,-0.040219378427788,-0.03669724770642202,0.042908224076281254,0.25402155099102713,0.25286764080824714,-0.060055304555509004,-0.13050679032792323,0.6332080430982442,24.5,0.10709444193402629,0.2655996326604242,0.0011539101827799936,0.09904761904761905,1,0.20201662875633455
CSCO,2015-10,2015-10-30,Information Technology,28.85,0.12125923047026821,0.017277856135402114,-0.01097017483716145,0.19808970099667778,0.20201662875633455,0.27240712974943565,0.031445686429785846,-0.04438555813183176,-0.48661520912860917,15.07,0.04218533886583664,-0.2563678801929946,-0.0703905009931011,-0.05545927209705381,0,0.23451695056205935
CSCO,2015-11,2015-11-30,Information Technology,27.25,-0.06485929993136585,0.05293663060278209,-0.0629298486932599,-0.01410998552821996,0.23451695056205935,0.2370189682906186,-0.026069179467751336,-0.09738323948327265,0.5887597995412406,16.13,0.04266321913380722,-0.15703158051912514,-0.0025020177285592637,-0.003486238532110053,0,0.22504807848174493
CSCO,2015-12,2015-12-31,Information Technology,27.155,-0.015052593398621639,0.05538282160901664,-0.006403219904866364,-0.023728204206363457,0.22504807848174493,0.2250166661191038,-0.021621251589797774,-0.10052997681351439,-0.908199227845031,18.21,0.16955684007707128,0.07460799190692957,3.141236264114777e-05,-0.12391824709998167,0,0.3222933573859497
CSCO,2016-01,2016-01-29,Information Technology,23.79,-0.14332012963629814,-0.1897138964577657,-0.15936395759717314,-0.12601028655400437,0.3222933573859497,0.2643858438300401,-0.13293059617855285,-0.21199072540576358,0.7685119213419244,20.2,-0.09579230080572965,0.0595464082325905,0.05790751355590962,0.10046237915090384,1,0.4222905181777851
CSCO,2016-02,2016-02-29,Information Technology,26.18,0.13308807617398832,-0.03891336270190893,0.00038211692777978534,-0.1128431040325314,0.4222905181777851,0.33329459026165487,-0.031596118616529,-0.13282543888704879,-0.3281433343715307,20.55,0.06037151702786381,-0.025692547355112505,0.08899592791613026,0.08747135217723456,1,0.14180775064303106
CSCO,2016-03,2016-03-31,Information Technology,28.47,0.06112560566530001,0.02520705797623335,0.11037441497659906,0.03433242506811984,0.14180775064303106,0.3237238392013955,0.05889474374245096,-0.04334677419354849,-1.0339866705908087,13.95,-0.0662650602409639,-0.316155186902798,-0.18191608855836447,-0.03442219880576047,0,0.19442568804533866
CSCO,2016-04,2016-04-29,Information Technology,27.49,-0.03442219880576047,0.15552753257671292,-0.06369209809264309,-0.04647936177592782,0.19442568804533866,0.2791189349436007,0.022199085263823415,-0.07627688172043023,0.99165909130958,15.7,0.18759455370650513,-0.10027016455477444,-0.08469324689826202,0.056747908330301966,1,0.21063076697962413
CSCO,2016-05,2016-05-31,Information Technology,29.05,0.056747908330301966,0.0827431979127844,0.0633235724743777,-0.0044551062371487316,0.21063076697962413,0.18462931254688011,0.08366206902983331,-0.010558583106267005,0.9131184060921224,14.19,-0.10303413400758543,-0.05219465648854971,0.026001454432744014,-0.012392426850258209,0,0.23132330196671055
CSCO,2016-06,2016-06-30,Information Technology,28.69,-0.007266435986159059,0.0,0.04213585179803858,0.04899451553930523,0.23132330196671055,0.21090760695040991,0.0597910154175767,-0.02282016348773841,0.4511451223702945,15.63,-0.0939130434782608,-0.005524359699442427,0.02041569501630064,0.0641338445451376,1,0.1384441676033565
CSCO,2016-07,2016-07-29,Information Technology,30.53,0.08032554847841467,0.11058566751546017,0.2833123160992015,0.0787985865724381,0.1384441676033565,0.19484302250991675,0.1133092049484461,-0.011334196891191639,0.1855901563170803,11.87,-0.012479201331114798,-0.22596571854428027,-0.05639885490656024,0.02980674746151335,1,0.09326544531894392
CSCO,2016-08,2016-08-31,Information Technology,31.44,0.026779882429784463,0.08115543328748287,0.1700781540751768,0.25159235668789814,0.09326544531894392,0.16210342279925707,0.13434849826907214,-0.004433185560481223,-0.27153347609324324,13.42,-0.0022304832713754275,-0.07252322915409681,-0.06883797748031316,0.008905852417302684,1,0.16234857565349878
CSCO,2016-09,2016-09-30,Information Technology,31.72,0.008905852417302684,0.10138888888888875,0.12722103766879878,0.23280217644772638,0.16234857565349878,0.13201342037054414,0.1262804694018853,-0.0047066206463759475,1.2866342065489653,13.29,0.08136696501220508,0.0060922855082912175,0.030335155282954634,-0.032786885245901565,0,0.12176693005679555
CSCO,2016-10,2016-10-31,Information Technology,30.68,-0.032786885245901565,0.0019595035924231397,0.14221891288160826,0.06343154246100524,0.12176693005679555,0.12827816839482156,0.07143200134802075,-0.037339190461248895,0.5378787769062815,17.06,0.31029185867895537,0.2435553292914332,-0.0065112383380260125,-0.028031290743155135,0,0.21928137609133702
CSCO,2016-11,2016-11-30,Information Technology,29.82,-0.028031290743155135,-0.05152671755725191,0.025447042640990514,0.08161044613710544,0.21928137609133702,0.1702983492836443,0.015688331505412156,-0.06432381550047073,0.7353779247545739,13.33,0.07413376309427888,-0.09198148909024073,0.04898302680769273,0.013413816230717579,1,0.12798529888234328
CSCO,2016-12,2016-12-30,Information Technology,30.22,0.013413816230717579,-0.04728877679697352,0.04930555555555549,0.11287055790830403,0.12798529888234328,0.16070697461082514,0.017640333847990464,-0.05177282711013498,-0.01273464197053698,14.04,0.22834645669291342,-0.004109573617663287,-0.032721675728481864,0.016545334215751106,1,0.09999401193381537
CSCO,2017-01,2017-01-31,Information Technology,30.72,0.008535784635587573,0.004249754821837204,-0.00032541490400261885,0.3083475298126064,0.09999401193381537,0.15488291322471692,0.02653725792249828,-0.036084091622215264,-0.7408553049972428,11.99,0.08310749774164417,-0.09113113787585259,-0.05488890129090156,0.11263020833333326,1,0.14269632110611702
CSCO,2017-02,2017-02-28,Information Technology,34.18,0.10329244673983218,0.13592555666334327,0.09027113237639539,0.30557677616501144,0.14269632110611702,0.1254043659385504,0.12393172229876592,-0.004079254079254135,0.33248144171898814,12.92,0.11668107173725151,0.08160255132549343,0.017291955167566625,-0.011117612638970265,0,0.0698423181371391
CSCO,2017-03,2017-03-31,Information Technology,33.8,-0.01715615004361748,0.10965200262639518,0.07677604332589993,0.17811084001394195,0.0698423181371391,0.1128054552979537,0.08805171142808388,-0.018583042973286945,-1.3566253235123185,12.37,-0.04552469135802484,0.054632311148401724,-0.042963137160814596,0.007988165680473447,1,0.10343116324533191
CSCO,2017-04,2017-04-28,Information Technology,34.07,0.009780675755779455,0.09974176888315034,0.11522094926350235,0.21852646638054352,0.10343116324533191,0.11491756361272716,0.08233118953185303,-0.010743321718931442,0.30490482216688036,10.82,-0.2604237867395762,-0.11032511518030774,-0.011486400367395247,-0.07455239213384202,0,0.2829207092145112
CSCO,2017-05,2017-05-31,Information Technology,31.53,-0.07182808360317916,-0.08449477351916368,0.053810160427807396,0.08537005163511191,0.2829207092145112,0.1774081479108403,-0.006663201171967281,-0.08449477351916368,1.4517859178693733,10.41,-0.028917910447761264,-0.12517507703389497,0.10551256130367087,-0.007294640025372723,0,0.13255870491789432
CSCO,2017-06,2017-06-30,Information Technology,31.3,-0.01634192331866746,-0.07396449704142005,0.027577150361129288,0.09097246427326589,0.13255870491789432,0.18977931776434215,-0.01562885748475884,-0.09117305458768865,0.47908173938911397,11.18,0.11576846307385225,-0.021559747728725043,-0.05722061284644783,0.004792332268370503,1,0.09805349303471252
CSCO,2017-07,2017-07-31,Information Technology,31.45,0.0012734797835083356,-0.07418310273770978,0.020110282192669526,0.030134294136914486,0.09805349303471252,0.18860676154024456,-0.01133739800978606,-0.08681765389082463,-0.14240444100674796,10.26,0.088016967126193,-0.028657299571718253,-0.09055326850553204,0.024165341812400598,1,0.2270878406205196
CSCO,2017-08,2017-08-31,Information Technology,32.21,0.021890862944162537,0.007191994996873063,-0.060659084281131426,0.02449109414758266,0.2270878406205196,0.1601125918268725,0.009143700371105457,-0.06475029036004643,1.2154109870172154,10.59,-0.13409648405560104,-0.03642455841361081,0.06697524879364708,0.044085687674635166,1,0.15497491866242458
CSCO,2017-09,2017-09-29,Information Technology,33.63,0.05126602063144747,0.07444089456869007,-0.005029585798816405,0.07136030582988218,0.15497491866242458,0.16650069990518535,0.04528642029030583,-0.023519163763066064,-0.8856031576471066,9.51,-0.008342022940563076,-0.13105338728625504,-0.011525781242760769,0.015462384775497995,1,0.10724312424073132
CSCO,2017-10,2017-10-31,Information Technology,34.15,0.01185185185185178,0.08343908629441632,-0.0029197080291971655,0.11310299869621909,0.10724312424073132,0.16775589672237357,0.04893118059277657,-0.01243493348756508,-0.8187860792497833,10.18,-0.08781362007168458,-0.06590541662418625,-0.060512772481642246,0.09224011713030733,1,0.22269277496187093
CSCO,2017-11,2017-11-30,Information Technology,37.3,0.09224011713030733,0.15802545793231904,0.1663539712320199,0.2508383635144198,0.22269277496187093,0.16724129503266918,0.1297364503559577,-0.011396766498807276,1.3794669589578001,11.28,0.1417004048582995,0.08848622237198822,0.05545147992920174,0.02680965147453085,1,0.0983404782369057
CSCO,2017-12,2017-12-29,Information Technology,38.3,0.02187833511205972,0.13886410942610738,0.22364217252396146,0.2573867367038738,0.0983404782369057,0.15279627634297044,0.1463479240776464,-0.01135776974703162,-0.754299031339965,11.04,0.14760914760914767,0.07101940252540806,-0.05445579810606474,0.08459530026109663,1,0.16191523322415277
CSCO,2018-01,2018-01-31,Information Technology,41.54,0.08459530026109663,0.22032902467685078,0.3124802527646129,0.35221354166666674,0.16191523322415277,0.16690359239349983,0.21513862643116655,-0.030571761960326738,1.490262526958736,13.54,0.18047079337401906,0.27481954179307455,-0.004988359169347062,-0.028887818969667634,0,0.2798514520445531
CVX,2014-02,2014-02-28,Energy,115.33,-0.0057758620689655205,-0.060677634793940394,-0.05319760282407027,-0.015535638070849456,0.20990591279371792,0.16703809180759252,-0.04551498182708691,-0.09729179711959934,0.42398130172650916,14.0,-0.0463215258855586,-0.03891207462052271,0.042867820986125404,0.03104135957686638,1,0.10826630265573667
CVX,2014-03,2014-03-31,Energy,118.91,0.03104135957686638,-0.050467140461550763,-0.030414220482713694,-0.0058523534821502965,0.10826630265573667,0.15868159349339533,-0.009339707961410482,-0.06927050720100192,-0.4955614564528092,13.88,-0.08018555334658706,-0.06159855769230771,-0.050415290837658666,0.05558826002859307,1,0.1439413070900736
CVX,2014-04,2014-04-30,Energy,125.52,0.05558826002859307,0.0820689655172413,0.038127532875692705,0.028768133759527803,0.1439413070900736,0.1581733580599187,0.04488106299166872,-0.017532874139010723,-0.24841553043779843,13.41,0.010550113036925435,-0.10063234542667343,-0.01423205096984509,-0.021749521988527643,0,0.11151462327914219
CVX,2014-05,2014-05-30,Energy,122.79,-0.021749521988527643,0.06468395040319086,8.144648965635604e-05,-0.0185436815602269,0.11151462327914219,0.12275402405394058,0.02294179616133163,-0.03890106449592989,-0.3939194069310198,11.4,-0.052369077306733125,-0.1761021440616719,-0.011239400774798389,0.06319732877270146,1,0.09631366668518815
CVX,2014-06,2014-06-30,Energy,130.55,0.06319732877270146,0.09788915986880853,0.04248183342649536,0.10317728578671637,0.09631366668518815,0.12047595145788297,0.0807941879350833,-0.01827342457512393,0.06569476520289382,11.57,0.05373406193078312,-0.0917122528068186,-0.024162284772694817,-0.010034469551895797,0,0.14990717428102188
CVX,2014-07,2014-07-31,Energy,129.24,-0.009958633369082093,0.03441651992956629,0.10983254615714899,0.026610533005004378,0.14990717428102188,0.12217639334008008,0.06057257050286258,-0.04160177975528356,1.6558069467188226,16.95,0.4315878378378377,0.4020771513353114,0.027730780940941793,0.0016248839368615542,1,0.13512803782726285
CVX,2014-08,2014-08-29,Energy,129.45,0.0016248839368615542,0.05924228786515018,0.12722048066875646,0.07543407825870219,0.13512803782726285,0.1287107160015363,0.05552450272320408,-0.0400444938820913,-0.9090370252950783,11.98,0.04446381865736693,-0.038106647634584045,0.006417321825726546,-0.07825415218230969,0,0.11870641962527824
CVX,2014-09,2014-09-30,Energy,119.32,-0.07825415218230969,-0.08595066646238703,0.0026890756302520025,-0.017942386831275803,0.11870641962527824,0.1359055569408069,-0.028748854819850234,-0.11516499814608827,1.743434272301925,16.31,0.09243134628265226,0.24473652331920048,-0.017199137315528648,0.005279919544083134,1,0.24930798816545616
CVX,2014-10,2014-10-31,Energy,119.95,0.02425070446588684,-0.06413357259889196,-0.04315571155073383,-8.336112037343746e-05,0.24930798816545616,0.17905533497049742,-0.016900379921491404,-0.11049314052651082,1.4069705146832963,14.03,-0.1291123525760397,-0.06893282630908115,0.07025265319495874,-0.09237182159233015,0,0.2577527344081101
CVX,2014-11,2014-11-28,Energy,108.87,-0.07059928290933926,-0.15898030127462326,-0.1091563701824727,-0.11068452867178558,0.2577527344081101,0.21265230034948365,-0.10909404102815479,-0.1926585094549499,1.731641479540918,13.33,-0.018409425625920517,-0.11879328436516257,0.04510043405862643,0.030403233213924796,1,0.31162540455974824
CVX,2014-12,2014-12-31,Energy,112.18,0.004027566454846587,-0.04649383765405868,-0.13860093680411567,-0.1019133776318949,0.31162540455974824,0.27289184511392534,-0.07775568582363801,-0.168112717834631,-0.642777099782047,19.2,0.29729729729729715,0.19535141117874932,0.03873355944582291,-0.08602246389730794,0,0.2897148778677817
CVX,2015-01,2015-01-30,Energy,102.53,-0.09353726460967193,-0.1247225542086392,-0.20666976168368933,-0.1195362816659511,0.2897148778677817,0.2899930196504153,-0.1493471178979342,-0.2396737115313311,2.317232409871851,20.97,0.25870348139255683,0.28986936400382723,-0.0002781417826335786,0.04047595825612027,1,0.22105751454216926
CVX,2015-02,2015-02-27,Energy,106.68,0.02863754700607468,-0.08153250107619459,-0.1707089552238804,-0.07788054282997658,0.22105751454216926,0.30043123768206165,-0.10389952385212331,-0.2088987764182424,-1.0010610791983523,13.34,-0.06713286713286715,-0.2133845001871958,-0.07937372313989238,-0.015935508061492354,0,0.23398611203149594
CVX,2015-03,2015-03-31,Energy,104.98,-0.008687440982058536,-0.07359689375220602,-0.12915802571547075,-0.11714742242031784,0.23398611203149594,0.24913553231820335,-0.10224319477594135,-0.22150537634408596,-0.4169581320010702,15.29,0.12261380323054327,-0.07871304647225941,-0.015149420286707405,0.05791579348447318,1,0.15278010085413862
CVX,2015-04,2015-04-30,Energy,111.06,0.05791579348447318,0.07825242718446601,-0.0518227610347477,-0.11520076481835562,0.15278010085413862,0.20342923817150035,-0.03133254573499811,-0.17641824249165738,-0.24709341862812723,14.55,0.16586538461538458,-0.01691297912957679,-0.05064913731736173,-0.072573383756528,0,0.11849243993656945
CVX,2015-05,2015-05-29,Energy,103.0,-0.07813478922402228,-0.034495688038995165,-0.1132156693930263,-0.15794637017658597,0.11849243993656945,0.17784972084248324,-0.08277346151945253,-0.2361883574341861,-0.018410850791307352,13.84,0.1428571428571428,-0.0047029815990137225,-0.05935728090591379,-0.06339805825242717,0,0.12443057642599685
CVX,2015-06,2015-06-30,Energy,96.47,-0.060021436227224,-0.08106305963040583,-0.14869396399576418,-0.26104940635771745,0.12443057642599685,0.13835887914230738,-0.1177780480644981,-0.28461253244345563,1.9956102657876245,18.23,0.5053674649050373,0.3267677876228874,-0.013928302716310528,-0.08282367575412042,0,0.2659516891724717
CVX,2015-07,2015-07-31,Energy,88.48,-0.07919658653345818,-0.18855465884079237,-0.13703306349361155,-0.3153822346022903,0.2659516891724717,0.1773937930168561,-0.1690914802295329,-0.31649285438393193,3.7674843313838635,12.12,-0.11790393013100442,-0.13751270755676048,0.0885578961556156,-0.08465189873417733,0,0.46230644284835287
CVX,2015-08,2015-08-31,Energy,80.99,-0.08465189873417733,-0.21046987716903887,-0.2298402434385698,-0.37435303205870996,0.46230644284835287,0.31106621978334126,-0.2127847871802212,-0.36657281401532926,1.580495001827253,28.43,-0.30216003927344137,0.7715848507927716,0.15124022306501161,-0.02605259908630697,0,0.27755610328442887
CVX,2015-09,2015-09-30,Energy,78.88,-0.02605259908630697,-0.179102924341763,-0.24725641759709904,-0.3389205497820985,0.27755610328442887,0.34208345037306304,-0.2046037791404115,-0.34239266360983744,0.792088365326582,24.5,0.10709444193402629,0.2655996326604242,-0.06452734708863417,0.15212981744421916,1,0.2823142513168344
CVX,2015-10,2015-10-30,Energy,90.88,0.1600714832780188,0.06168224299065428,-0.16100443131462328,-0.2245733788395905,0.2823142513168344,0.34763221564454855,-0.06246598885956223,-0.24235097957482288,0.09324999747221752,15.07,0.04218533886583664,-0.2563678801929946,-0.06531796432771414,0.0048415492957745165,1,0.3106991250236674
CVX,2015-11,2015-11-30,Energy,91.32,0.015908332406274317,0.12754661069267814,-0.10976798596217596,-0.16120143290162592,0.3106991250236674,0.29147617324138775,-0.04232660521980236,-0.19908787931941763,0.6660039558229734,16.13,0.04266321913380722,-0.15703158051912514,0.019222951782279674,-0.014892685063512934,0,0.34842638603822595
CVX,2015-12,2015-12-31,Energy,89.96,-0.027249134948096998,0.1483278018892007,-0.06164597892980084,-0.19807452308789453,0.34842638603822595,0.31522415748451016,-0.03902287127702819,-0.20234084057457002,-0.846983390076466,18.21,0.16955684007707128,0.07460799190692957,0.033202228553715796,-0.03879502000889279,0,0.41869590490672415
CVX,2016-01,2016-01-29,Energy,86.47,-0.05238356164383562,-0.03697516427219072,-0.07051488767064396,-0.16048543689320394,0.41869590490672415,0.3569528216860012,-0.054490622814801326,-0.23328604362475613,1.4968624407599183,20.2,-0.09579230080572965,0.0595464082325905,0.06174308322072297,-0.035041054701052454,0,0.4085695262563899
CVX,2016-02,2016-02-29,Energy,83.44,-0.02886405959031657,-0.081765159018378,0.07470376094796483,-0.21784776902887149,0.4085695262563899,0.3876758075336704,-0.06267780504394815,-0.25319967779468366,-0.07517464232270996,20.55,0.06037151702786381,-0.025692547355112505,0.0208937187227195,0.14333652924256968,1,0.24449907305302682
CVX,2016-03,2016-03-31,Energy,95.4,0.1076280041797284,0.045479452054794534,0.2511475409836066,-0.09125547723375882,0.24449907305302682,0.3689828861773753,0.08512671186132237,-0.14615591157254093,-1.9334224575960848,13.95,-0.0662650602409639,-0.316155186902798,-0.12448381312434847,0.0710691823899372,1,0.1910210472935034
CVX,2016-04,2016-04-29,Energy,102.18,0.0710691823899372,0.18168150803746963,0.13798864016037427,-0.07995678011885465,0.1910210472935034,0.30015137145922544,0.16020029294546467,-0.06291269258987531,-0.13171691253626275,15.7,0.18759455370650513,-0.10027016455477444,-0.10913032416572205,-0.011548248189469645,0,0.16630929019790155
CVX,2016-05,2016-05-31,Energy,101.0,-0.011548248189469645,0.17264600023220722,0.11762753126037406,-0.015882295625060827,0.16630929019790155,0.2033038019925219,0.13095444717043048,-0.02744342802118438,0.3128255276406654,14.19,-0.10303413400758543,-0.05219465648854971,-0.03699451179462035,0.037920792079207954,1,0.18853007675926145
CVX,2016-06,2016-06-30,Energy,104.83,0.03658657173934543,0.11213664332696793,0.16361416361416348,0.09095639504631059,0.18853007675926145,0.17901305264953868,0.1396491472199921,0.0,0.5981681157743639,15.63,-0.0939130434782608,-0.005524359699442427,0.009517024109722771,-0.022417246971286775,0,0.15342689377154875
CVX,2016-07,2016-07-29,Energy,102.48,-0.00908915103461616,0.0029359953024075125,0.18515091939400952,0.10158013544018063,0.15342689377154875,0.16593590820491627,0.08663726695034324,-0.0425114453891432,1.9468337401157811,11.87,-0.012479201331114798,-0.22596571854428027,-0.012509014433367521,-0.01854020296643255,0,0.11986634552994634
CVX,2016-08,2016-08-31,Energy,100.58,0.009940757104126785,0.0004973639709540123,0.1490917399748657,0.2863537536769407,0.11986634552994634,0.16610118721588682,0.053778536779574004,-0.060263477529664655,-0.006260502887391246,13.42,-0.0022304832713754275,-0.07252322915409681,-0.046234841685940484,0.023265062636707023,1,0.23522955771969398
CVX,2016-09,2016-09-30,Energy,102.92,0.023265062636707023,-0.0118098895823332,0.10157337043776082,0.31376053101863666,0.23522955771969398,0.1838344736172219,0.06606119804479493,-0.03840044847239088,1.531588606209026,13.29,0.08136696501220508,0.0060922855082912175,0.051395084102472066,0.017780800621842285,1,0.18657914925327862
CVX,2016-10,2016-10-31,Energy,104.75,0.017780800621842285,0.05181243096696453,0.033853138570864694,0.152618838028169,0.18657914925327862,0.18367083554676084,0.06856624932226385,-0.02130243856862568,2.45486452226022,17.06,0.31029185867895537,0.2435553292914332,0.0029083137065177844,0.06501193317422427,1,0.1599454604725742
CVX,2016-11,2016-11-30,Energy,111.56,0.06501193317422427,0.10916683237224101,0.1097184919924401,0.2063148788927336,0.1599454604725742,0.19381069823342575,0.10887467509554538,0.0,2.7939718694747193,13.33,0.07413376309427888,-0.09198148909024073,-0.03386523776085154,0.05503764790247412,1,0.11097134054682424
CVX,2016-12,2016-12-30,Energy,117.7,0.05503764790247412,0.14360668480373096,0.13010081613058078,0.30835927078701664,0.11097134054682424,0.15385622970136986,0.13767017327480358,-0.009009009009008917,-0.669929286551396,14.04,0.22834645669291342,-0.004109573617663287,-0.04288488915454562,-0.05395072217502128,0,0.1209968025293466
CVX,2017-01,2017-01-31,Energy,111.35,-0.05491427601425902,0.07252937776921597,0.12349914236706683,0.30554578496892937,0.1209968025293466,0.13746516023781702,0.055659868002224,-0.06247368864191294,0.528659045217636,11.99,0.08310749774164417,-0.09113113787585259,-0.016468357708470424,0.01032779524023364,1,0.16139898592154392
CVX,2017-02,2017-02-28,Energy,112.5,-0.011336672818349602,0.013513513513513598,0.11034346624555869,0.348274209012464,0.16139898592154392,0.13850916501862762,0.05676271778705422,-0.052791108865875236,0.38361778974233907,12.92,0.11668107173725151,0.08160255132549343,0.022889820902916302,-0.045599999999999974,0,0.1448129886260497
CVX,2017-03,2017-03-31,Energy,107.37,-0.05284050811573748,-0.08869461891020192,0.06023501530561881,0.13908338637810314,0.1448129886260497,0.14122879304375865,-0.0001475985895721399,-0.0959838343015913,-0.16259726385167328,12.37,-0.04552469135802484,0.054632311148401724,0.003584195582291033,-0.0062401043121914634,0,0.1372459837675082
CVX,2017-04,2017-04-28,Energy,106.7,-0.01267696863144252,-0.0623077599086036,0.05445202095068691,0.0419921875,0.1372459837675082,0.14902395263946935,-0.009485085416826355,-0.10162498947545673,0.3786331271180109,10.82,-0.2604237867395762,-0.11032511518030774,-0.011777968871961142,-0.03017806935332712,0,0.16324304437534545
CVX,2017-05,2017-05-31,Energy,103.48,-0.023036253776435034,-0.09132420091324189,-0.06352941176470583,0.024554455445544576,0.16324304437534545,0.14754042219750388,-0.04223495786870435,-0.12873621284836234,1.2388973669855277,10.41,-0.028917910447761264,-0.12517507703389497,0.015702622177841574,0.00821414766138373,1,0.1656683284697071
CVX,2017-06,2017-06-30,Energy,104.33,0.0005754291742592343,-0.028313309118003227,-0.11449668986589712,-0.004769627015167366,0.1656683284697071,0.1548331844399784,-0.0377693736185748,-0.12157952344868228,0.1178361626953416,11.18,0.11576846307385225,-0.021559747728725043,0.01083514402972871,0.04658295792197831,1,0.14369840476776052
CVX,2017-07,2017-07-31,Energy,109.19,0.04869381482904345,0.030872356495468267,-0.02351994276515823,0.06547619047619047,0.14369840476776052,0.1575081896279066,0.0034600486152911447,-0.08066009935168816,1.4252183573499864,10.26,0.088016967126193,-0.028657299571718253,-0.013809784860146085,-0.014378606099459623,0,0.10431533910370368
CVX,2017-08,2017-08-31,Energy,107.62,-0.025710664493934332,0.04373969547085643,-0.0522236900044033,0.06999403459932396,0.10431533910370368,0.13866939395811395,-0.015746051140598682,-0.09387892565462652,0.379387697763672,10.59,-0.13409648405560104,-0.03642455841361081,-0.034354054854410274,0.09180449730533358,1,0.11455340048218696
CVX,2017-09,2017-09-29,Energy,117.5,0.0906896871809153,0.1262340649861018,0.09434665176492496,0.16026463908363775,0.11455340048218696,0.12560789879315265,0.07218790207046322,-0.010692935926580716,-0.06816632392433118,9.51,-0.008342022940563076,-0.13105338728625504,-0.011054498310965694,-0.013702127659574459,0,0.18647600862477084
CVX,2017-10,2017-10-31,Energy,115.89,-0.01311419569104999,0.04915806626833241,0.08592578710644672,0.10634844868735094,0.18647600862477084,0.1429290043700084,0.056626962997541996,-0.0360173016137082,1.4644165771719302,10.18,-0.08781362007168458,-0.06590541662418625,0.043547004254762434,0.026749503839847977,1,0.11939009587124172
CVX,2017-11,2017-11-30,Energy,118.99,0.026749503839847977,0.10564950752648206,0.15401028028319264,0.0666009322337755,0.11939009587124172,0.1449460955250356,0.08216210513679134,-0.01023124272167697,1.623342476640057,11.28,0.1417004048582995,0.08848622237198822,-0.025555999653793876,0.052105218925960095,1,0.1386246258409203
CVX,2017-12,2017-12-29,Energy,125.19,0.06835637480798762,0.06544680851063833,0.199942490175405,0.06255304702087927,0.1386246258409203,0.14764787283290523,0.12758895559088312,-0.006270836640736688,-0.6644458220453169,11.04,0.14760914760914767,0.07101940252540806,-0.009023246991984923,0.0012780573528237138,1,0.19592211045132418
CVX,2018-01,2018-01-31,Energy,125.35,0.0012780573528237138,0.09581257102893614,0.14182911277099652,0.12572968118545136,0.19592211045132418,0.15278760231945082,0.10615271525855374,-0.06175149700598803,1.8971161554514653,13.54,0.18047079337401906,0.27481954179307455,0.04313450813187336,-0.08025528520143588,0,0.34796390660119375
DIS,2014-02,2014-02-28,Communication Services,80.81,0.13290340670124778,0.1352908120258498,0.3288932741325439,0.48030774867191783,0.26442927604736155,0.21995774190426148,0.1856710023402366,0.0,0.0791865327585595,14.0,-0.0463215258855586,-0.03891207462052271,0.04447153414310007,-0.009157282514540399,0,0.19812289202570568
DIS,2014-03,2014-03-31,Communication Services,80.07,-0.009157282514540399,0.07693342299932748,0.2282558674643349,0.41241841594637485,0.19812289202570568,0.22999894359193496,0.14702456927486884,-0.03923686105111601,-0.15152748611588968,13.88,-0.08018555334658706,-0.06159855769230771,-0.031876051566229274,-0.009117022605220293,0,0.21246587046381768
DIS,2014-04,2014-04-30,Communication Services,79.34,-0.009117022605220293,0.11229496705453523,0.14985507246376817,0.2625716104392106,0.21246587046381768,0.22835364774335523,0.11121304155704292,-0.04799616030717546,-0.3130653413222259,13.41,0.010550113036925435,-0.10063234542667343,-0.01588777727953755,0.05886059994958415,1,0.12484021566684447
DIS,2014-05,2014-05-30,Communication Services,84.01,0.05886059994958415,0.03959905952233633,0.18024726046642314,0.29945862335653506,0.12484021566684447,0.1811163070851114,0.14845264427086047,-0.00023801023444003366,-0.14366846967727484,11.4,-0.052369077306733125,-0.1761021440616719,-0.05627609141826692,0.020592786573026878,1,0.12237735522456036
DIS,2014-06,2014-06-30,Communication Services,85.74,0.020592786573026878,0.07081303859123267,0.15319435104236723,0.3577197149643705,0.12237735522456036,0.15758993534944035,0.13612346564034805,0.0,0.43375279526916866,11.57,0.05373406193078312,-0.0917122528068186,-0.03521258012487999,0.0016328434802892478,1,0.13097767716752048
DIS,2014-07,2014-07-31,Communication Services,85.88,-0.006823175667861725,0.07943690296631467,0.17290357825730673,0.3283836040216548,0.13097767716752048,0.12649080471144025,0.10410865210806586,-0.015363448750286723,0.34124605356479804,16.95,0.4315878378378377,0.4020771513353114,0.004486872456080232,0.046576618537494285,1,0.13444514867159563
DIS,2014-08,2014-08-29,Communication Services,89.88,0.046576618537494285,0.06657173371306513,0.13113516234583433,0.4715127701375246,0.13444514867159563,0.12912480963384013,0.12452401968542604,-0.011656036947437887,-0.8514598314006555,11.98,0.04446381865736693,-0.038106647634584045,0.0053203390377555,-0.00945705384957718,0,0.12398772120911747
DIS,2014-09,2014-09-30,Communication Services,89.03,-0.00945705384957718,0.02960564357580675,0.09145519185975237,0.3805241122654677,0.12398772120911747,0.12922131838608722,0.08597737658946047,-0.02100285902793042,-0.29563741999313753,16.31,0.09243134628265226,0.24473652331920048,-0.005233597176969751,0.02639559698977867,1,0.25373844643133975
DIS,2014-10,2014-10-31,Communication Services,91.38,0.0528862772208778,0.047455295735900904,0.12509234178773698,0.3322641784516691,0.25373844643133975,0.17833315766997798,0.09480393448907964,0.0,0.5409755482479798,14.03,-0.1291123525760397,-0.06893282630908115,0.07540528876136177,0.0123659444079669,1,0.1501051826194115
DIS,2014-11,2014-11-28,Communication Services,92.51,0.033284932424885616,0.029261237205162605,0.09778094220956457,0.3071923131270313,0.1501051826194115,0.185177901914662,0.0879395241572909,0.0,-1.3071357610669898,13.33,-0.018409425625920517,-0.11879328436516257,-0.03507271929525049,0.01816019889741649,1,0.12666271549947866
DIS,2014-12,2014-12-31,Communication Services,94.19,0.016073354908306303,0.07658018059206761,0.0896575659416936,0.23285340314136116,0.12666271549947866,0.18172827377756515,0.090254784405849,-0.013717277486910984,-0.8456889926233564,19.2,0.29729729729729715,0.19535141117874932,-0.055065558278086485,-0.03429238772693499,0,0.15136477247707594
DIS,2015-01,2015-01-30,Communication Services,90.96,-0.03949313621964101,0.015972299787780475,0.05915230554261752,0.2422835290904124,0.15136477247707594,0.14242194307099978,0.035743749071263764,-0.047539267015706876,1.383120479953748,20.97,0.25870348139255683,0.28986936400382723,0.008942829406076158,0.14423922603342132,1,0.3019120821909961
DIS,2015-02,2015-02-27,Communication Services,104.08,0.12312506744361706,0.1356246590289143,0.15170963815425464,0.2932405566600398,0.3019120821909961,0.20383111880678717,0.15717346372659224,-0.014113858103627863,-1.0895753626347626,13.34,-0.06713286713286715,-0.2133845001871958,0.09808096338420891,0.0077824750192159176,1,0.2133834507916931
DIS,2015-03,2015-03-31,Communication Services,104.89,-0.00944376239493816,0.09832460732984294,0.18079477653945752,0.30997876857749485,0.2133834507916931,0.2300250963443645,0.13446289309128434,-0.03264779120169703,-0.2522064103669864,15.29,0.12261380323054327,-0.07871304647225941,-0.01664164555267139,0.03651444370292678,1,0.1068170673598907
DIS,2015-04,2015-04-30,Communication Services,108.72,0.03651444370292678,0.16627333190302518,0.20894028688980315,0.37030501638517754,0.1068170673598907,0.2241803613983562,0.14668243108910017,-0.013071895424836555,0.7284315781763443,14.55,0.16586538461538458,-0.01691297912957679,-0.1173632940384655,0.015176600441501265,1,0.11239513162289994
DIS,2015-05,2015-05-29,Communication Services,110.37,0.005099717694199146,0.06043428132205997,0.20425531914893624,0.3134594787575866,0.11239513162289994,0.15264690727736077,0.1356685004535163,-0.005944339367738416,-0.19260157000193445,13.84,0.1428571428571428,-0.0047029815990137225,-0.040251775654460836,0.0341578327444052,1,0.13145541184112883
DIS,2015-06,2015-06-30,Communication Services,114.14,0.02865897620764235,0.0881876251310898,0.1951832460732985,0.33123396314439013,0.13145541184112883,0.11397693943828367,0.14622618535343057,-0.007391947125837017,0.6978301194663244,18.23,0.5053674649050373,0.3267677876228874,0.017478472402845155,0.05134045908533369,1,0.10797022405851735
DIS,2015-07,2015-07-31,Communication Services,120.0,0.04230000868583339,0.08577633007600438,0.3192612137203168,0.39729855612482545,0.10797022405851735,0.11123003656698784,0.1667028830686621,-0.00024993751562107924,0.016285386503374612,12.12,-0.11790393013100442,-0.13751270755676048,-0.0032598125084704888,-0.15100000000000002,0,0.4592692535401638
DIS,2015-08,2015-08-31,Communication Services,101.88,-0.15100000000000002,-0.08009029345372465,-0.042031029619181925,0.13351134846461954,0.4592692535401638,0.2871256834685943,-0.027044217058527775,-0.16279069767441867,0.08553905962121422,28.43,-0.30216003927344137,0.7715848507927716,0.1721435700715695,0.003140950137416665,1,0.2420324647402991
DIS,2015-09,2015-09-30,Communication Services,102.2,0.003140950137416665,-0.1123078259358985,-0.030728376327769258,0.1479276648320791,0.2420324647402991,0.30809090625149,-0.0341305379193545,-0.16016106500123262,-0.01768554495410755,24.5,0.10709444193402629,0.2655996326604242,-0.06605844151119089,0.11291585127201564,1,0.1393097450872202
DIS,2015-10,2015-10-30,Communication Services,113.74,0.1078211746371871,-0.06093130779392342,0.024407817706926016,0.2606960762580359,0.1393097450872202,0.3153679486670485,0.05842656060687834,-0.06532993672446386,-0.30868145663974855,15.07,0.04218533886583664,-0.2563678801929946,-0.1760582035798283,-0.0023738350624230575,0,0.20724132507296938
DIS,2015-11,2015-11-30,Communication Services,113.47,-0.013647426981919342,0.11376128778955641,0.024559819413092487,0.2265701005296723,0.20724132507296938,0.1996547900393254,0.03744901098569531,-0.06754868929246449,2.2904452798443558,16.13,0.04266321913380722,-0.15703158051912514,0.007586535033643982,-0.07394024852383896,0,0.24458579487830107
DIS,2015-12,2015-12-31,Communication Services,105.08,-0.08934916370569379,0.023473263855069648,-0.08602244063668785,0.11561736914746779,0.24458579487830107,0.20905719229711175,-0.043785836418947066,-0.136494370942559,-0.6222042103690116,18.21,0.16955684007707128,0.07460799190692957,0.03552860258118931,-0.08812333460220789,0,0.30526818002049017
DIS,2016-01,2016-01-29,Communication Services,95.82,-0.1051550242809115,-0.16197306279517243,-0.2016995751062235,0.027891010512765435,0.30526818002049017,0.25648925858344795,-0.12117019554467601,-0.21258936642287785,-0.40322752190403927,20.2,-0.09579230080572965,0.0595464082325905,0.04877892143704221,-0.003130870381966133,0,0.26192991835874074
DIS,2016-02,2016-02-29,Communication Services,95.52,0.02127659574468077,-0.1950787899216314,-0.06508759909953998,-0.08224442736356652,0.26192991835874074,0.2739929833597041,-0.11151459229384009,-0.2150546470539897,-0.6091743379013961,20.55,0.06037151702786381,-0.025692547355112505,-0.01206306500096338,0.03967755443886101,1,0.13723863551375648
DIS,2016-03,2016-03-31,Communication Services,99.31,0.016999487967229943,-0.07256257004109079,-0.0011064172198752553,-0.0531985889979979,0.13723863551375648,0.2448348679469814,-0.06477587722581868,-0.18390993508094333,-0.4615209784386478,13.95,-0.0662650602409639,-0.316155186902798,-0.10759623243322491,0.039774443661262815,1,0.1780913810678603
DIS,2016-04,2016-04-29,Communication Services,103.26,0.039774443661262815,0.07764558547276157,-0.09690397061395839,-0.05022075055187636,0.1780913810678603,0.19518859902062177,-0.013652780179063129,-0.15145040677130406,-0.17078216759219872,15.7,0.18759455370650513,-0.10027016455477444,-0.01709721795276148,-0.039124539996126306,0,0.1858584808065274
DIS,2016-05,2016-05-31,Communication Services,99.22,-0.039124539996126306,0.01607782898105481,-0.13819160948493003,-0.10580389329488105,0.1858584808065274,0.16758974166285467,-0.03841541093882428,-0.18464951927027695,1.3254339996691522,14.19,-0.10303413400758543,-0.05219465648854971,0.01826873914367272,-0.014110058455956476,0,0.1613536654596666
DIS,2016-06,2016-06-30,Communication Services,97.82,-0.007105156313438887,-0.012617341273846727,-0.08012036862892613,-0.1503517762529315,0.1613536654596666,0.1747970192645338,-0.04760050239024827,-0.19615416221546556,0.015806150697863796,15.63,-0.0939130434782608,-0.005524359699442427,-0.01344335380486722,-0.01911674504191363,0,0.09152465296209582
DIS,2016-07,2016-07-29,Communication Services,95.95,-0.010620746545679571,-0.07079217509200075,0.0013567104988521095,-0.20061651253853197,0.09152465296209582,0.14877381373795057,-0.061629752058033116,-0.2115210781493959,0.5460884028951093,11.87,-0.012479201331114798,-0.22596571854428027,-0.05724916077585475,-0.015528921313184063,0,0.0949456209250099
DIS,2016-08,2016-08-31,Communication Services,94.46,-0.005788864330070642,-0.04315235008103735,-0.04412062335559608,-0.05074866847553017,0.0949456209250099,0.11748973294068017,-0.058105591687876657,-0.21329224618972265,0.22600825619256704,13.42,-0.0022304832713754275,-0.07252322915409681,-0.022544112015670276,-0.016938386618674528,0,0.12455511507366006
DIS,2016-09,2016-09-30,Communication Services,92.86,-0.016938386618674528,-0.05273895746200141,-0.05897851641670049,-0.09554884581669432,0.12455511507366006,0.10192528076207465,-0.05253502488039352,-0.2266178062796702,0.7232693020565534,13.29,0.08136696501220508,0.0060922855082912175,0.02262983431158541,-0.0018307129011415624,0,0.09204744944837916
DIS,2016-10,2016-10-31,Communication Services,92.69,-0.0018307129011415624,-0.024418482265024855,-0.10686066679514361,-0.18507121505187263,0.09204744944837916,0.10329028735565358,-0.04256203746599674,-0.22803364703922713,1.0377061101616822,17.06,0.31029185867895537,0.2435553292914332,-0.011242837907274428,0.06937102168518727,1,0.15907033063674914
DIS,2016-11,2016-11-30,Communication Services,99.12,0.06937102168518727,0.049333051026889896,0.004051863857374549,-0.14100008666262243,0.15907033063674914,0.12918872800198636,0.02068398801993787,-0.13235294117647056,1.365239576550092,13.33,0.07413376309427888,-0.09198148909024073,0.029881602634762777,0.05145278450363189,1,0.11814571941183073
DIS,2016-12,2016-12-30,Communication Services,104.22,0.05145278450363189,0.12233469739392633,0.06314393552993969,-0.008184240578606783,0.11814571941183073,0.12612382869531774,0.06590410851726092,-0.022326454033771093,-0.1896261221887092,14.04,0.22834645669291342,-0.004109573617663287,-0.007978109283487009,0.06169641143734417,1,0.13937041919450477
DIS,2017-01,2017-01-31,Communication Services,110.65,0.058244070390206515,0.17900905700586045,0.15815365292024275,0.1629006831318971,0.13937041919450477,0.14050152669729427,0.1198786300539394,-0.002614025599423031,0.24173694859509176,11.99,0.08310749774164417,-0.09113113787585259,-0.0011311075027894968,-0.005061003163126965,0,0.08408870294493956
DIS,2017-02,2017-02-28,Communication Services,110.09,0.007227813357731039,0.11404573972879994,0.15628610440079838,0.15253350083752104,0.08408870294493956,0.11301903540262764,0.1077285929109999,-0.010871518418688164,-1.2426524951160187,12.92,0.11668107173725151,0.08160255132549343,-0.028930332457688085,0.029975474611681374,1,0.07000215001488995
DIS,2017-03,2017-03-31,Communication Services,113.39,0.02531874491364494,0.08444912012241779,0.23518518518518516,0.14454426163318868,0.07000215001488995,0.09944611307650589,0.12422826424271971,0.0,-1.0606370444013573,12.37,-0.04552469135802484,0.054632311148401724,-0.029443963061615938,0.019490254872563728,1,0.07485028404079187
DIS,2017-04,2017-04-28,Communication Services,115.6,0.027281613791877657,0.05763952424519658,0.23649588191250404,0.11121791790829572,0.07485028404079187,0.07718325398578253,0.12952782121802375,-0.002071823204420009,-1.182847353260175,10.82,-0.2604237867395762,-0.11032511518030774,-0.0023329699449906594,-0.06626297577854667,0,0.14547362389866147
DIS,2017-05,2017-05-31,Communication Services,107.94,-0.059182428309945134,-0.02791786743515856,0.09063352531070024,0.08788550695424302,0.14547362389866147,0.10620487496701606,0.04094489328000339,-0.06819751381215478,1.6118925510013478,10.41,-0.028917910447761264,-0.12517507703389497,0.03926874893164542,-0.01565684639614595,0,0.14189854629426224
DIS,2017-06,2017-06-30,Communication Services,106.25,-0.0181129285648276,-0.06296851574212892,0.016162968630451413,0.0861786955632795,0.14189854629426224,0.12601186047143673,0.012964032864843267,-0.08278660220994483,-0.6967058893181461,11.18,0.11576846307385225,-0.021559747728725043,0.015886685822825514,0.0346352941176471,1,0.16006524836958305
DIS,2017-07,2017-07-31,Communication Services,109.93,0.03992053731908074,-0.04183735727359883,-0.009104020191094242,0.14570088587806151,0.16006524836958305,0.14991086676137666,0.03452867680930782,-0.051018646408839796,0.03453378595558564,10.26,0.088016967126193,-0.028657299571718253,0.010154381608206392,-0.07941417265532613,0,0.19001956325641942
DIS,2017-08,2017-08-31,Communication Services,101.2,-0.06874022269255542,-0.05579399141630903,-0.09025530384753677,0.07135295363116678,0.19001956325641942,0.1687084272638272,-0.05807147580746874,-0.12638121546961323,1.0459892910134934,10.59,-0.13409648405560104,-0.03642455841361081,0.02131113599259221,-0.025988142292490246,0,0.19113445379991664
DIS,2017-09,2017-09-29,Communication Services,98.57,-0.04180033051424137,-0.07228235294117658,-0.13069935620425088,0.07374727668845305,0.19113445379991664,0.18215765117191768,-0.08150020080826492,-0.14908494475138134,0.29491442920632077,9.51,-0.008342022940563076,-0.13105338728625504,0.008976802627998964,-0.007710256670386384,0,0.10251630548763707
DIS,2017-10,2017-10-31,Communication Services,97.81,-0.02052874023633089,-0.09993558479801234,-0.12372334707041754,0.05523788973999366,0.10251630548763707,0.16469791382897087,-0.08160400522436895,-0.1556457182320442,-0.7147619307340608,10.18,-0.08781362007168458,-0.06590541662418625,-0.062181608341333794,0.07166956343932096,1,0.15123410973292042
DIS,2017-11,2017-11-30,Communication Services,104.82,0.07166956343932096,0.0357707509881422,-0.02201903340175415,0.05750605326876501,0.15123410973292042,0.1531245574431386,-0.009230920464362802,-0.09513121546961334,0.7770379060971216,11.28,0.1417004048582995,0.08848622237198822,-0.0018904477102181794,0.025663041404312192,1,0.25921870952786724
DIS,2017-12,2017-12-29,Communication Services,107.51,0.02156974534397582,0.09069696662270488,0.011858823529411922,0.028213465952563244,0.25921870952786724,0.18354041465494533,0.01873299407152551,-0.0719095303867403,-1.0438327786004538,11.04,0.14760914760914767,0.07101940252540806,0.07567829487292191,0.010789693981955173,1,0.2086726827066594
DIS,2018-01,2018-01-31,Communication Services,108.67,0.010789693981955173,0.10842513259893916,-0.01753910134707526,-0.01789426118391324,0.2086726827066594,0.2083194654969489,0.03158401353295459,-0.061895718232044206,0.5314982039544291,13.54,0.18047079337401906,0.27481954179307455,0.000353217209710488,-0.03598049139596937,0,0.21831391351012752
DUK,2014-02,2014-02-28,Utilities,70.88,0.02739527467748948,0.005390070921985846,0.07312641937925801,0.023537906137184095,0.09844269900613324,0.10647846142292056,0.026956150073530027,-0.057446808510638436,0.04549435922784382,14.0,-0.0463215258855586,-0.03891207462052271,-0.008035762416787315,0.004796839729119595,1,0.13651095676386618
DUK,2014-03,2014-03-31,Utilities,71.22,0.004796839729119595,0.03292240754169673,0.06457399103139005,-0.015210176991150348,0.13651095676386618,0.11390309601834685,0.0297212364462327,-0.052925531914893686,-0.07661976588810533,13.88,-0.08018555334658706,-0.06159855769230771,0.022607860745519334,0.04591406908171858,1,0.12113785036553953
DUK,2014-04,2014-04-30,Utilities,74.49,0.04591406908171858,0.07972169879692714,0.029293906314771245,-0.009441489361702193,0.12113785036553953,0.11843308391968037,0.06920554540032775,-0.005341167044999429,-0.06944220000921861,13.41,0.010550113036925435,-0.10063234542667343,0.0027047664458591664,-0.04577795677272112,0,0.1320099042076215
DUK,2014-05,2014-05-30,Utilities,71.08,-0.04577795677272112,0.0028216704288939187,0.008226950354609963,0.056009508245431494,0.1320099042076215,0.1310855776139103,0.01929168692200567,-0.04973262032085557,-0.42627201774913764,11.4,-0.052369077306733125,-0.1761021440616719,0.0009243265937111944,0.04375351716375908,1,0.1419370929832838
DUK,2014-06,2014-06-30,Utilities,74.19,0.04375351716375908,0.041701769165964686,0.0759970993473531,0.09911111111111115,0.1419370929832838,0.1338498285377494,0.054754391788867096,-0.008155080213903765,0.24194276396663053,11.57,0.05373406193078312,-0.0917122528068186,0.008087264445534398,-0.027766545356517125,0,0.1465293794927322
DUK,2014-07,2014-07-31,Utilities,72.13,-0.02037213092489476,-0.03285063019576295,0.032050364859064207,0.015915492957746524,0.1465293794927322,0.1416546881036989,0.01673102580168173,-0.035695187165775466,0.883145223771875,16.95,0.4315878378378377,0.4020771513353114,0.004874691389033292,0.025786773880493552,1,0.1445191384662909
DUK,2014-08,2014-08-29,Utilities,73.99,0.025786773880493552,0.044318983768525166,0.05624553890078521,0.12686567164179108,0.1445191384662909,0.14419860718467634,0.042079652405381474,-0.010828877005347626,0.455577386681686,11.98,0.04446381865736693,-0.038106647634584045,0.00032053128161455,0.010541965130423048,1,0.14289550423270683
DUK,2014-09,2014-09-30,Utilities,74.77,0.010541965130423048,0.015482819502919964,0.058016131314560626,0.11964660077867628,0.14289550423270683,0.1430507024697409,0.047234080697390324,-0.0017356475300401852,1.4288310588660678,16.31,0.09243134628265226,0.24473652331920048,-0.00015519823703405433,0.09870268824394834,1,0.1639613875552842
DUK,2014-10,2014-10-31,Utilities,82.15,0.09547939725296728,0.13781163434903054,0.11738302502720366,0.1452669733723686,0.1639613875552842,0.15150321912742293,0.13265819643312637,0.0,0.1698294141238252,14.03,-0.1291123525760397,-0.06893282630908115,0.012458168427861266,-0.015216068167985375,0,0.22413485248031847
DUK,2014-11,2014-11-28,Utilities,80.9,0.007848511274448855,0.09339099878361945,0.1418489767113622,0.1552191917749537,0.22413485248031847,0.17144579147397881,0.09939017139750961,-0.031137724550898138,-1.0574411770302607,13.33,-0.018409425625920517,-0.11879328436516257,0.05268906100633966,0.03263288009888754,1,0.1912601502104414
DUK,2014-12,2014-12-31,Utilities,83.54,0.018780487804878065,0.10942895086321403,0.15674328440875107,0.2105491957687291,0.1912601502104414,0.18710721167330246,0.11492584622057644,-0.03789013013935272,-0.6117619305282105,19.2,0.29729729729729715,0.19535141117874932,0.004152938537138939,0.04309312903998075,1,0.1621925543946936
DUK,2015-01,2015-01-30,Utilities,87.14,0.028807556080283403,0.085586146754703,0.20809649244419814,0.24681642581199026,0.1621925543946936,0.19042251861419227,0.1388438003978243,-0.02484333034914954,0.3076586614251678,20.97,0.25870348139255683,0.28986936400382723,-0.028229964219498666,-0.09857700252467294,0,0.24796682185941135
DUK,2015-02,2015-02-27,Utilities,78.55,-0.10586226522481501,-0.007580543272267981,0.07706019470725334,0.1152917790714183,0.24796682185941135,0.2001938382708472,0.015826459854486608,-0.12097135183527308,-0.9532085502387122,13.34,-0.06713286713286715,-0.2133845001871958,0.04777298358856416,-0.022533418204964906,0,0.19345413130892977
DUK,2015-03,2015-03-31,Utilities,76.78,-0.003633532312483756,-0.11574340665668548,0.03491036527833935,0.07806795843864078,0.19345413130892977,0.20536084411476518,-0.014147079291952691,-0.1407788719785139,1.7420245913888077,15.29,0.12261380323054327,-0.07871304647225941,-0.011906712805835412,0.010289137796301029,1,0.13792892256489478
DUK,2015-04,2015-04-30,Utilities,77.57,0.010289137796301029,-0.13193822739480754,-0.039023785926660115,0.041347831923748135,0.13792892256489478,0.19858017686364238,-0.011361000440981206,-0.13193822739480754,0.6863885253081589,14.55,0.16586538461538458,-0.01691297912957679,-0.0606512542987476,-0.023720510506639036,0,0.14493970069170495
DUK,2015-05,2015-05-29,Utilities,75.73,-0.034425602448042825,-0.03590070019096103,-0.04320909665192674,0.06767235302410812,0.14493970069170495,0.16167331527375772,-0.03953713121802349,-0.15252909579230078,-0.23920459259074728,13.84,0.1428571428571428,-0.0047029815990137225,-0.016733614582052775,-0.06747656146837444,0,0.15245144303457758
DUK,2015-06,2015-06-30,Utilities,70.62,-0.07078947368421051,-0.08022922636103147,-0.1866866290452608,-0.048119692680954174,0.15245144303457758,0.1442680635582388,-0.10372407596135169,-0.20971351835273044,0.5230505775839154,18.23,0.5053674649050373,0.3267677876228874,0.008183379476338792,0.05097706032285454,1,0.1876671264624853
DUK,2015-07,2015-07-31,Utilities,74.22,0.0441755768148564,-0.047240051347882006,-0.1482671563002066,0.028975460973242884,0.1876671264624853,0.16367982265936037,-0.05583210043646447,-0.1694270367054611,-0.8258591165606918,12.12,-0.11790393013100442,-0.13751270755676048,0.023987303803124915,-0.04459714362705469,0,0.27452515431247343
DUK,2015-08,2015-08-31,Utilities,70.91,-0.04459714362705469,-0.05516322451698863,-0.0851503031866857,-0.0416272469252601,0.27452515431247343,0.21044456210108795,-0.09031488754657635,-0.20646821844225605,0.6404977494825943,28.43,-0.30216003927344137,0.7715848507927716,0.06408059221138548,0.014525454801861626,1,0.1849488269025247
DUK,2015-09,2015-09-30,Utilities,71.94,0.014525454801861626,0.012099043331457615,-0.0636470128855916,-0.037849404841514,0.1849488269025247,0.21787526194191667,-0.06257696211867514,-0.19494180841539843,-0.0846160649835149,24.5,0.10709444193402629,0.2655996326604242,-0.032926435039391966,-0.0065332221295524295,0,0.1662986993667562
DUK,2015-10,2015-10-30,Utilities,71.47,0.011320220744304388,-0.04655816435432225,-0.08324781939456127,-0.10494677520350648,0.1662986993667562,0.21317330266599924,-0.05330099517974296,-0.2002014324082364,-0.30686869463629424,15.07,0.04218533886583664,-0.2563678801929946,-0.046874603299243034,-0.051909892262487656,0,0.25854905295243735
DUK,2015-11,2015-11-30,Utilities,67.76,-0.05323459550090803,-0.04442250740375109,-0.09713524317121913,-0.16242274412855373,0.25854905295243735,0.20802447582527067,-0.08107144140643796,-0.24171888988361678,0.7342296557188223,16.13,0.04266321913380722,-0.15703158051912514,0.05052457712716668,0.0535714285714286,1,0.19248196275782062
DUK,2015-12,2015-12-31,Utilities,71.39,0.04892741698501313,0.010188198669873971,-0.01571763408244864,-0.14543931050993542,0.19248196275782062,0.20860091994015945,-0.020545361001543472,-0.20109668755595345,-0.09939112423326686,18.21,0.16955684007707128,0.07460799190692957,-0.016118957182338828,0.05476957557080819,1,0.17666526944066777
DUK,2016-01,2016-01-29,Utilities,75.3,0.04048638938786775,0.052410901467505155,0.025187202178352575,-0.15734109221128023,0.17666526944066777,0.21035517789473093,0.03936760071720502,-0.13587330732155156,1.2439111235537137,20.2,-0.09579230080572965,0.0595464082325905,-0.03368990845406317,-0.01354581673306765,0,0.2319207049584836
DUK,2016-02,2016-02-29,Utilities,74.28,0.01102490812576562,0.09686946249261674,0.02426916712631,-0.05436028007638438,0.2319207049584836,0.19162257958492168,0.0266964576346036,-0.06460143558745746,0.07134365694053384,20.55,0.06037151702786381,-0.025692547355112505,0.04029812537356192,0.0861604738826065,1,0.11031126879380503
DUK,2016-03,2016-03-31,Utilities,80.68,0.09993183367416525,0.11482658560176873,0.14067580941608937,0.05079447772857515,0.11031126879380503,0.17544633627762654,0.10957996044680285,0.0,-0.6953971098757907,13.95,-0.0662650602409639,-0.316155186902798,-0.06513506748382152,-0.023549826474962843,0,0.15542296538369094
DUK,2016-04,2016-04-29,Utilities,78.78,-0.023549826474962843,0.04621513944223121,0.10104821802935016,0.015598813974474712,0.15542296538369094,0.1701366093863824,0.07381635532171571,-0.028965857266116002,-0.5796495715286489,15.7,0.18759455370650513,-0.10027016455477444,-0.014713644002691456,-0.006981467377506934,0,0.183416391148868
DUK,2016-05,2016-05-31,Utilities,78.23,-0.006981467377506934,0.06653033401499675,0.15879129017923277,0.029342105263157947,0.183416391148868,0.15545220495315987,0.05871160089698857,-0.035745100456058054,0.9800457253605043,14.19,-0.10303413400758543,-0.05219465648854971,0.027964186195708146,0.09663811836891223,1,0.13046822896151647
DUK,2016-06,2016-06-30,Utilities,85.79,0.08567451278157434,0.05743867866387298,0.1883917440088656,0.20694991558806985,0.13046822896151647,0.16012580032409826,0.14370426066165276,0.0,2.1566351235932237,15.63,-0.0939130434782608,-0.005524359699442427,-0.02965757136258179,-0.0023312740412635424,0,0.16265551441027895
DUK,2016-07,2016-07-29,Utilities,85.59,0.01711229946524062,0.08644325971058642,0.13665338645418346,0.165282505105514,0.16265551441027895,0.1570809557066052,0.11949376227859299,-0.018800871259887608,0.2468028295716644,11.87,-0.012479201331114798,-0.22596571854428027,0.005574558703673738,-0.06928379483584535,0,0.16376832373882064
DUK,2016-08,2016-08-31,Utilities,79.66,-0.06895745675549325,0.009120851279452724,0.07170725144625312,0.15365677045619108,0.16376832373882064,0.15322904118582895,0.024577776463007295,-0.08678207038862784,0.5752600241535825,13.42,-0.0022304832713754275,-0.07252322915409681,0.010539282552991691,0.0047702736630681475,1,0.18727745033434928
DUK,2016-09,2016-09-30,Utilities,80.04,0.0047702736630681475,-0.06528085951185325,-0.01294857565667773,0.13258808546766665,0.18727745033434928,0.16646177186158012,0.0122272857474377,-0.08242577095036108,1.1608988723001676,13.29,0.08136696501220508,0.0060922855082912175,0.02081567847276916,-0.0002498750624688739,0,0.1503413562698028
DUK,2016-10,2016-10-31,Utilities,80.02,-0.0002498750624688739,-0.06474988312295471,0.01496702181633669,0.11963061424373866,0.1503413562698028,0.16721161186306713,0.003348465479960261,-0.08265504986816474,0.7545098483381673,17.06,0.31029185867895537,0.2435553292914332,-0.016870255593264327,-0.07810547363159215,0,0.26718521781635163
DUK,2016-11,2016-11-30,Utilities,73.77,-0.07810547363159215,-0.07393924177755462,-0.06549277932607045,0.08389656185718475,0.26718521781635163,0.2061505744715997,-0.07551351483445545,-0.15430471168176096,1.948494284918058,13.33,0.07413376309427888,-0.09198148909024073,0.06103464334475192,0.05218923681713439,1,0.14810956947920448
DUK,2016-12,2016-12-30,Utilities,77.62,0.05218923681713439,-0.030234882558720644,-0.09354198294990068,0.08726712424709349,0.14810956947920448,0.19763461289288953,-0.027294526620637916,-0.11016852000458555,-0.7500278309757297,14.04,0.22834645669291342,-0.004109573617663287,-0.04952504341368505,0.011852615305333769,1,0.0931521470218222
DUK,2017-01,2017-01-31,Utilities,78.54,0.006664957703153229,-0.0022865853658535773,-0.08301225919439581,0.020000000000000018,0.0931521470218222,0.188736077229517,-0.012558634831509985,-0.09962168978562413,0.5339590297637962,11.99,0.08310749774164417,-0.09113113787585259,-0.09558393020769479,0.05105678635090394,1,0.17516293748195422
DUK,2017-02,2017-02-28,Utilities,82.55,0.07291395892903552,0.11028917283120387,0.03290790790790776,0.1113354873451804,0.17516293748195422,0.16127392235860974,0.03786086252461063,-0.053651266766020944,0.5018825113816812,12.92,0.11668107173725151,0.08160255132549343,0.013889015123344478,-0.00654149000605686,0,0.11791732204404852
DUK,2017-03,2017-03-31,Utilities,82.01,-0.004249635745507407,0.051140733145347506,0.021167974100361198,0.010846789103907462,0.11791732204404852,0.1302151583846362,0.027201230487122086,-0.05984179754671559,-0.9964527379102228,12.37,-0.04552469135802484,0.054632311148401724,-0.01229783634058769,0.00597488111205946,1,0.06123411118094153
DUK,2017-04,2017-04-28,Utilities,82.5,0.0009706381946128495,0.07226410189758248,0.04735305319283989,0.05310186367117686,0.06123411118094153,0.12849851292052206,0.035435099241747814,-0.05422446406052972,-0.8742377541436807,10.82,-0.2604237867395762,-0.11032511518030774,-0.06726440173958052,0.03854545454545466,1,0.07462543186719071
DUK,2017-05,2017-05-31,Utilities,85.68,0.04398684050201074,0.04577077993409007,0.12618296529968465,0.09523200818100475,0.07462543186719071,0.08864413448651917,0.07772161499753794,-0.017769116129771834,0.8209337769692938,10.41,-0.028917910447761264,-0.12517507703389497,-0.014018702619328458,-0.024393090569561182,0,0.09005184537022866
DUK,2017-06,2017-06-30,Utilities,83.59,-0.03252314814814816,0.01926594317766117,0.07139195078185101,-0.025644014453899078,0.09005184537022866,0.08048216711195064,0.043547737721086,-0.041728763040238426,1.7277324424838465,11.18,0.11576846307385225,-0.021559747728725043,0.009569678258278022,0.018303624835506627,1,0.08283518419079647
DUK,2017-07,2017-07-31,Utilities,85.12,0.012971557776984444,0.03716339710003669,0.10373443983402497,-0.005491295712115929,0.08283518419079647,0.08552724922401495,0.056502136400730985,-0.023181087904521447,0.0618485351126195,10.26,0.088016967126193,-0.028657299571718253,-0.002692065033218477,0.025610902255639,1,0.07769259446009973
DUK,2017-08,2017-08-31,Utilities,87.3,0.018194541637508665,0.01182197496522952,0.06580393114393845,0.09590760733115733,0.07769259446009973,0.09103427406179818,0.07018999856572461,-0.0022857142857143353,-0.08503157974253742,10.59,-0.13409648405560104,-0.03642455841361081,-0.01334167960169845,-0.03871706758304694,0,0.11060266973336877
DUK,2017-09,2017-09-29,Utilities,83.92,-0.03849679193400546,0.003947840650795564,0.023289842702109542,0.044950815589590354,0.11060266973336877,0.09857546833448066,0.01444913067076703,-0.05003395970115465,0.40657223550297883,9.51,-0.008342022940563076,-0.13105338728625504,0.012027201398888104,0.05231172545281226,1,0.08128566355223799
DUK,2017-10,2017-10-31,Utilities,88.31,0.046823138928402175,0.029974341031024032,0.07642613359336914,0.1035991002249439,0.08128566355223799,0.09402941082962167,0.054349565055433535,-0.00033959701154628874,0.8465298014990681,10.18,-0.08781362007168458,-0.06590541662418625,-0.012743747277383685,0.009851658928773599,1,0.1209257687314944
DUK,2017-11,2017-11-30,Utilities,89.18,0.009851658928773599,0.02153493699885467,0.03361149745016223,0.20889250372780288,0.1209257687314944,0.1076795502929547,0.04963336981980415,-0.020968273136458437,2.2321436954286624,11.28,0.1417004048582995,0.08848622237198822,0.013246218438539695,-0.0568513119533528,0,0.10453357445296209
DUK,2017-12,2017-12-29,Utilities,84.11,-0.05494382022471911,0.0022640610104860404,0.0062208398133747345,0.0780569084850038,0.10453357445296209,0.10726746291717001,-0.016325764464344306,-0.07662751125260736,-0.28454556452507024,11.04,0.14760914760914767,0.07101940252540806,-0.002733888464207926,-0.06669837118059685,0,0.1523322334199772
DUK,2018-01,2018-01-31,Utilities,78.5,-0.06669837118059685,-0.10906821019180568,-0.09227567067530074,-0.0005092946269417142,0.1523322334199772,0.1281617060613727,-0.07841675520518421,-0.13821495224503244,0.9701021263277212,13.54,0.18047079337401906,0.27481954179307455,0.024170527358604504,-0.0522292993630572,0,0.16822277580307407
GE,2014-02,2014-02-28,Industrials,25.47,0.007117437722419906,-0.048917102315160665,0.09784482758620694,0.0968992248062015,0.1835785591523368,0.17217210910402866,0.018814263399687725,-0.09133071708883345,-0.5023637687718358,14.0,-0.0463215258855586,-0.03891207462052271,0.011406450048308148,0.016489988221437102,1,0.1574877590208035
GE,2014-03,2014-03-31,Industrials,25.89,0.016489988221437102,-0.06970894717930287,0.07650727650727651,0.12175043327556345,0.1574877590208035,0.17764765135229044,0.0266354195167795,-0.07634677131644663,-0.275816696935334,13.88,-0.08018555334658706,-0.06159855769230771,-0.020159892331486934,0.03862495171881042,1,0.11997459278796932
GE,2014-04,2014-04-30,Industrials,26.89,0.03862495171881042,0.06326611308817731,0.030663089306247615,0.20637056976222534,0.11997459278796932,0.15364763785201588,0.054208011039976745,-0.0406707099536211,-0.40568075702383666,13.41,0.010550113036925435,-0.10063234542667343,-0.03367304506404656,-0.0037188545927854255,0,0.11297705981822741
GE,2014-05,2014-05-30,Industrials,26.79,-0.0037188545927854255,0.051825677267373305,0.0003734129947721154,0.13516949152542357,0.11297705981822741,0.13011454632712294,0.04072784908475002,-0.044238316089903695,-1.2060554431577108,11.4,-0.052369077306733125,-0.1761021440616719,-0.01713748650889553,-0.01903695408734596,0,0.10865595443171114
GE,2014-06,2014-06-30,Industrials,26.28,-0.01903695408734596,0.015063731170336103,-0.05569529284944297,0.1332470892626132,0.10865595443171114,0.11361452963174422,0.007504528594841853,-0.062433107384944675,0.5678841051312317,11.57,0.05373406193078312,-0.0917122528068186,-0.00495857520003308,-0.0429984779299849,0,0.15393808829229044
GE,2014-07,2014-07-31,Industrials,25.15,-0.04734848484848486,-0.06051550242809123,-0.013725490196078494,0.0320065654493229,0.15393808829229044,0.12587654605796797,-0.04411876491782851,-0.10274705672493767,1.2413615380679441,16.95,0.4315878378378377,0.4020771513353114,0.028061542234322473,0.03300198807157062,1,0.12926096943672227
GE,2014-08,2014-08-29,Industrials,25.98,0.03300198807157062,-0.03168095415579564,0.03423566878980888,0.12418866291648634,0.12926096943672227,0.13258028868571928,-0.01165433770759361,-0.07313592579379236,-0.8058057878084027,11.98,0.04446381865736693,-0.038106647634584045,-0.0033193192489970047,-0.01385681293302543,0,0.09631688303799234
GE,2014-09,2014-09-30,Industrials,25.62,-0.01385681293302543,-0.02954545454545443,-0.009663703131039814,0.07241523650062787,0.09631688303799234,0.12907941909082818,-0.02173788531957699,-0.08597930788440955,1.3565510324943733,16.31,0.09243134628265226,0.24473652331920048,-0.03276253605283584,0.007416081186572887,1,0.20229122446016953
GE,2014-10,2014-10-31,Industrials,25.81,0.027468152866241935,0.0213692125049465,-0.028969149736644106,-0.012624330527926664,0.20229122446016953,0.1515823686543061,-0.004602892089466182,-0.0792008562254728,1.1605672255201032,14.03,-0.1291123525760397,-0.06893282630908115,0.05070885580586343,0.026346377373111185,1,0.11516578738630846
GE,2014-11,2014-11-28,Industrials,26.49,0.03234606391270445,0.019630484988452546,-0.012672381662318322,-0.012672381662318322,0.11516578738630846,0.14845017542588898,0.017136581975679466,-0.05494113449875149,0.28978096845762763,13.33,-0.018409425625920517,-0.11879328436516257,-0.03328438803958052,-0.046055115137787817,0,0.16688151570427023
GE,2014-12,2014-12-31,Industrials,25.27,-0.028823981552651756,0.004372019077901301,-0.05035700864336712,-0.09846592936139853,0.16688151570427023,0.16775845548633248,-0.029646283606705293,-0.0810909090909091,-0.3212324004659772,19.2,0.29729729729729715,0.19535141117874932,-0.0008769397820622415,-0.05461020973486341,0,0.1719776265151887
GE,2015-01,2015-01-30,Industrials,23.89,-0.06570199452483383,-0.06897895557287603,-0.05009940357852871,-0.06313725490196076,0.1719776265151887,0.15632404186169793,-0.0769522035882565,-0.12937317784256563,1.1854716375364727,20.97,0.25870348139255683,0.28986936400382723,0.01565358465349076,0.08790288823775638,1,0.12826732057995507
GE,2015-02,2015-02-27,Industrials,25.99,0.09018456375838912,-0.03239017125837684,-0.005357826253348685,0.019215686274509647,0.12826732057995507,0.16470602483142716,0.010063716793523803,-0.05284256559766776,0.9329879812351217,13.34,-0.06713286713286715,-0.2133845001871958,-0.03643870425147208,-0.04540207772220084,0,0.16554621434512187
GE,2015-03,2015-03-31,Industrials,24.81,-0.04978935273841445,-0.03463035019455252,-0.02399685287175468,-0.04171494785631524,0.16554621434512187,0.16112581295989056,-0.029828567853344312,-0.09584548104956281,-0.18486529153120634,15.29,0.12261380323054327,-0.07871304647225941,0.0044204013852313095,0.09149536477226916,1,0.417626765702565
GE,2015-04,2015-04-30,Industrials,27.08,0.09149536477226916,0.12458471760797352,0.04636785162287471,0.007065823726292164,0.417626765702565,0.2696900985029581,0.05884238966807542,-0.05015783935461249,0.22265067540192884,14.55,0.16586538461538458,-0.01691297912957679,0.1479366671996069,0.007016248153618898,1,0.1236339041847768
GE,2015-05,2015-05-29,Industrials,27.27,0.006644518272425293,0.04924971142747214,0.015264333581533895,0.019820493642483283,0.1236339041847768,0.26856304924121327,0.05985025291439405,-0.043493511048754874,0.2322872645626907,13.84,0.1428571428571428,-0.0047029815990137225,-0.14492914505643648,-0.025669233590025597,0,0.10684752333538468
GE,2015-06,2015-06-30,Industrials,26.57,-0.02602639296187681,0.07093913744457891,0.03385214007782111,0.011035007610350034,0.10684752333538468,0.2576046114481478,0.027205282549108256,-0.06804629954401964,-0.06061727992372512,18.23,0.5053674649050373,0.3267677876228874,-0.15075708811276312,-0.017689123071132795,0,0.16466252352970115
GE,2015-07,2015-07-31,Industrials,26.1,-0.021005251312828155,-0.044306114976199074,0.0925073252406865,0.037773359840954424,0.16466252352970115,0.13119233767943683,0.004659541667388245,-0.08453174324798318,-1.285330941095697,12.12,-0.11790393013100442,-0.13751270755676048,0.03347018585026432,-0.04904214559386977,0,0.29036228392568264
GE,2015-08,2015-08-31,Industrials,24.82,-0.04904214559386977,-0.09184046834979864,-0.04021655065738594,-0.044649730561970746,0.29036228392568264,0.19938453519554156,-0.0437461111250238,-0.12942827078218178,0.5983236663308832,28.43,-0.30216003927344137,0.7715848507927716,0.09097774873014108,0.016116035455277844,1,0.3261691281414531
GE,2015-09,2015-09-30,Industrials,25.22,0.016116035455277844,-0.054013503375843985,0.015297906602254496,-0.015612802498048528,0.3261691281414531,0.26590065480788677,-0.022620786941407678,-0.11539810592774469,0.6794704302759682,24.5,0.10709444193402629,0.2655996326604242,0.06026847333356633,0.14670896114195098,1,0.2551658692080048
GE,2015-10,2015-10-30,Industrials,28.92,0.14807463279079003,0.11789717819868573,0.060506050605060535,0.12660693416439428,0.2551658692080048,0.2925825520904039,0.10451871131845247,-0.022312373225152005,0.9571801116180836,15.07,0.04218533886583664,-0.2563678801929946,-0.03741668288239908,0.03526970954356834,1,0.15873876600857573
GE,2015-11,2015-11-30,Industrials,29.94,0.020449897750511203,0.20628525382755836,0.09549945115257974,0.1302378255945642,0.15873876600857573,0.2533200456996191,0.1186814952370101,-0.023801760678187178,0.1844569074394844,16.13,0.04266321913380722,-0.15703158051912514,-0.09458127969104335,0.04041416165664646,1,0.15064096059568877
GE,2015-12,2015-12-31,Industrials,31.15,0.03248259860788849,0.23660182612147662,0.1631814787154593,0.23268698060941828,0.15064096059568877,0.1922589504045703,0.14017572981312476,-0.004156010230179086,-0.5083776265367594,18.21,0.16955684007707128,0.07460799190692957,-0.04161798980888154,-0.0658105939004815,0,0.27625021354555435
GE,2016-01,2016-01-29,Industrials,29.1,-0.06969309462915596,-0.009867301803334394,0.1140888208269526,0.2084717607973423,0.27625021354555435,0.20316197537146133,0.05374459548519317,-0.06969309462915596,-0.5046330999552141,20.2,-0.09579230080572965,0.0595464082325905,0.07308823817409302,0.0013745704467353903,1,0.2674663661893055
GE,2016-02,2016-02-29,Industrials,29.14,0.03296703296703285,-0.040184453227931405,0.16513394642143142,0.1212004617160447,0.2674663661893055,0.23026563412697176,0.04862013249894748,-0.06841432225063937,-1.0254966768971143,20.55,0.06037151702786381,-0.025692547355112505,0.03720073206233376,0.09094028826355527,1,0.12663313105068982
GE,2016-03,2016-03-31,Industrials,31.79,0.0639223560910307,0.016304347826086918,0.29385429385429385,0.2813381700927047,0.12663313105068982,0.2309431505284536,0.1294276477066827,-0.0012566760917372966,-0.3981010228380944,13.95,-0.0662650602409639,-0.316155186902798,-0.10431001947776378,-0.03271469015413653,0,0.10323829770633279
GE,2016-04,2016-04-29,Industrials,30.75,-0.03271469015413653,0.05670103092783507,0.046274242939775334,0.13552437223042846,0.10323829770633279,0.17677294315647807,0.07579547641121631,-0.036955840901973014,-0.5843393687483891,15.7,0.18759455370650513,-0.10027016455477444,-0.07353464545014528,-0.016910569105690998,0,0.1535580213725786
GE,2016-05,2016-05-31,Industrials,30.23,-0.016910569105690998,0.011713520749665474,-0.0042819499341237854,0.10813782991202348,0.1535580213725786,0.13124162594897046,0.043134995056927306,-0.05324146570623234,0.02780921739210702,14.19,-0.10303413400758543,-0.05219465648854971,0.022316395423608137,0.04134965266291757,1,0.2473363330811418
GE,2016-06,2016-06-30,Industrials,31.48,0.04549983394221191,-0.01409332915753203,0.013848631239935516,0.18079519879969985,0.2473363330811418,0.17732121574849896,0.06390349165150067,-0.01409332915753203,1.7049154665316817,15.63,-0.0939130434782608,-0.005524359699442427,0.07001511733264285,-0.010800508259212194,0,0.1528397281082062
GE,2016-07,2016-07-29,Industrials,31.14,0.019312602291325698,0.012682926829268304,0.07010309278350513,0.19218989280245014,0.1528397281082062,0.17807625257838228,0.0313016954878067,-0.054357728515031845,1.2432646134042609,11.87,-0.012479201331114798,-0.22596571854428027,-0.025236524470176075,0.0032113037893384266,1,0.04169691434666253
GE,2016-08,2016-08-31,Industrials,31.24,0.006119162640901621,0.03960066555740416,0.03375248180013224,0.30820770519262974,0.04169691434666253,0.15649036723372428,0.027352774329334917,-0.051320983905253637,0.14776661584683773,13.42,-0.0022304832713754275,-0.07252322915409681,-0.11479345288706175,-0.05185659411011512,0,0.1643373093546774
GE,2016-09,2016-09-30,Industrials,29.62,-0.05185659411011512,-0.059383931406795765,-0.05155299391610624,0.1758634378721715,0.1643373093546774,0.11604094433833434,-0.025176896494981116,-0.10051624658366232,0.5458657291715656,13.29,0.08136696501220508,0.0060922855082912175,0.048296365016343074,-0.017555705604321403,0,0.1071851981311705
GE,2016-10,2016-10-31,Industrials,29.1,-0.017555705604321403,-0.0628019323671497,-0.04995102840352583,0.006224066390041472,0.1071851981311705,0.11537564569785737,-0.03891724615112768,-0.11630731855450949,1.2907055531061127,17.06,0.31029185867895537,0.2435553292914332,-0.008190447566686868,0.05704467353951892,1,0.17499587716234435
GE,2016-11,2016-11-30,Industrials,30.76,0.05704467353951892,-0.015364916773367376,0.023627287853577483,0.019555850182300327,0.17499587716234435,0.1532730016480014,0.009570571477333756,-0.06589735803218943,1.0577984154976827,13.33,0.07413376309427888,-0.09198148909024073,0.02172287551434296,0.027308192457737412,1,0.13189286130832045
GE,2016-12,2016-12-30,Industrials,31.6,0.027308192457737412,0.06684672518568546,0.0034931724356939142,0.014446227929374,0.13189286130832045,0.14047832258759185,0.030648754252241783,-0.04038870331005162,-0.46681114612017344,14.04,0.22834645669291342,-0.004109573617663287,-0.0085854612792714,-0.06012658227848111,0,0.13542954871858687
GE,2017-01,2017-01-31,Industrials,29.7,-0.06338694418164625,0.01642710472279263,-0.0465489566613162,0.03701117318435743,0.13542954871858687,0.15160126616911962,-0.030541215871052074,-0.09808685089583968,0.6441427841873455,11.99,0.08310749774164417,-0.09113113787585259,-0.016171717450532752,0.0037037037037037646,1,0.09037313478151779
GE,2017-02,2017-02-28,Industrials,29.81,-0.006664445184938472,-0.05184478371501278,-0.04546910022414352,0.022992450240219675,0.09037313478151779,0.12353336620780254,-0.024991741375870347,-0.09474643182508358,0.9310854407130262,12.92,0.11668107173725151,0.08160255132549343,-0.033160231426284756,-0.00033545790003353115,0,0.12606362270010144
GE,2017-03,2017-03-31,Industrials,29.8,-0.012918184829413759,-0.06023336486912645,0.009143244158482888,-0.0667084246789853,0.12606362270010144,0.12096504347886466,-0.02463771673580939,-0.09505010628606136,2.045523511012563,12.37,-0.04552469135802484,0.054632311148401724,0.005098579221236771,-0.027181208053691397,0,0.11336046191346057
GE,2017-04,2017-04-28,Industrials,28.99,-0.023247978436657712,-0.03398867044318565,0.004156563907169897,-0.06181229773462782,0.11336046191346057,0.11156785416164917,-0.04696625261147358,-0.1196477376252657,-0.5958784165766302,10.82,-0.2604237867395762,-0.11032511518030774,0.0017926077518113925,-0.05553639185926185,0,0.15628056290482448
GE,2017-05,2017-05-31,Industrials,27.38,-0.05390463026952319,-0.09307717787346814,-0.12384000000000006,-0.09427720807145223,0.15628056290482448,0.13072513367309066,-0.08863506624704376,-0.1685393258426966,0.5424572250534754,10.41,-0.028917910447761264,-0.12517507703389497,0.025555429231733817,-0.013513513513513375,0,0.19584876878544674
GE,2017-06,2017-06-30,Industrials,27.01,-0.025613275613275532,-0.09362416107382543,-0.1482182276884263,-0.14199491740787795,0.19584876878544674,0.15828083576899477,-0.09067954954803292,-0.1797752808988764,-0.6297091507691361,11.18,0.11576846307385225,-0.021559747728725043,0.037567933016451976,-0.05183265457238062,0,0.20836130506567208
GE,2017-07,2017-07-31,Industrials,25.61,-0.05218356772760924,-0.11506565307532834,-0.14519359145527377,-0.17758509955041746,0.20836130506567208,0.18760082242686635,-0.12842538014402594,-0.20589147286821707,-0.4551323214094375,10.26,0.088016967126193,-0.028657299571718253,0.020760482638805727,-0.04139008199921901,0,0.11695824401980659
GE,2017-08,2017-08-31,Industrials,24.55,-0.038009404388714696,-0.11944045911047341,-0.18492695883134136,-0.2141485275288092,0.11695824401980659,0.17552734308234524,-0.15073355173260727,-0.23875968992248064,1.1787952261977237,10.59,-0.13409648405560104,-0.03642455841361081,-0.058569099062538654,-0.015071283095723031,0,0.23460847650084846
GE,2017-09,2017-09-29,Industrials,24.18,-0.004118616144975329,-0.10477600888559802,-0.1885906040268457,-0.18117168980697596,0.23460847650084846,0.18964089486616792,-0.14333087693441415,-0.25023255813953493,-0.2282914346374786,9.51,-0.008342022940563076,-0.13105338728625504,0.04496758163468054,-0.16625310173697272,0,0.2957215047545315
GE,2017-10,2017-10-31,Industrials,20.16,-0.17948717948717952,-0.21003134796238243,-0.3102976394115635,-0.30721649484536084,0.2957215047545315,0.23469985698569384,-0.26059389054699,-0.3748837209302326,1.4256223125224088,10.18,-0.08781362007168458,-0.06590541662418625,0.06102164776883767,-0.09275793650793651,0,0.36266474992429437
GE,2017-11,2017-11-30,Industrials,18.29,-0.09275793650793651,-0.25498981670061105,-0.343974175035868,-0.4053966189856958,0.36266474992429437,0.30443689502571686,-0.2992840552642291,-0.4328682170542636,0.1462291326379379,11.28,0.1417004048582995,0.08848622237198822,0.058227854898577514,-0.0459267359212685,0,0.12769014715464264
GE,2017-12,2017-12-29,Industrials,17.45,-0.05573593073593075,-0.2783291976840364,-0.3539429840799705,-0.4497004099653107,0.12769014715464264,0.2821279770930106,-0.2981503546955049,-0.44952681388012616,0.22416960605874955,11.04,0.14760914760914767,0.07101940252540806,-0.15443782993836794,-0.07335243553008586,0,0.3731866867922275
GE,2018-01,2018-01-31,Industrials,16.17,-0.07335243553008586,-0.20774130328270446,-0.3643867924528301,-0.4555555555555555,0.3731866867922275,0.3047259988570226,-0.3138163523037437,-0.470183486238532,-0.037232377045937716,13.54,0.18047079337401906,0.27481954179307455,0.06846068793520488,-0.05689548546691414,0,0.38235029650146823
GOOGL,2014-02,2014-02-28,Communication Services,608.4328,0.09822738976577283,0.14856242998847358,0.43262020916917,0.5172865078007365,0.23807625776823124,0.19611042420546773,0.23748905930458597,-0.0037044672537899226,0.47688741602986534,14.0,-0.0463215258855586,-0.03891207462052271,0.04196583356276351,-0.08319817735007051,0,0.1773176824269198
GOOGL,2014-03,2014-03-31,Communication Services,557.8123,-0.08319817735007051,-0.0034781027270296416,0.2717056073274893,0.39106838080018846,0.1773176824269198,0.2155527177453981,0.09928267583317352,-0.08659443968029212,-0.2555080987858271,13.88,-0.08018555334658706,-0.06159855769230771,-0.0382350353184783,-0.04111114079054923,0,0.34001114784457825
GOOGL,2014-04,2014-04-30,Communication Services,534.88,-0.04111114079054923,-0.034536162024932704,0.05289784107518103,0.296058878989516,0.34001114784457825,0.26295511421330353,0.032685114234366486,-0.12414558426946609,-1.7527483012960436,13.41,0.010550113036925435,-0.10063234542667343,0.07705603363127472,0.0687443912653305,1,0.19507716180241455
GOOGL,2014-05,2014-05-30,Communication Services,571.65,0.0687443912653305,-0.060454991907076816,0.079126097578748,0.3116792109686808,0.19507716180241455,0.24919491216112766,0.08309634525948884,-0.06393550562301886,-1.052708773480187,11.4,-0.052369077306733125,-0.1761021440616719,-0.05411775035871311,0.02277617423248479,1,0.17790203576708366
GOOGL,2014-06,2014-06-30,Communication Services,584.67,0.02277617423248479,0.04814827496632801,0.044502707592836366,0.3269100360124657,0.17790203576708366,0.2467031482592198,0.07937766259689938,-0.04261553760624581,-1.1280328286761403,11.57,0.05373406193078312,-0.0917122528068186,-0.06880111249213614,-0.008757076641524253,0,0.22386349815008968
GOOGL,2014-07,2014-07-31,Communication Services,579.55,-0.02018630915146502,0.0761703154884592,0.019859231094241814,0.3043559479463962,0.22386349815008968,0.1992286425533889,0.037897209758545936,-0.05099942671883251,0.8771088428351704,16.95,0.4315878378378377,0.4020771513353114,0.024634855596700783,0.004848589422828065,1,0.1480544452109616
GOOGL,2014-08,2014-08-29,Communication Services,582.36,0.004848589422828065,0.03193110536201571,-0.03253828456126395,0.36020069943969624,0.1480544452109616,0.18285192609159903,0.027017908213868624,-0.04639811257696358,-0.8912282776528134,11.98,0.04446381865736693,-0.038106647634584045,-0.034797480880637444,0.010388762964489207,1,0.16082243177897274
GOOGL,2014-09,2014-09-30,Communication Services,588.41,0.010388762964489207,-0.00520718862533609,0.035910483644371105,0.3421975259641463,0.16082243177897274,0.17798050089799827,0.025163609581224877,-0.03649136860603608,0.0884138601503528,16.31,0.09243134628265226,0.24473652331920048,-0.017158069119025537,-0.0349076324331673,0,0.24948783734369778
GOOGL,2014-10,2014-10-31,Communication Services,567.87,-0.022397052747555435,-0.024730794992014027,0.060784936394373545,0.10093866813698904,0.24948783734369778,0.18746234107382426,-0.010622516244830571,-0.07012517375692062,0.8569133177123194,14.03,-0.1291123525760397,-0.06893282630908115,0.062025496269873526,-0.033088559001179796,0,0.1166721580358652
GOOGL,2014-11,2014-11-28,Communication Services,549.08,-0.016778583579550532,-0.05714678205920731,-0.02704043661622424,0.03193728238974636,0.1166721580358652,0.1814056150397305,-0.0394358351316344,-0.10089339180877654,-1.1758789903343538,13.33,-0.018409425625920517,-0.11879328436516257,-0.06473345700386529,-0.033547024113061985,0,0.23852645094389852
GOOGL,2014-12,2014-12-31,Communication Services,530.66,-0.01665894561289727,-0.08448493004157831,-0.10176376993127734,-0.05393932846201055,0.23852645094389852,0.20731077330150255,-0.058032455519614,-0.13105574287398092,-1.1728503681260254,19.2,0.29729729729729715,0.19535141117874932,0.031215677642395967,0.012983831455168904,1,0.28882803548937497
GOOGL,2015-01,2015-01-30,Communication Services,537.55,0.004240771185174186,-0.03742501566836798,-0.07247001984298163,-0.05404998762020585,0.28882803548937497,0.22491866403095234,-0.037501109008930555,-0.11977351709551964,2.6443015963624945,20.97,0.25870348139255683,0.28986936400382723,0.06390937145842263,0.04665612501162686,1,0.23195617105627608
GOOGL,2015-02,2015-02-27,Communication Services,562.63,0.09796460004293284,0.024397793274220314,-0.03493996569468272,-0.07798010732617677,0.23195617105627608,0.23706295010146744,0.006303414260335094,-0.07828250560110928,1.1139990541757618,13.34,-0.06713286713286715,-0.2133845001871958,-0.005106779045191356,-0.014094520377512687,0,0.19092932600075543
GOOGL,2015-03,2015-03-31,Communication Services,554.7,-0.03533790129038983,0.03236492899815757,-0.05632772494513516,-0.0055794753898399385,0.19092932600075543,0.22547960261715266,-0.009596221646187786,-0.08374628344895929,-0.5319728603254744,15.29,0.12261380323054327,-0.07871304647225941,-0.03455027661639723,-0.010690463313502874,0,0.2096473662861681
GOOGL,2015-04,2015-04-30,Communication Services,548.77,-0.010690463313502874,0.0692477057069929,-0.01819515511503933,0.0259684415195931,0.2096473662861681,0.21664405827413769,-0.014680058748963165,-0.0935414601916088,0.5168262296367654,14.55,0.16586538461538458,-0.01691297912957679,-0.006996691987969594,-0.006286786814147849,0,0.1823874660302239
GOOGL,2015-05,2015-05-29,Communication Services,545.32,-0.02862537629811701,-0.03076622291737008,-0.0071190575897164265,-0.04423724060572054,0.1823874660302239,0.19218161988950674,-0.013774771545904674,-0.09924017178724798,0.6280375390299597,13.84,0.1428571428571428,-0.0047029815990137225,-0.00979415385928284,-0.00968238832245305,0,0.14804780039164964
GOOGL,2015-06,2015-06-30,Communication Services,540.04,-0.016696709819559175,-0.026428700198305566,0.005080865794420353,-0.07633365830297434,0.14804780039164964,0.17410113526299448,-0.015650678478591362,-0.10796167822926994,0.06391452892918918,18.23,0.5053674649050373,0.3267677876228874,-0.02605333487134484,0.2175024072290943,1,0.609373023487166
GOOGL,2015-07,2015-07-31,Communication Services,657.5,0.21019694459782823,0.19293852964656377,0.223142033299228,0.1345009058752482,0.609373023487166,0.37651197788521695,0.19009839941720474,-0.06020411080300736,-0.14419294863129484,12.12,-0.11790393013100442,-0.13751270755676048,0.2328610456019491,-0.014722433460075957,0,0.4191488288116954
GOOGL,2015-08,2015-08-31,Communication Services,647.82,-0.014722433460075957,0.16945572705117784,0.11925638611252709,0.1124046981248712,0.4191488288116954,0.43534771499169705,0.1472034083533329,-0.07404019324776301,-0.16375485353532243,28.43,-0.30216003927344137,0.7715848507927716,-0.016198886180001648,-0.014587385384829177,0,0.26235057935445577
GOOGL,2015-09,2015-09-30,Communication Services,638.37,-0.014587385384829177,0.17498619547211502,0.16174998635097992,0.08490678268554253,0.26235057935445577,0.45236905055083365,0.1085214777664274,-0.0875475257997198,0.29171170048678063,24.5,0.10709444193402629,0.2655996326604242,-0.19001847119637788,0.15511380547331477,1,0.26433541065277116
GOOGL,2015-10,2015-10-30,Communication Services,737.39,0.14858255451713398,0.10932422674208686,0.3338217205701468,0.3161332928766487,0.26433541065277116,0.3226572110116117,0.23926775827850366,-0.010015439350204769,-0.207159612418391,15.07,0.04218533886583664,-0.2563678801929946,-0.05832180035884055,0.0345271837155372,1,0.17782905616936337
GOOGL,2015-11,2015-11-30,Communication Services,762.85,0.02416593945089618,0.17756475564199925,0.377109847459157,0.3893239600786771,0.17782905616936337,0.23838285978809343,0.23442651050069596,-0.018211068211068215,-0.5508523904483165,16.13,0.04266321913380722,-0.15703158051912514,-0.06055380361873006,0.019872845251359905,1,0.19705523461430746
GOOGL,2015-12,2015-12-31,Communication Services,778.01,-0.007374424271807456,0.21185358255451714,0.42143822852340396,0.466117664794784,0.19705523461430746,0.2222538467143165,0.21313639871133194,-0.02008917325809867,-0.4919791347639792,18.21,0.16955684007707128,0.07460799190692957,-0.025198612100009038,-0.021413606508913774,0,0.3162762351503873
GOOGL,2016-01,2016-01-29,Communication Services,761.35,-0.04107259811577413,0.03315149541334206,0.14564523895509818,0.48344796679851143,0.3162762351503873,0.24034290897338112,0.15591903116267236,-0.04107259811577413,1.7712049188229646,20.2,-0.09579230080572965,0.0595464082325905,0.07593332617700616,-0.057962829185000286,0,0.2738816905329807
GOOGL,2016-02,2016-02-29,Communication Services,717.22,-0.041534144059868994,-0.06764942932168572,0.07374693095394935,0.2747631658461156,0.2738816905329807,0.26591119720274736,0.060688407806460676,-0.09665474331200563,-0.13284475719735198,20.55,0.06037151702786381,-0.025692547355112505,0.007970493330233364,0.06369036000111539,1,0.1561586046704425
GOOGL,2016-03,2016-03-31,Communication Services,762.9,0.027931605966287965,-0.03912035870824737,0.22532564526750276,0.37533802055164944,0.1561586046704425,0.2620806316897024,0.09320563170706131,-0.03912035870824737,-0.9565966299711802,13.95,-0.0662650602409639,-0.316155186902798,-0.1059220270192599,-0.07211954384585129,0,0.246986744635245
GOOGL,2016-04,2016-04-29,Communication Services,707.88,-0.07211954384585129,-0.07023051159125238,-0.03940726266080441,0.28993931884031565,0.246986744635245,0.23793515333529752,-0.01554965109712858,-0.10841856012897377,0.5922904785882721,15.7,0.18759455370650513,-0.10027016455477444,0.009051591299947481,0.05787704130643623,1,0.15278573852834382
GOOGL,2016-05,2016-05-31,Communication Services,748.85,0.05787704130643623,0.009000633278090087,-0.02994935036335611,0.3635039420258188,0.15278573852834382,0.19200325314474967,0.032978548848946465,-0.056816464305506575,0.5088361566341866,14.19,-0.10303413400758543,-0.05219465648854971,-0.03921751461640585,-0.06051946317687129,0,0.21243078172370627
GOOGL,2016-06,2016-06-30,Communication Services,703.53,-0.06002992811907126,-0.08593293229565913,-0.10979374920916107,0.2949199337382662,0.21243078172370627,0.20815558499084205,-0.03897300305466522,-0.11389742556300075,0.46894913465828547,15.63,-0.0939130434782608,-0.005524359699442427,0.004275196732864223,0.12481344079143764,1,0.15373132094394437
GOOGL,2016-07,2016-07-29,Communication Services,791.34,0.13830751305398525,0.11790133921003565,0.03939055624876864,0.1907728421812931,0.15373132094394437,0.18141357809397762,0.06886149718004608,-0.003299914353367961,3.2396177879686583,11.87,-0.012479201331114798,-0.22596571854428027,-0.02768225715003325,-0.0018828821998130296,0,0.06491752886662121
GOOGL,2016-08,2016-08-31,Communication Services,789.85,-0.012835574663800364,0.06124121622529466,0.07963476810782,0.2546063917656778,0.06491752886662121,0.16498061295696007,0.05507953303997892,-0.02305532535962096,-0.7219850843497094,13.42,-0.0022304832713754275,-0.07252322915409681,-0.10006308409033886,0.01799075773881098,1,0.1513005857942096
GOOGL,2016-09,2016-09-30,Communication Services,804.06,0.01799075773881098,0.13208025343189012,0.050893977415307434,0.2524299065420559,0.1513005857942096,0.13563657770306384,0.06879679874050892,-0.014571971321772237,0.5939002457367892,13.29,0.08136696501220508,0.0060922855082912175,0.015664008091145765,0.007263139566699106,1,0.13320587393414265
GOOGL,2016-10,2016-10-31,Communication Services,809.9,0.007263139566699106,0.0122231665250212,0.14321608040200995,0.0983333107310922,0.13320587393414265,0.12069331200238047,0.06815019835096825,-0.030918706774834326,1.6048249387112201,17.06,0.31029185867895537,0.2435553292914332,0.012512561931762187,-0.042005185825410574,0,0.24482002202081277
GOOGL,2016-11,2016-11-30,Communication Services,775.88,-0.042005185825410574,-0.017686902576438568,0.042471146223816536,-0.010091988925605033,0.24482002202081277,0.18118495202228654,0.015478960399684327,-0.0716251465766865,0.7787077465811284,13.33,0.07413376309427888,-0.09198148909024073,0.06363506999852622,0.021356395318863797,1,0.146040842320404
GOOGL,2016-12,2016-12-30,Communication Services,792.45,0.021356395318863797,-0.014439220953660015,0.11573389651531163,0.018560172748422366,0.146040842320404,0.17987245097669255,0.027442483738643553,-0.051798406202886005,0.022623377398257954,14.04,0.22834645669291342,-0.004109573617663287,-0.033831608656288537,0.03500536311439206,1,0.1695730738443921
GOOGL,2017-01,2017-01-31,Communication Services,820.19,0.021559884416102015,0.0007687051588658456,0.02403425974479978,0.06411770048133691,0.1695730738443921,0.18940954441779537,0.05428848509995965,-0.04456869940008157,0.3173287834214918,11.99,0.08310749774164417,-0.09113113787585259,-0.019836470573403264,0.03016374254745835,1,0.11172939835891008
GOOGL,2017-02,2017-02-28,Communication Services,844.93,-0.00011833899388191682,0.08292426592158719,0.06518998512392526,0.17806251917124438,0.11172939835891008,0.13457618331533008,0.07272476699471686,-0.015749315627002214,-0.3852617509201202,12.92,0.11668107173725151,0.08160255132549343,-0.022846784956420008,0.003396731090149485,1,0.10504960953021067
GOOGL,2017-03,2017-03-31,Communication Services,847.8,-0.002412190386538837,0.05594858509366274,0.05626432771852885,0.10151103719776011,0.10504960953021067,0.12319878347605943,0.057731880625886856,-0.02816465490560205,-0.11619132106126875,12.37,-0.04552469135802484,0.054632311148401724,-0.018149173945848765,0.0904930408115121,1,0.16843867788496875
GOOGL,2017-04,2017-04-28,Communication Services,924.52,0.08783696330026936,0.09406766623670171,0.1245833840165429,0.31126428956400876,0.16843867788496875,0.13655314389318748,0.13293507656551506,0.0,3.1259193702801578,10.82,-0.2604237867395762,-0.11032511518030774,0.03188553399178126,0.06767836282611528,1,0.13065818611886654
GOOGL,2017-05,2017-05-31,Communication Services,987.09,0.05817842670611695,0.15213306098628543,0.256175314015195,0.3181411497629698,0.13065818611886654,0.13965229745470673,0.18044302639430865,-0.009114910105704754,0.5366318486047408,10.41,-0.028917910447761264,-0.12517507703389497,-0.008994111335840188,-0.0581608566594739,0,0.2134657984987247
GOOGL,2017-06,2017-06-30,Communication Services,929.68,-0.05930445517004124,0.0965793819297005,0.15793144679155047,0.3214504001250835,0.2134657984987247,0.1783440750537594,0.086601692012096,-0.07428207272872112,1.008861918798986,11.18,0.11576846307385225,-0.021559747728725043,0.03512172344496531,0.017016607865071975,1,0.17669037045668023
GOOGL,2017-07,2017-07-31,Communication Services,945.5,0.00818920475144469,0.013593190540511557,0.14768823665076525,0.1948088053175625,0.17669037045668023,0.17688659809768362,0.08502499114938633,-0.0585294937666786,0.7433194116637175,10.26,0.088016967126193,-0.028657299571718253,-0.00019622764100338252,0.010301427815970321,1,0.14988809565420855
GOOGL,2017-08,2017-08-31,Communication Services,955.24,0.008019923177577937,-0.041039232221017574,0.12502944363310875,0.2093941887700197,0.14988809565420855,0.1791222804590897,0.07736005507479393,-0.048831003305850884,0.00030009768346579116,10.59,-0.13409648405560104,-0.03642455841361081,-0.029234184804881158,0.019345923537540388,1,0.14172668553673895
GOOGL,2017-09,2017-09-29,Communication Services,973.72,0.031887498277926696,0.04737113845624319,0.14852559565935364,0.2131466161666502,0.14172668553673895,0.15153836898514256,0.07863015786647187,-0.030429760624526958,0.8151803821933912,9.51,-0.008342022940563076,-0.13105338728625504,-0.009811683448403608,0.060921003984718336,1,0.1935702622160871
GOOGL,2017-10,2017-10-31,Communication Services,1033.04,0.0677747113605589,0.09011861044278424,0.08918762190943119,0.27551549574021483,0.1935702622160871,0.1610513999586169,0.11926158898762917,-0.0006094788472144064,0.15333043714986086,10.18,-0.08781362007168458,-0.06590541662418625,0.03251886225747022,0.0030298923565399427,1,0.15262369709281418
GOOGL,2017-11,2017-11-30,Communication Services,1036.17,0.0030298923565399427,0.08472216406348143,0.04020599927719548,0.3354771356395321,0.15262369709281418,0.16201115407478545,0.09598792495618347,-0.033432523950336246,1.3842018819726805,11.28,0.1417004048582995,0.08848622237198822,-0.00938745698197127,0.01662854550894166,1,0.12113131773216934
GOOGL,2017-12,2017-12-29,Communication Services,1053.4,0.01544275000481976,0.08183050568952077,0.13307804836072634,0.3120267038660822,0.12113131773216934,0.15808092260198633,0.09113174491351361,-0.02920495074141305,-0.5310646596734157,11.04,0.14760914760914767,0.07101940252540806,-0.03694960486981699,0.1222897284981963,1,0.12471193505461434
GOOGL,2018-01,2018-01-31,Communication Services,1182.22,0.1222897284981963,0.14430904145654466,0.24896467207572703,0.44139772491739704,0.12471193505461434,0.13679801847191228,0.18693134593799887,-0.004496614907878227,0.8174376171504717,13.54,0.18047079337401906,0.27481954179307455,-0.012086083417297944,-0.10726429936898374,0,0.30578461342321017
GS,2014-02,2014-02-28,Financials,166.45,0.015558267236119416,-0.009462032849321567,0.08812185395829242,0.11144497863247871,0.18414575262062433,0.17129495265142375,0.017831465576413796,-0.07202988236605912,0.9824477247620446,14.0,-0.0463215258855586,-0.03891207462052271,0.012850799969200577,-0.015620306398317796,0,0.18794889859373134
GS,2014-03,2014-03-31,Financials,163.85,-0.015620306398317796,-0.0708817692089595,0.025023459493275002,0.1219528896192823,0.18794889859373134,0.18106947116106287,-0.0021783387746130423,-0.08652505993198423,-0.8686457810903206,13.88,-0.08018555334658706,-0.06159855769230771,0.006879427432668478,-0.02459566676838576,0,0.21141988829169014
GS,2014-04,2014-04-30,Financials,159.82,-0.02459566676838576,-0.024893227577791444,-0.01009600495509444,0.09413294995550081,0.21141988829169014,0.19215282858783048,-0.0286376250670084,-0.10899258515916821,-0.8814618287372564,13.41,0.010550113036925435,-0.10063234542667343,0.019267059703859668,-6.25703916905529e-05,0,0.1558270055702938
GS,2014-05,2014-05-30,Financials,159.81,-6.25703916905529e-05,-0.03989185941724238,-0.048976434182337436,-0.02762397322786736,0.1558270055702938,0.18358639610040173,-0.025112458868786436,-0.10904833584211404,-0.8581947229666531,11.4,-0.052369077306733125,-0.1761021440616719,-0.027759390530107925,0.047744196233026726,1,0.11738204341395651
GS,2014-06,2014-06-30,Financials,167.44,0.047744196233026726,0.021910283796155117,-0.05052452509214633,0.10704132231404961,0.11738204341395651,0.16489797122836575,0.016136877472790356,-0.0665105647544183,-0.9185849022640633,11.57,0.05373406193078312,-0.0917122528068186,-0.047515927814409234,0.03242952699474433,1,0.18449794177509796
GS,2014-07,2014-07-31,Financials,172.87,0.03632875726874896,0.07794475275924428,0.04239025566811394,0.05389258062549529,0.18449794177509796,0.1535347136876773,0.04240534112891181,-0.03747216035634737,1.5887090642493753,16.95,0.4315878378378377,0.4020771513353114,0.030963228087420663,0.036096488690923856,1,0.13089865568101455
GS,2014-08,2014-08-29,Financials,179.11,0.036096488690923856,0.11922764481659698,0.08722835983974742,0.1658530234980149,0.13089865568101455,0.14524138391626298,0.07146019128474723,-0.002728285077950865,0.3572310471277671,11.98,0.04446381865736693,-0.038106647634584045,-0.014342728235248431,0.02490089888895075,1,0.14683710095891644
GS,2014-09,2014-09-30,Financials,183.57,0.02490089888895075,0.10047359271026912,0.10637656702025078,0.16029328108210605,0.14683710095891644,0.15322875447337267,0.08733509609916967,-0.022992176273351372,-0.5396631083855863,16.31,0.09243134628265226,0.24473652331920048,-0.006391653514456225,0.03497303480960956,1,0.26472346321531004
GS,2014-10,2014-10-31,Financials,189.99,0.038877952755905554,0.10658745413244808,0.21515829868883918,0.18108914584110392,0.26472346321531004,0.18823233183089189,0.12058976794608389,-0.000999053528236371,0.7155840268049615,14.03,-0.1291123525760397,-0.06893282630908115,0.07649113138441815,-0.008316227169851143,0,0.09609608508276868
GS,2014-11,2014-11-28,Financials,188.41,0.012521496130696308,0.05192339902852994,0.17734174842217088,0.12002140054690291,0.09609608508276868,0.18010346194584811,0.09621511672558603,-0.018084219303731497,-2.1238469336436134,13.33,-0.018409425625920517,-0.11879328436516257,-0.08400737686307944,0.028767050581179454,1,0.219291926598371
GS,2014-12,2014-12-31,Financials,193.83,0.029914984059511207,0.07266187050359729,0.16142369225238196,0.09347850614915965,0.219291926598371,0.19975061176702716,0.10990161884273153,-0.015541673015389224,-1.1755496488527384,19.2,0.29729729729729715,0.19535141117874932,0.01954131483134383,-0.11050920910075845,0,0.2497981579446166
GS,2015-01,2015-01-30,Financials,172.41,-0.11905370190588116,-0.0734630266552021,-0.002660959102215532,0.039616497829233044,0.2497981579446166,0.20277298100065366,-0.023769328486814123,-0.12433338412311434,0.34403086199152866,20.97,0.25870348139255683,0.28986936400382723,0.04702517694396294,0.1008062177367901,1,0.19214978338933275
GS,2015-02,2015-02-27,Financials,189.79,0.09673504767408247,0.004924282537329017,0.0673752882290084,0.1475994678921273,0.19214978338933275,0.221822948204341,0.05844951283939581,-0.03606074457819086,-0.14240162724090633,13.34,-0.06713286713286715,-0.2133845001871958,-0.029673164815008257,-0.009589546340692312,0,0.22272466461381085
GS,2015-03,2015-03-31,Financials,187.97,-0.01991761822827043,-0.0418981599469902,0.02252080726758421,0.1472078120231919,0.22272466461381085,0.22432170494724696,0.030637575750929624,-0.04530448473767068,-0.4532893186494489,15.29,0.12261380323054327,-0.07871304647225941,-0.001597040333436106,0.04495398201840706,1,0.14389271553812602
GS,2015-04,2015-04-30,Financials,196.42,0.04495398201840706,0.11608614125802585,0.05420781451266632,0.2290076335877862,0.14389271553812602,0.18759121539940346,0.05938819549654828,-0.023272003978120348,0.41067589120280723,14.55,0.16586538461538458,-0.01691297912957679,-0.04369849986127744,0.04974035230628249,1,0.12911043531149713
GS,2015-05,2015-05-29,Financials,206.19,0.038426672038678555,0.08641129669634862,0.09176109287302747,0.2827547592385218,0.12911043531149713,0.1682084340999951,0.09447177365310933,-0.013728116330240181,-0.06795700932781303,13.84,0.1428571428571428,-0.0047029815990137225,-0.039097998788497984,0.012609728890828897,1,0.16881257099800145
GS,2015-06,2015-06-30,Financials,208.79,0.004715846205668672,0.11076235569505766,0.06422345685305064,0.24695413282369794,0.16881257099800145,0.14477746236711259,0.0864350423303275,-0.04400183150183157,1.8138646482976848,18.23,0.5053674649050373,0.3267677876228874,0.02403510863088887,-0.01781694525599886,0,0.1488830077638282
GS,2015-07,2015-07-31,Financials,205.07,-0.023197103934457508,0.038171416999949415,0.1894321675076851,0.18626713715508747,0.1488830077638282,0.1475782132315591,0.0521368788675276,-0.06103479853479854,-1.475630532396495,12.12,-0.11790393013100442,-0.13751270755676048,0.0013047945322691157,-0.08031403910859702,0,0.29627159309589474
GS,2015-08,2015-08-31,Financials,188.6,-0.08031403910859702,-0.08637310468439674,-0.013959324515083527,0.05298419965384382,0.29627159309589474,0.21327321054968973,-0.03839584440163857,-0.13644688644688652,0.3372477637257066,28.43,-0.30216003927344137,0.7715848507927716,0.08299838254620501,-0.07868504772004248,0,0.29178533679265806
GS,2015-09,2015-09-30,Financials,173.76,-0.07868504772004248,-0.17233495284366962,-0.09608281745825309,-0.05344010459225368,0.29178533679265806,0.2516819281195921,-0.10977723425369812,-0.20439560439560445,0.1250970876918892,24.5,0.10709444193402629,0.2655996326604242,0.04010340867306594,0.07907458563535918,1,0.2286403925432964
GS,2015-10,2015-10-30,Financials,187.5,0.06521986137938862,-0.0839806536714055,-0.05920722528850986,-0.014091912924597771,0.2286403925432964,0.2760022060445201,-0.035993930103647265,-0.14148351648351654,-0.2794909577427349,15.07,0.04218533886583664,-0.2563678801929946,-0.047361813501223676,0.013440000000000119,1,0.20455061128963337
GS,2015-11,2015-11-30,Financials,190.02,0.0006846068776662495,0.007529162248144372,-0.07949425955529721,0.008545193991826405,0.20455061128963337,0.24468536665520604,-0.02912497346341336,-0.12994505494505493,0.45751364804650085,16.13,0.04266321913380722,-0.15703158051912514,-0.04013475536557268,-0.051520892537627705,0,0.30965762191306495
GS,2015-12,2015-12-31,Financials,180.23,-0.06650437665095565,0.023917736620838514,-0.1384799235181644,-0.07016457720683089,0.30965762191306495,0.2515434427574515,-0.07549563293129391,-0.17477106227106232,-1.192461079586118,18.21,0.16955684007707128,0.07460799190692957,0.058114179155613455,-0.10358985740442761,0,0.35186620320269096
GS,2016-01,2016-01-29,Financials,161.56,-0.11970794965400755,-0.15555090947104322,-0.22027027027027024,-0.08199329507358377,0.35186620320269096,0.2950708947917271,-0.15832028736725012,-0.2602564102564102,0.9230576184534537,20.2,-0.09579230080572965,0.0595464082325905,0.05679530841096386,-0.07446150037137911,0,0.39138506688232483
GS,2016-02,2016-02-29,Financials,149.53,-0.04794346109766967,-0.20946338884483218,-0.20971407430896893,-0.21212919542652398,0.39138506688232483,0.3442211212842954,-0.2006152156823331,-0.31533882783882783,0.5510667427716931,20.55,0.06037151702786381,-0.025692547355112505,0.047163945598029444,0.049822778037851956,1,0.202052969474529
GS,2016-03,2016-03-31,Financials,156.98,0.015066278693824708,-0.14466299787500692,-0.08658210171069491,-0.16486673405330643,0.202052969474529,0.3254711651920581,-0.13329280822957756,-0.28122710622710634,-1.2820660659252494,13.95,-0.0662650602409639,-0.316155186902798,-0.1234181957175291,0.045419798700471636,1,0.2585614363851273
GS,2016-04,2016-04-29,Financials,164.11,0.045419798700471636,0.015783609804407073,-0.14222245452644777,-0.16449445066693802,0.2585614363851273,0.29389167094387986,-0.06631809815863654,-0.24858058608058609,-0.993681937328919,15.7,0.18759455370650513,-0.10027016455477444,-0.03533023455875256,-0.028212784108220257,0,0.2552352724235811
GS,2016-05,2016-05-31,Financials,159.48,-0.028212784108220257,0.031231813773035855,-0.16270278784060488,-0.23256821134690353,0.2552352724235811,0.23721738877372286,-0.06578298375371538,-0.2697802197802198,-0.37401718006938023,14.19,-0.10303413400758543,-0.05219465648854971,0.018017883649858263,-0.0683471281665411,0,0.34188403943154705
GS,2016-06,2016-06-30,Financials,148.58,-0.0712008501594048,-0.0703291202602927,-0.18367122685566717,-0.2922739830427741,0.34188403943154705,0.28323070654410837,-0.10735340015866723,-0.3032590855803048,1.1400680573976663,15.63,-0.0939130434782608,-0.005524359699442427,0.05865333288743868,0.06885179701171085,1,0.223415257238326
GS,2016-07,2016-07-29,Financials,158.81,0.09147766323024054,-0.032295411614161273,-0.017021539985144885,-0.23354247104247094,0.223415257238326,0.2749755099286041,-0.032648494029660635,-0.22896538330824878,-0.801624747526202,11.87,-0.012479201331114798,-0.22596571854428027,-0.051560252690278086,0.06706126818210434,1,0.12545923763770958
GS,2016-08,2016-08-31,Financials,169.46,0.08586441112392662,0.06391260673028643,0.09096761733084402,-0.06951460575444757,0.12545923763770958,0.2475570946621457,0.05069872457228164,-0.14916905156399052,0.643539951061745,13.42,-0.0022304832713754275,-0.07252322915409681,-0.12209785702443612,-0.04832998937802435,0,0.20674825697676888
GS,2016-09,2016-09-30,Financials,161.27,-0.04832998937802435,0.08782462057335594,0.02218419217848777,-0.08379729576184525,0.20674825697676888,0.19169985430394024,0.013650688694152535,-0.19028970226439712,1.699439496979237,13.29,0.08136696501220508,0.0060922855082912175,0.015048402672828642,0.10522725863458793,1,0.15726572125759491
GS,2016-10,2016-10-31,Financials,178.24,0.10522725863458793,0.14212482378572355,0.09255853867843578,-0.04938666666666658,0.15726572125759491,0.17147707123849765,0.12213936777041212,-0.10508610734548363,-0.9389936722492149,17.06,0.31029185867895537,0.2435553292914332,-0.014211349980902732,0.23030745062836622,1,0.30634247784049273
GS,2016-11,2016-11-30,Financials,219.29,0.23030745062836622,0.2940516936150124,0.3767579105976895,0.13580566633863356,0.30634247784049273,0.24210417707715148,0.33860783930113314,0.0,1.8985901534544107,13.33,0.07413376309427888,-0.09198148909024073,0.06423830076334125,0.09193305668293128,1,0.22464550051192103
GS,2016-12,2016-12-30,Financials,239.45,0.09193305668293128,0.4847770819123207,0.6151770657672848,0.32858014758919163,0.22464550051192103,0.23724634463943878,0.3848641205100716,-0.014973877987576656,-0.8895424967489235,14.04,0.22834645669291342,-0.004109573617663287,-0.012600844127517746,-0.042305282940070965,0,0.1982285308120065
GS,2017-01,2017-01-31,Financials,229.32,-0.03719875724242172,0.2945692672462459,0.44974080161840924,0.4363921077356716,0.1982285308120065,0.25534864766604337,0.2656973767908568,-0.06689453125,0.6322196574591868,11.99,0.08310749774164417,-0.09113113787585259,-0.05712011685403687,0.08171986743415327,1,0.21662108657320292
GS,2017-02,2017-02-28,Financials,248.06,0.04688752901456006,0.17352635064812194,0.4946074591793699,0.658931318130141,0.21662108657320292,0.21831978014959233,0.3126906215330265,-0.014696536383857595,-0.1746007098373488,12.92,0.11668107173725151,0.08160255132549343,-0.0016986935763894095,-0.07393372571152146,0,0.18019544319336445
GS,2017-03,2017-03-31,Financials,229.72,-0.08499960168883935,-0.03551935510958104,0.44523435042466186,0.4373670379176575,0.18019544319336445,0.1994132413432421,0.15511020109336227,-0.09162086282573445,-0.7101120346447395,12.37,-0.04552469135802484,0.054632311148401724,-0.019217798149877646,-0.0257705032213128,0,0.23812542925044164
GS,2017-04,2017-04-28,Financials,223.8,-0.02035456336178587,-0.05549694028275998,0.2639069294629244,0.3622253332521761,0.23812542925044164,0.21574842581919987,0.08563148777597385,-0.1150302503064573,-0.588451228351432,10.82,-0.2604237867395762,-0.11032511518030774,0.02237700343124177,-0.05603217158176954,0,0.2584630722563834
GS,2017-05,2017-05-31,Financials,211.26,-0.06044029352901936,-0.16402200150369994,0.004326123128119752,0.3246802106847253,0.2584630722563834,0.2238611743736614,-0.007450697300417142,-0.1646170271659615,2.1717526615483016,10.41,-0.028917910447761264,-0.12517507703389497,0.03460189788272197,0.05036447978793901,1,0.173242238410847
GS,2017-06,2017-06-30,Financials,221.9,0.03204502116180641,-0.0340414417551802,-0.06835166680661686,0.49347153048862546,0.173242238410847,0.2259005600189446,0.014723319841796423,-0.122543398315473,-0.1881818514926741,11.18,0.11576846307385225,-0.021559747728725043,-0.05265832160809761,0.01545741324921135,1,0.17201336106393456
GS,2017-07,2017-07-31,Financials,225.33,0.004099639053518178,0.002134756504336366,-0.036639589568191466,0.4188653107486935,0.17201336106393456,0.2060184877406012,0.003210022750646635,-0.10898018901498663,-1.4767037089114368,10.26,0.088016967126193,-0.028657299571718253,-0.034005126676666636,-0.007056317401144985,0,0.18449594066724812
GS,2017-08,2017-08-31,Financials,223.74,-0.011181332036947045,0.04889597299704662,-0.1152675076120051,0.3203115779534993,0.18449594066724812,0.1725417354121259,-0.0263014796744675,-0.1152675076120051,-1.1010454782931751,10.59,-0.13409648405560104,-0.03642455841361081,0.011954205255122224,0.060114418521498125,1,0.19557063616172293
GS,2017-09,2017-09-29,Financials,237.19,0.06640589875011238,0.06890491212257777,0.032517847814730994,0.49223026108839263,0.19557063616172293,0.18171182664789373,0.02980839198973273,-0.062082328285025024,-1.3282987502305816,9.51,-0.008342022940563076,-0.13105338728625504,0.013858809513829201,0.02230279522745482,1,0.20764237552508324
GS,2017-10,2017-10-31,Financials,242.48,0.007604404737170167,0.0716400760153797,0.07145066501701192,0.3604129263913822,0.20764237552508324,0.19614271196766697,0.05256646637315354,-0.04116414251255485,0.10499695275686075,10.18,-0.08781362007168458,-0.06590541662418625,0.011499663557416273,0.021280105575717467,1,0.15569431525909033
GS,2017-11,2017-11-30,Financials,247.64,0.021280105575717467,0.1068204165549298,0.16093947775537942,0.12928086096037217,0.15569431525909033,0.1871254238172314,0.0736965376495089,-0.020760014235438384,2.855161967067026,11.28,0.1417004048582995,0.08848622237198822,-0.031431108558141074,0.028751413341947973,1,0.19467702984206395
GS,2017-12,2017-12-29,Financials,254.76,0.05551872721246265,0.0740756355664236,0.14808472284812968,0.0696112184062474,0.19467702984206395,0.18002167249654097,0.10248964630837332,-0.023945442703344755,0.04265713068739559,11.04,0.14760914760914767,0.07101940252540806,0.014655357345522979,0.05153870309310715,1,0.1945942272283565
GS,2018-01,2018-01-31,Financials,267.89,0.05153870309310715,0.11208435385445648,0.1801321585903084,0.16819291819291826,0.1945942272283565,0.17354105486635435,0.14402482015847817,-0.016845273047563225,0.712729300811899,13.54,0.18047079337401906,0.27481954179307455,0.02105317236200216,-0.04027772593228551,0,0.3199920434671043
HD,2014-02,2014-02-28,Consumer Discretionary,82.03,0.06977047470005204,0.02090852520224029,0.09329601492736228,0.1975182481751825,0.1845593628272936,0.15073780975083434,0.05459180689000842,-0.003764877337867456,0.38934306731263696,14.0,-0.0463215258855586,-0.03891207462052271,0.03382155307645926,-0.03535291966353782,0,0.11657191557924898
HD,2014-03,2014-03-31,Consumer Discretionary,79.13,-0.03535291966353782,-0.03074473297403235,0.04173249078462349,0.13578297689105767,0.11657191557924898,0.14692516960473123,0.01391327857373037,-0.045591605355204456,-0.3869410109728095,13.88,-0.08018555334658706,-0.06159855769230771,-0.03035325402548225,0.004802224188045212,1,0.1744785331944267
HD,2014-04,2014-04-30,Consumer Discretionary,79.51,0.004802224188045212,0.03690662493479402,0.04535892716276635,0.08398091342876635,0.1744785331944267,0.1620476654257531,0.017345803528530546,-0.041008322277167886,0.7510750145227135,13.41,0.010550113036925435,-0.10063234542667343,0.012430867768673581,0.009055464721418716,1,0.14563176088039534
HD,2014-05,2014-05-30,Consumer Discretionary,80.23,0.009055464721418716,-0.02194319151529922,-0.0014934660858741955,0.009944612286002075,0.14563176088039534,0.14590814757139609,0.028399885149408277,-0.03232420697141469,-1.0890431237225962,11.4,-0.052369077306733125,-0.1761021440616719,-0.0002763866910007462,0.009098840832606037,1,0.11327650154066321
HD,2014-06,2014-06-30,Consumer Discretionary,80.96,0.009098840832606037,0.023126500695058727,-0.008329250367467012,0.04504969665677039,0.11327650154066321,0.14423153224167812,0.029845942882728904,-0.023519478953081707,-0.6288533538492076,11.57,0.05373406193078312,-0.0917122528068186,-0.030955030701014907,-0.0013586956521739468,0,0.1039252832984916
HD,2014-07,2014-07-31,Consumer Discretionary,80.85,-0.011855292104619886,0.01916046892726575,0.05095541401273862,0.023029229406554386,0.1039252832984916,0.12221560438346589,0.021660852824604726,-0.02484621879146065,0.09407365922888897,16.95,0.4315878378378377,0.4020771513353114,-0.01829032108497429,0.15646258503401378,1,0.22512656519510052
HD,2014-08,2014-08-29,Consumer Discretionary,93.5,0.15646258503401378,0.15660564077189498,0.1402439024390243,0.24583610926049304,0.22512656519510052,0.16443258436450287,0.1661931215809338,0.0,0.7520693680153033,11.98,0.04446381865736693,-0.038106647634584045,0.060693980830597655,-0.018823529411764794,0,0.20200267269250224
HD,2014-09,2014-09-30,Consumer Discretionary,91.74,-0.018823529411764794,0.12124175018332939,0.15570672713529854,0.2094924192485168,0.20200267269250224,0.19077874897776112,0.12722920818721772,-0.018823529411764794,0.255399900423624,16.31,0.09243134628265226,0.24473652331920048,0.011223923714741124,0.06300414214083272,1,0.21439948435469197
HD,2014-10,2014-10-31,Consumer Discretionary,97.52,0.057241977450130044,0.2185430463576159,0.2392934299148557,0.2520220824239312,0.21439948435469197,0.21626664431581563,0.17792572980181087,0.0,0.0056816100047225974,14.03,-0.1291123525760397,-0.06893282630908115,-0.00186715996112366,0.019278096800656286,1,0.15382839103064097
HD,2014-11,2014-11-28,Consumer Discretionary,99.4,0.030906450943787744,0.06310160427807499,0.22958931222167256,0.23233325068187471,0.15382839103064097,0.1915400135045556,0.1737699033115898,0.0,-1.6092190057464513,13.33,-0.018409425625920517,-0.11879328436516257,-0.03771162247391463,0.05603621730382291,1,0.17503905421945662
HD,2014-12,2014-12-31,Consumer Discretionary,104.97,0.06158980582524265,0.15326301911667772,0.28043425225664786,0.27483604566431863,0.17503905421945662,0.18116570303604412,0.20717057250038518,0.0,0.2195239841277839,19.2,0.29729729729729715,0.19535141117874932,-0.006126648816587504,-0.005239592264456472,0,0.2891540996699336
HD,2015-01,2015-01-30,Consumer Discretionary,104.42,0.0014385729356478638,0.0829703381041278,0.2915275200989489,0.35733783959443643,0.2891540996699336,0.211810903141524,0.1662738878402379,-0.02973425013937936,0.9596685376455611,20.97,0.25870348139255683,0.28986936400382723,0.0773431965284096,0.09892740854242477,1,0.2462637564491416
HD,2015-02,2015-02-27,Consumer Discretionary,114.75,0.09556998281458862,0.1828677455932377,0.24904756721454224,0.3999024033182872,0.2462637564491416,0.22711833430436962,0.2385100535176654,-0.017130620985010725,0.29035369503599257,13.34,-0.06713286713286715,-0.2133845001871958,0.019145422144771995,-0.009934640522875848,0,0.21359922119427346
HD,2015-03,2015-03-31,Consumer Discretionary,113.61,-0.021615570099896675,0.08686501482827902,0.22319121447028434,0.4357386579047138,0.21359922119427346,0.23759493592228126,0.17608817400432097,-0.03302408715635374,-0.9165485866665385,15.29,0.12261380323054327,-0.07871304647225941,-0.023995714728007794,-0.05835753894903617,0,0.1439123521575038
HD,2015-04,2015-04-30,Consumer Discretionary,106.98,-0.05835753894903617,-0.005946850027875872,0.10756807122890577,0.3454911331907935,0.1439123521575038,0.2023104445776543,0.06967805670153604,-0.08945442165290651,2.2729432597493218,14.55,0.16586538461538458,-0.01691297912957679,-0.05839809242015048,0.041503084688726766,1,0.19355355132021826
HD,2015-05,2015-05-29,Consumer Discretionary,111.42,0.024928709410357852,-0.029019607843137285,0.14854138748582613,0.39449311639549434,0.19355355132021826,0.18406688166054452,0.08099717186613176,-0.05166397140182133,0.5447403358980897,13.84,0.1428571428571428,-0.0047029815990137225,0.009486669659673735,-0.002602764315203787,0,0.1352276454299303
HD,2015-06,2015-06-30,Consumer Discretionary,111.13,-0.0048356765469688145,-0.02182906434292764,0.06313976848751546,0.37265316205533594,0.1352276454299303,0.15635336542770065,0.05335993668276462,-0.054132266575878774,0.8979572773339095,18.23,0.5053674649050373,0.3267677876228874,-0.021125719997770354,0.053090974534329316,1,0.13768538035865635
HD,2015-07,2015-07-31,Consumer Discretionary,117.03,0.04425805300258778,0.06827932450935648,0.12076230607163385,0.4474953617810762,0.13768538035865635,0.14574812467337403,0.08451386848867726,-0.003915226827815088,-0.20632095665752512,12.12,-0.11790393013100442,-0.13751270755676048,-0.00806274431471768,-0.004870546013842625,0,0.2793288473882979
HD,2015-08,2015-08-31,Consumer Discretionary,116.46,-0.004870546013842625,0.04364190339636154,0.003360041354355081,0.24556149732620325,0.2793288473882979,0.1941846523140089,0.05606359233007274,-0.05162866449511405,0.3319431830342313,28.43,-0.30216003927344137,0.7715848507927716,0.085144195074289,-0.008329040013738576,0,0.25792938294943507
HD,2015-09,2015-09-30,Consumer Discretionary,115.49,-0.008329040013738576,0.030516641384848775,0.020860956421815624,0.25888380204926964,0.25792938294943507,0.2303084462468156,0.030576874083387606,-0.059527687296417,0.07364276879182399,24.5,0.10709444193402629,0.2655996326604242,0.027620936702619475,0.0705688804225475,1,0.10047168335585346
HD,2015-10,2015-10-30,Consumer Discretionary,123.64,0.05648124412543787,0.057746599366926166,0.12338724332182438,0.267842493847416,0.10047168335585346,0.22572712983440066,0.08294079211285577,-0.010959123270138371,-0.15224274000900276,15.07,0.04218533886583664,-0.2563678801929946,-0.1252554464785472,0.08282109349724998,1,0.23073864881193795
HD,2015-11,2015-11-30,Consumer Discretionary,133.88,0.08290867912319011,0.14957925467971833,0.19974908145891201,0.34688128772635807,0.23073864881193795,0.20774748284129496,0.15227888798374,-0.006382662906338266,1.5725732125450205,16.13,0.04266321913380722,-0.15703158051912514,0.02299116597064299,-0.012175082163131123,0,0.17985333056833533
HD,2015-12,2015-12-31,Consumer Discretionary,132.25,-0.016216618314364384,0.13005212338716565,0.1862050408108351,0.25988377631704296,0.17985333056833533,0.17844164648450841,0.11920294132456921,-0.018480035624165114,-1.0137214389026297,18.21,0.16955684007707128,0.07460799190692957,0.001411684083826914,-0.04907372400756138,0,0.3019126873231315
HD,2016-01,2016-01-29,Consumer Discretionary,125.76,-0.05938668661181734,0.01566790502342119,0.07985574446161792,0.16855603047760637,0.3019126873231315,0.2423523729841697,0.056729909968729064,-0.06664687546385639,0.8339084902444137,20.2,-0.09579230080572965,0.0595464082325905,0.05956031433896178,-0.013040712468193383,0,0.3121581170479554
HD,2016-02,2016-02-29,Consumer Discretionary,124.12,0.015047432122996529,-0.07820274786483472,0.054903960564337995,0.08165577342047925,0.3121581170479554,0.26138136785667254,0.03463122090568582,-0.07881846519222213,-0.08249794300047358,20.55,0.06037151702786381,-0.025692547355112505,0.05077674919128283,0.07500805671930388,1,0.10242132775924224
HD,2016-03,2016-03-31,Consumer Discretionary,133.43,0.06149562450278445,-0.0020194465220642055,0.18173766716854134,0.1744564739019454,0.10242132775924224,0.2509871309687514,0.0946575657139106,-0.009722428380584791,-1.0803481781350484,13.95,-0.0662650602409639,-0.316155186902798,-0.14856580320950918,0.0034475005620924204,1,0.13382578040405482
HD,2016-04,2016-04-29,Consumer Discretionary,133.89,0.0034475005620924204,0.06464694656488534,0.08132773380713942,0.25154234436343215,0.13382578040405482,0.19606223704231301,0.07764709291235139,-0.02127192982456161,-0.057592721769720995,15.7,0.18759455370650513,-0.10027016455477444,-0.06223645663825819,-0.013219807304503561,0,0.17842513504958196
HD,2016-05,2016-05-31,Consumer Discretionary,132.12,-0.013219807304503561,0.05107398568019095,-0.019444856761169693,0.1831288618250202,0.17842513504958196,0.14137351483980373,0.047506048411873225,-0.039197149298232814,1.3455051021710498,14.19,-0.10303413400758543,-0.05219465648854971,0.03705162020977823,-0.03353012412957923,0,0.16024014084400814
HD,2016-06,2016-06-30,Consumer Discretionary,127.69,-0.03140408101342651,-0.05309603262884688,-0.042444694413198314,0.1393771749799233,0.16024014084400814,0.1547027432205354,0.002164200629050317,-0.07141298814631658,1.192558813143479,15.63,-0.0939130434782608,-0.005524359699442427,0.005537397623472745,0.08262197509593561,1,0.13423243310087626
HD,2016-07,2016-07-29,Consumer Discretionary,138.24,0.08534191724895979,0.032489356934797486,0.0992366412213741,0.1870170015455952,0.13423243310087626,0.16067716043259447,0.07048315386762782,0.0,-0.6714949901097336,11.87,-0.012479201331114798,-0.22596571854428027,-0.02644472733171821,-0.02980324074074081,0,0.09462909682303233
HD,2016-08,2016-08-31,Consumer Discretionary,134.12,-0.02259145897099546,0.012914432444679491,0.05772870662460572,0.18616786061731672,0.09462909682303233,0.13798370790128175,0.02751624455530166,-0.033508683433018716,0.36961355110593125,13.42,-0.0022304832713754275,-0.07252322915409681,-0.04335461107824942,-0.04056069191768563,0,0.17550069492676948
HD,2016-09,2016-09-30,Consumer Discretionary,128.68,-0.04056069191768563,-0.007251967288998573,-0.0457545420837967,0.09954712466888838,0.17550069492676948,0.14136170803236572,-0.012048054019504817,-0.07271023996541037,1.4340432987820921,13.29,0.08136696501220508,0.0060922855082912175,0.034138986894403756,-0.051834006838669566,0,0.17851116705400857
HD,2016-10,2016-10-31,Consumer Discretionary,122.01,-0.051834006838669566,-0.11084390030607782,-0.09313215400624342,-0.013183435781300545,0.17851116705400857,0.15227754974795685,-0.06100323581009348,-0.12077538372847163,0.9449649073005368,17.06,0.31029185867895537,0.2435553292914332,0.026233617306051726,0.060568805835587325,1,0.22408285734313063
HD,2016-11,2016-11-30,Consumer Discretionary,129.4,0.060568805835587325,-0.03519236504622725,-0.022732422022505805,-0.037417243174886594,0.22408285734313063,0.19467995410095693,-0.00963122156707874,-0.06752179865965269,0.9885620164653415,13.33,0.07413376309427888,-0.09198148909024073,0.029402903242173706,0.03616692426584245,1,0.13991372894434115
HD,2016-12,2016-12-30,Consumer Discretionary,134.08,0.03616692426584245,0.04196456325769349,0.03440827032865301,0.013837429111531296,0.13991372894434115,0.18480577460789552,0.019753541814420572,-0.0337969301722274,-0.439742910208064,14.04,0.22834645669291342,-0.004109573617663287,-0.04489204566355437,0.02610381861575184,1,0.1141964600782181
HD,2017-01,2017-01-31,Consumer Discretionary,137.58,0.01835677276091796,0.11328693963424508,-0.008575340491460692,0.08750296419255399,0.1141964600782181,0.16550700676914062,0.043945808604623826,-0.008575340491460692,-1.016005541286715,11.99,0.08310749774164417,-0.09113113787585259,-0.051310546690922526,0.05327809274603856,1,0.10660677307993408
HD,2017-02,2017-02-28,Consumer Discretionary,144.91,0.047567411262921855,0.1013908945808315,0.0785203929740994,0.16749919432806948,0.10660677307993408,0.11988303471857362,0.09492760111419507,-0.007125727989037323,0.060275755575669686,12.92,0.11668107173725151,0.08160255132549343,-0.013276261638639542,0.013249603201987536,1,0.08156889968745588
HD,2017-03,2017-03-31,Consumer Discretionary,146.83,-0.007570125042243858,0.08682457438934144,0.14773704369577123,0.08883945124212111,0.08156889968745588,0.10392879268925044,0.09402318214483829,-0.018516042780748587,-0.6548637813449629,12.37,-0.04552469135802484,0.054632311148401724,-0.022359893001794556,0.06313423687257358,1,0.09869912428682406
HD,2017-04,2017-04-28,Consumer Discretionary,156.1,0.0616158868335146,0.12846092676931953,0.2721049629207073,0.1760717245536052,0.09869912428682406,0.10019275500111925,0.1470177721622974,-0.00012810658467854452,0.9311581894463413,10.82,-0.2604237867395762,-0.11032511518030774,-0.0014936307142951882,-0.016591928251121102,0,0.10412522413748096
HD,2017-05,2017-05-31,Consumer Discretionary,153.51,-0.004539264639128571,0.04656394873193337,0.17506123698714027,0.16189827429609438,0.10412522413748096,0.10128072350898824,0.1107308422264397,-0.030013901175281132,2.030129471851578,10.41,-0.028917910447761264,-0.12517507703389497,0.002844500628492716,-0.0007165656960457234,0,0.15425505131057662
HD,2017-06,2017-06-30,Consumer Discretionary,153.4,-0.011279407025459265,0.04474562419124162,0.13545521835677277,0.20134701229540308,0.15425505131057662,0.1263450012909764,0.09160517195983675,-0.03406586486997043,-0.31466308215265065,11.18,0.11576846307385225,-0.021559747728725043,0.02791005001960023,-0.02477183833116048,0,0.19341403818472544
HD,2017-07,2017-07-31,Consumer Discretionary,149.6,-0.01682439537329128,-0.029894299980546046,0.0803784213186971,0.08217592592592582,0.19341403818472544,0.15315475575745724,0.04750718148096933,-0.05799382910396078,0.5306547812929739,10.26,0.088016967126193,-0.028657299571718253,0.0402592824272682,0.0018048128342247338,1,0.17476553756884827
HD,2017-08,2017-08-31,Consumer Discretionary,149.87,-0.0041860465116279055,-0.03527518506597993,0.013936810770583952,0.11743215031315235,0.17476553756884827,0.1716620648378355,0.027438933470809612,-0.0562936842768087,0.7626147614789004,10.59,-0.13409648405560104,-0.03642455841361081,0.003103472731012774,0.09134583305531452,1,0.11949427275415903
HD,2017-09,2017-09-29,Consumer Discretionary,163.56,0.09040000000000004,0.06623207301173406,0.11394129265136543,0.2785116860783241,0.11949427275415903,0.16621688596096337,0.09978224230913924,0.0,-0.7571616191504138,9.51,-0.008342022940563076,-0.13105338728625504,-0.04672261320680435,0.013573000733675622,1,0.07990276295288516
HD,2017-10,2017-10-31,Consumer Discretionary,165.78,0.010730398731861879,0.10152823920265774,0.06954838709677413,0.35874108679616423,0.07990276295288516,0.1319675705999489,0.09063493400138944,-0.01115419027736353,-0.9404875641416098,10.18,-0.08781362007168458,-0.06590541662418625,-0.05206480764706374,0.08469055374592838,1,0.152564437745822
HD,2017-11,2017-11-30,Consumer Discretionary,179.82,0.08469055374592838,0.1998398612130512,0.15751528805922121,0.3896445131375579,0.152564437745822,0.12175168402009684,0.15851906447427266,0.0,2.005494346969735,11.28,0.1417004048582995,0.08848622237198822,0.030812753725725173,0.05399844288733191,1,0.13719767608913602
HD,2017-12,2017-12-29,Consumer Discretionary,189.53,0.06928067700987306,0.15877965272682815,0.23552803129074307,0.40288675055514434,0.13719767608913602,0.12491438372678046,0.19124800717526913,-0.004360159697415433,0.33030447292939413,11.04,0.14760914760914767,0.07101940252540806,0.012283292362355563,0.059990502822772074,1,0.15258041296268213
HD,2018-01,2018-01-31,Consumer Discretionary,200.9,0.059990502822772074,0.21529248079366048,0.33488372093023266,0.46024131414449765,0.15258041296268213,0.14362379312648876,0.22172220870834347,-0.030545770400038474,-0.012950528496074821,13.54,0.18047079337401906,0.27481954179307455,0.008956619836193364,-0.047834743653559,0,0.3107512258366546
INTC,2014-02,2014-02-28,Information Technology,24.76,0.0032414910858995505,0.04693446088794939,0.11106125196320393,0.18582375478927227,0.15635148983940908,0.17651169579373277,0.031187164635111397,-0.07161604799400079,-0.5104868421111673,14.0,-0.0463215258855586,-0.03891207462052271,-0.02016020595432369,0.042568659127625086,1,0.12179449268073905
INTC,2014-03,2014-03-31,Information Technology,25.814,0.042568659127625086,0.008359374999999947,0.12332463011314188,0.2045730284647691,0.12179449268073905,0.16317273231729285,0.07260123375319116,-0.03209598800149982,0.0158395138526835,13.88,-0.08018555334658706,-0.06159855769230771,-0.04137823963655379,0.03393507399085771,1,0.16755210236898194
INTC,2014-04,2014-04-30,Information Technology,26.69,0.03393507399085771,0.08144246353322537,0.09564860426929411,0.11440501043841356,0.16755210236898194,0.14793160622498425,0.09707013424681588,-0.012943786982248406,-0.32288956002068475,13.41,0.010550113036925435,-0.10063234542667343,0.01962049614399769,0.023604346197077408,1,0.115018184939103
INTC,2014-05,2014-05-30,Information Technology,27.32,0.023604346197077408,0.10339256865912749,0.1551797040169134,0.12845931433292024,0.115018184939103,0.13469165092676053,0.10716589825287248,0.0,1.512630553251437,11.4,-0.052369077306733125,-0.1761021440616719,-0.019673465987657526,0.13103953147877,1,0.25513759043128015
INTC,2014-06,2014-06-30,Information Technology,30.9,0.13103953147877,0.1970248702254589,0.20703124999999978,0.2752785802723896,0.25513759043128015,0.1885260252305905,0.21665587721272628,-0.0009699321047527132,-0.8523404529220974,11.57,0.05373406193078312,-0.0917122528068186,0.06661156520068964,0.09676375404530746,1,0.35812750347764777
INTC,2014-07,2014-07-31,Information Technology,33.89,0.09393156875403497,0.2812854442344046,0.36984640258690393,0.4523248339404329,0.35812750347764777,0.25888867882822997,0.2812231511163579,-0.025872302752794618,0.43945421889573294,16.95,0.4315878378378377,0.4020771513353114,0.0992388246494178,0.030392446149306585,1,0.19598731427060537
INTC,2014-08,2014-08-29,Information Technology,34.92,0.030392446149306585,0.28099779897285404,0.4253061224489796,0.5829555757026295,0.19598731427060537,0.27479048231069675,0.2701922649874229,-0.006543385490753839,0.07113081963792128,11.98,0.04446381865736693,-0.038106647634584045,-0.07880316804009138,-0.00286368843069873,0,0.14558017506636176
INTC,2014-09,2014-09-30,Information Technology,34.82,-0.00286368843069873,0.12395093608779861,0.33974605617545217,0.5191309279699838,0.14558017506636176,0.24806583986289168,0.21781247653428903,-0.014435324087177959,0.5765919755243293,16.31,0.09243134628265226,0.24473652331920048,-0.10248566479652993,-0.023262492820218306,0,0.37771481914472516
INTC,2014-10,2014-10-31,Information Technology,34.01,0.014618138424820959,-0.0011747430249632318,0.29957967137944186,0.38986514098896596,0.37771481914472516,0.2611473712598771,0.15531629271808312,-0.037362015284460814,1.656973255293761,14.03,-0.1291123525760397,-0.06893282630908115,0.11656744788484807,0.09526609820640997,1,0.30317523562710413
INTC,2014-11,2014-11-28,Information Technology,37.25,0.09817216981132071,0.06672394043528063,0.36647101980924424,0.5585774058577406,0.30317523562710413,0.27016916308340866,0.22554055468327405,0.0,-1.2247887814661602,13.33,-0.018409425625920517,-0.11879328436516257,0.033006072543695475,-0.025771812080536916,0,0.19604368550403925
INTC,2014-12,2014-12-31,Information Technology,36.29,-0.02367500672585421,0.06766696087084423,0.17140090380890882,0.3981891735696399,0.19604368550403925,0.2763078451299479,0.14332698575245684,-0.03663392620122119,-0.8709836138570886,19.2,0.29729729729729715,0.19535141117874932,-0.08026415962590863,-0.08955635161201436,0,0.2603696897811068
INTC,2015-01,2015-01-30,Information Technology,33.04,-0.10119695321001088,-0.025943396226415172,-0.02508114488049573,0.33548908649959586,0.2603696897811068,0.2593601192321391,0.009601897684884175,-0.12290947703743038,0.7815289620478943,20.97,0.25870348139255683,0.28986936400382723,0.0010095705489677198,0.006355932203389925,1,0.2416980715868239
INTC,2015-02,2015-02-27,Information Technology,33.25,-0.015544041450777146,-0.08452643171806173,-0.044265593561368166,0.3428917609046849,0.2416980715868239,0.22409306539605514,-0.005169989446274781,-0.11733474913724451,-0.2515966206807488,13.34,-0.06713286713286715,-0.2133845001871958,0.01760500619076877,-0.05954887218045113,0,0.353463079147311
INTC,2015-03,2015-03-31,Information Technology,31.27,-0.0819142689371698,-0.15895642818719746,-0.1040114613180515,0.21135817773301313,0.353463079147311,0.2831411624162945,-0.07843405876664211,-0.1698964693389966,0.1203831936557139,15.29,0.12261380323054327,-0.07871304647225941,0.07032191673101651,0.04093380236648536,1,0.21708380770576807
INTC,2015-04,2015-04-30,Information Technology,32.55,0.04093380236648536,-0.04852382344343775,-0.03526970954356856,0.2195578868490069,0.21708380770576807,0.27858223132494947,-0.044528508649460896,-0.1359171754711973,-0.6930418858842358,14.55,0.16586538461538458,-0.01691297912957679,-0.0614984236191814,0.05867895545314905,1,0.19979317491504225
INTC,2015-05,2015-05-29,Information Technology,34.46,0.04789417667629636,0.036390977443609085,-0.05121145374449343,0.2781899109792285,0.19979317491504225,0.2688642435459627,0.013462344403679216,-0.0852136979028405,1.1018105220115617,13.84,0.1428571428571428,-0.0047029815990137225,-0.06907106863092047,-0.117382472431805,0,0.20141640268269725
INTC,2015-06,2015-06-30,Information Technology,30.415,-0.10293467040259552,-0.0273425007994883,-0.18195266272189348,-0.015695792880258908,0.20141640268269725,0.2115783154693639,-0.09721990331066355,-0.19259357578975322,0.8755985787935512,18.23,0.5053674649050373,0.3267677876228874,-0.010161912786666644,-0.048167022850567176,0,0.1918160191400337
INTC,2015-07,2015-07-31,Information Technology,28.95,-0.040755467196819106,-0.13375224416517062,-0.12378934624697335,-0.14576571259958693,0.1918160191400337,0.19372777018541995,-0.12710234159696554,-0.23148393947438284,-0.34766628812381756,12.12,-0.11790393013100442,-0.13751270755676048,-0.0019117510453862396,-0.014162348877374775,0,0.33220608259938456
INTC,2015-08,2015-08-31,Information Technology,28.54,-0.014162348877374775,-0.14217012323414502,-0.16292711541281713,-0.18270332187857963,0.33220608259938456,0.24604316238035281,-0.1266195141170755,-0.24236793204141227,0.7912832490349397,28.43,-0.30216003927344137,0.7715848507927716,0.08616292021903174,0.05606166783461819,1,0.26722072232689315
INTC,2015-09,2015-09-30,Information Technology,30.14,0.05606166783461819,-0.001325381047051044,-0.021746186303148285,-0.13440551407237222,0.26722072232689315,0.26733687336810114,-0.056162112142596476,-0.19989381470666312,0.6639775903206179,24.5,0.10709444193402629,0.2655996326604242,-0.00011615104120799025,0.12342402123424012,1,0.21226675749520546
INTC,2015-10,2015-10-30,Information Technology,33.86,0.1286666666666667,0.16557659208261621,0.012862698175291731,0.03928790669122173,0.21226675749520546,0.2740376982827524,0.07361610614404257,-0.1011414919033714,-0.6502439866654478,15.07,0.04218533886583664,-0.2563678801929946,-0.06177094078754691,0.026875369167159047,1,0.18521121785281563
INTC,2015-11,2015-11-30,Information Technology,34.77,0.021745518660005958,0.21829011913104424,0.04508566275924264,-0.06657718120805356,0.18521121785281563,0.2227473158423284,0.10536493017555659,-0.07698433766923274,-0.6725496853793442,16.13,0.04266321913380722,-0.15703158051912514,-0.03753609798951277,-0.009203336209375856,0,0.22441500839551926
INTC,2015-12,2015-12-31,Information Technology,34.45,-0.018238814477058996,0.14833333333333343,0.1274750450008184,-0.05070267291264796,0.22441500839551926,0.20938787135691542,0.08855703786093017,-0.06664860471416945,-1.0112144105301832,18.21,0.16955684007707128,0.07460799190692957,0.015027137038603838,-0.09956458635703924,0,0.41560259099315766
INTC,2016-01,2016-01-29,Information Technology,31.02,-0.12471783295711059,-0.10630942091616258,0.07298512625389142,-0.09324758842443737,0.41560259099315766,0.2930141569437326,-0.01975112991694583,-0.12471783295711059,1.2458172804244008,20.2,-0.09579230080572965,0.0595464082325905,0.12258843404942504,-0.046099290780141855,0,0.2887661829395228
INTC,2016-02,2016-02-29,Information Technology,29.59,-0.012679346012679282,-0.14107402031930338,0.06746031746031744,-0.11007518796992477,0.2887661829395228,0.307875591489832,-0.05467864584872473,-0.16506772009029336,-0.042544734846988425,20.55,0.06037151702786381,-0.025692547355112505,-0.019109408550309237,0.09327475498479232,1,0.15905678082391125
INTC,2016-03,2016-03-31,Information Technology,32.35,0.06519591702337824,-0.08718961625282162,0.10636114911080718,0.03453789574672217,0.15905678082391125,0.3034453495499798,0.037865237931006934,-0.08718961625282162,-0.8988489779435244,13.95,-0.0662650602409639,-0.316155186902798,-0.14438856872606856,-0.06398763523956719,0,0.1688647043650061
INTC,2016-04,2016-04-29,Information Technology,30.28,-0.06398763523956719,-0.023855577047066312,-0.12762892538173432,-0.06973886328725032,0.1688647043650061,0.20905006972140613,-0.03163186660313211,-0.14559819413092545,1.5554044869700963,15.7,0.18759455370650513,-0.10027016455477444,-0.04018536535640002,0.04326287978863941,1,0.17784631761310687
INTC,2016-05,2016-05-31,Information Technology,31.59,0.04326287978863941,0.04017122160026343,-0.08328496807893215,-0.06827901489455834,0.17784631761310687,0.17153921921123028,0.005576989189808534,-0.10863431151241532,0.29707826616532024,14.19,-0.10303413400758543,-0.05219465648854971,0.0063070984018765985,0.03830326052548272,1,0.2538190315134457
INTC,2016-06,2016-06-30,Information Technology,32.8,0.036007580543272244,0.010785824345146189,-0.06258931123178069,0.08681245858184217,0.2538190315134457,0.20398799194701386,0.03135248672290869,-0.0744920993227991,1.621906008341168,15.63,-0.0939130434782608,-0.005524359699442427,0.04983103956643184,0.06280487804878065,1,0.21491457238035322
INTC,2016-07,2016-07-29,Information Technology,34.86,0.09176323207015336,0.1512549537648613,0.12379110251450687,0.20581113801452777,0.21491457238035322,0.2090771068406692,0.08182672307516836,-0.023255813953488302,-0.6196077974637837,11.87,-0.012479201331114798,-0.22596571854428027,0.005837465539684006,0.029546758462421163,1,0.10470483005028756
INTC,2016-08,2016-08-31,Information Technology,35.89,0.03848379629629628,0.1300377833753148,0.17364290385873127,0.29007907979870606,0.10470483005028756,0.1937121511160185,0.1083874105843432,0.0,-0.013354291340500894,13.42,-0.0022304832713754275,-0.07252322915409681,-0.08900732106573093,0.05182502089718577,1,0.22194840839975635
INTC,2016-09,2016-09-30,Information Technology,37.75,0.05182502089718577,0.15267175572519087,0.1796875,0.2583333333333333,0.22194840839975635,0.18049938120661824,0.15692056859198167,0.0,0.44435933678826345,13.29,0.08136696501220508,0.0060922855082912175,0.041449027193138116,-0.0762913907284769,0,0.23332676642874842
INTC,2016-10,2016-10-31,Information Technology,34.87,-0.0762913907284769,0.008969907407407218,0.14855072463768115,0.029828706438275177,0.23332676642874842,0.19733424262439375,0.05879387982522455,-0.08477690288713924,-0.0719301098510822,17.06,0.31029185867895537,0.2435553292914332,0.035992523804354665,-0.004875250932033115,0,0.17812969882355498
INTC,2016-11,2016-11-30,Information Technology,34.7,-0.004875250932033115,-0.03315686820841457,0.09256926952141065,-0.01111427757195782,0.17812969882355498,0.21288710794165355,0.03605980782135587,-0.08923884514435687,0.7707911163771656,13.33,0.07413376309427888,-0.09198148909024073,-0.034757409118098576,0.04524495677233431,1,0.19152562114221816
INTC,2016-12,2016-12-30,Information Technology,36.27,0.04524495677233431,-0.039205298013244905,0.10748091603053456,0.05283018867924527,0.19152562114221816,0.20274760264244782,0.06398738586777175,-0.04803149606299206,-0.1876321476873622,14.04,0.22834645669291342,-0.004109573617663287,-0.011221981500229655,0.015164047422111748,1,0.14954661158231128
INTC,2017-01,2017-01-31,Information Technology,36.82,0.004364429896345001,0.059873344847438004,0.05652797704447621,0.19467878001297856,0.14954661158231128,0.1704311682119028,0.06490974875418276,-0.03359580052493438,0.8922444839627125,11.99,0.08310749774164417,-0.09113113787585259,-0.020884556629591516,-0.016838674633351425,0,0.15070816062872458
INTC,2017-02,2017-02-28,Information Technology,36.2,-0.04686677198525524,0.021444695259593916,0.026659103800340533,0.22338627914836096,0.15070816062872458,0.1616891633129164,0.031628533933311775,-0.04986876640419946,0.4835005891887614,12.92,0.11668107173725151,0.08160255132549343,-0.010981002684191832,-0.0035911602209945936,0,0.11652415394544359
INTC,2017-03,2017-03-31,Information Technology,36.07,0.004455583402951824,-0.016093835242771304,-0.03349410503751338,0.11155624036979961,0.11652415394544359,0.13283595560518036,0.013598005963002313,-0.0532808398950132,-0.1789779993790826,12.37,-0.04552469135802484,0.054632311148401724,-0.016311801659736766,0.0022179096201828674,1,0.15903004684173042
INTC,2017-04,2017-04-28,Information Technology,36.15,0.01630587573798148,-0.048183254344391746,0.03522336769759438,0.16200578592092563,0.15903004684173042,0.1414606405562039,0.006570552868969681,-0.051181102362204745,2.9397539202277585,10.82,-0.2604237867395762,-0.11032511518030774,0.01756940628552653,-0.0011065006915629283,0,0.13156279548373534
INTC,2017-05,2017-05-31,Information Technology,36.11,-0.005508124483613375,0.00500974116337316,0.016896648831315142,0.14308325419436518,0.13156279548373534,0.13355166552125466,0.001628929906084986,-0.05223097112860897,-0.5500080945331979,10.41,-0.028917910447761264,-0.12517507703389497,-0.0019888700375193247,-0.06563278870119071,0,0.1539577521191853
INTC,2017-06,2017-06-30,Information Technology,33.74,-0.06589147286821695,-0.0645966176878292,-0.07965084560829228,0.02865853658536599,0.1539577521191853,0.14733205612227812,-0.06289556659892048,-0.11443569553805777,0.5291599130580806,11.18,0.11576846307385225,-0.021559747728725043,0.006625695996907183,0.05127445168938927,1,0.15037018986581224
INTC,2017-07,2017-07-31,Information Technology,35.47,0.05754323196183653,-0.023134122831176107,-0.05211117049706049,0.017498565691336676,0.15037018986581224,0.14783385203144608,-0.006557365570504792,-0.06902887139107616,0.9686135897710498,10.26,0.088016967126193,-0.028657299571718253,0.002536337834366159,-0.01127713560755561,0,0.1094023539482594
INTC,2017-08,2017-08-31,Information Technology,35.07,-0.04284934497816595,-0.03441629955947134,-0.023119777158774335,-0.022847589857899142,0.1094023539482594,0.15309714225415555,-0.018983247607425424,-0.0795275590551181,-0.9688237466703585,10.59,-0.13409648405560104,-0.03642455841361081,-0.043694788305896154,0.0858283433133733,1,0.11795400515392374
INTC,2017-09,2017-09-29,Information Technology,38.08,0.09143020922900535,0.12863070539419086,0.05572497920709729,0.020364415862808016,0.11795400515392374,0.14146835628486146,0.06092297233952615,-0.0005249343832022246,0.44160684652115373,9.51,-0.008342022940563076,-0.13105338728625504,-0.023514351130937722,0.19459033613445387,1,0.27184795013795865
INTC,2017-10,2017-10-31,Information Technology,45.49,0.16521516393442637,0.24153930131004375,0.23012439156300712,0.30455979351878426,0.27184795013795865,0.19519288080805236,0.2524374555613911,0.0,2.233302330421693,10.18,-0.08781362007168458,-0.06590541662418625,0.07665506932990629,-0.014288854693339181,0,0.19149751245595734
INTC,2017-11,2017-11-30,Information Technology,44.84,-0.014288854693339181,0.2785856857713147,0.23458149779735682,0.2922190201729107,0.19149751245595734,0.21169102279533478,0.20356048837607266,-0.04798301486199574,0.8693595041942931,11.28,0.1417004048582995,0.08848622237198822,-0.02019351033937744,0.02943800178412115,1,0.2335767074143394
INTC,2017-12,2017-12-29,Information Technology,46.16,0.05028441410693962,0.21218487394957974,0.36810906935388243,0.259138025095472,0.2335767074143394,0.23850190801531437,0.2095144451948594,-0.029436501261564496,-0.8342029700714307,11.04,0.14760914760914767,0.07101940252540806,-0.004925200600974983,0.042894280762565185,1,0.460506970235562
INTC,2018-01,2018-01-31,Information Technology,48.14,0.042894280762565185,0.08496732026143805,0.3214383749656877,0.30744160782183605,0.460506970235562,0.3149991115752096,0.22813876641446118,-0.03873801916932906,0.7023788392022795,13.54,0.18047079337401906,0.27481954179307455,0.14550785866035237,-0.061071873701703305,0,0.47136759036654957
JNJ,2014-02,2014-02-28,Health Care,92.12,0.03622047244094495,-0.030927835051546393,0.0646018721830579,0.21035343581658128,0.1573825639138868,0.1490035836109634,0.020487290435645678,-0.03670396319146707,0.6471891220335911,14.0,-0.0463215258855586,-0.03891207462052271,0.008378980302923389,0.06632653061224492,1,0.14143248643197115
JNJ,2014-03,2014-03-31,Health Care,98.23,0.06632653061224492,0.06367081754196002,0.13259541104577433,0.19895032344684482,0.14143248643197115,0.15157560057309383,0.07754294320713573,0.0,-0.2863863763380247,13.88,-0.08018555334658706,-0.06159855769230771,-0.010143114141122678,0.031151379415657043,1,0.14000278362286214
JNJ,2014-04,2014-04-30,Health Care,101.29,0.031151379415657043,0.1393700787401575,0.09633077172854221,0.1884313035316203,0.14000278362286214,0.14454288783471061,0.09564769664112416,-0.000493388592855748,0.11842963353309267,13.41,0.010550113036925435,-0.10063234542667343,-0.0045401042118484725,0.0016783492941059297,1,0.09708949488293578
JNJ,2014-05,2014-05-30,Health Care,101.46,0.0016783492941059297,0.10138949196699953,0.06732589943193767,0.1799046400744273,0.09708949488293578,0.12728534353335577,0.08764865925273169,0.0,-0.6041161228341392,11.4,-0.052369077306733125,-0.1761021440616719,-0.030195848650419993,0.031145278927656284,1,0.10217338792241139
JNJ,2014-06,2014-06-30,Health Care,104.62,0.031145278927656284,0.06505140995622516,0.13286410395235526,0.2184952247845331,0.10217338792241139,0.113320279526021,0.10228015637585619,-0.010779122541603625,0.21613386423297049,11.57,0.05373406193078312,-0.0917122528068186,-0.011146891603609613,-0.04329956031351556,0,0.14955056015329357
JNJ,2014-07,2014-07-31,Health Care,100.09,-0.054595258335694674,-0.0043768029443946865,0.11832402234636885,0.07048128342245996,0.14955056015329357,0.12145464900415108,0.035942838394366294,-0.05992298299990606,1.5324572971734984,16.95,0.4315878378378377,0.4020771513353114,0.02809591114914249,0.03636726945748836,1,0.1107318990933491
JNJ,2014-08,2014-08-29,Health Care,103.73,0.03636726945748836,0.015268669863952367,0.13291830493665358,0.19822109275730626,0.1107318990933491,0.1262159232322459,0.06269849400676164,-0.025734948811871883,-0.35662452674296335,11.98,0.04446381865736693,-0.038106647634584045,-0.015484024138896796,0.0275715800636267,1,0.10310716577943513
JNJ,2014-09,2014-09-30,Health Care,106.59,0.0275715800636267,0.006800793425899787,0.08831937921176247,0.22955358172799634,0.10310716577943513,0.12484267464502967,0.07863271994256205,-0.018869661266568416,0.447803583680223,16.31,0.09243134628265226,0.24473652331920048,-0.02173550886559454,0.011164274322168932,1,0.23998986495124008
JNJ,2014-10,2014-10-31,Health Care,107.78,0.03784304285026496,0.07607827476038342,0.07780000000000009,0.16380520462153125,0.23998986495124008,0.16791646016464193,0.07868937939330989,-0.007916053019145775,1.196005381365982,14.03,-0.1291123525760397,-0.06893282630908115,0.07207340478659816,0.0043607348302097115,1,0.09911968044028624
JNJ,2014-11,2014-11-28,Health Care,108.25,0.025483137552102963,0.04357466499566187,0.05950866203386518,0.13971362392082542,0.09911968044028624,0.1630213376810227,0.06555029151290426,-0.0075181076372971,-0.6171867823028745,13.33,-0.018409425625920517,-0.11879328436516257,-0.06390165724073646,-0.03399538106235567,0,0.18734600102653548
JNJ,2014-12,2014-12-31,Health Care,104.57,-0.032028140331389454,0.002588686481303837,-0.012185905913470685,0.1417185282236051,0.18734600102653548,0.1810594890262801,0.014439538404302121,-0.04125790776565508,-0.5650908963518806,19.2,0.29729729729729715,0.19535141117874932,0.006286512000255373,-0.04236396672085674,0,0.19910772707312624
JNJ,2015-01,2015-01-30,Health Care,100.14,-0.049544419134396334,-0.05134520651762031,0.0004995504046358956,0.11888268156424586,0.19910772707312624,0.16641375394556013,-0.03425715724037115,-0.08187402585495551,0.9254811763457613,20.97,0.25870348139255683,0.28986936400382723,0.03269397312756611,0.02366686638705806,1,0.17613338217565944
JNJ,2015-02,2015-02-27,Health Care,102.51,0.010149783208514007,-0.03926897844423616,-0.0068785119162951824,0.12204465849387036,0.17613338217565944,0.18086719091855188,-0.011916093352771773,-0.060144861098377134,-0.0033388943628746,13.34,-0.06713286713286715,-0.2133845001871958,-0.004733808742892448,-0.018632328553311983,0,0.1844598354593536
JNJ,2015-03,2015-03-31,Health Care,100.6,-0.025382677775624973,-0.04490648438241718,-0.05575370752768927,0.024127048763106895,0.1844598354593536,0.17943150836321806,-0.029528945312123245,-0.07765655083891077,-0.30529692001866016,15.29,0.12261380323054327,-0.07871304647225941,0.005028327096135543,-0.013916500994035741,0,0.11635404856068927
JNJ,2015-04,2015-04-30,Health Care,99.2,-0.013916500994035741,-0.03106075405352604,-0.053344784807710655,-0.020633823674597762,0.11635404856068927,0.15921182617684132,-0.03860411520081253,-0.0904923443660034,0.7491828682379984,14.55,0.16586538461538458,-0.01691297912957679,-0.042857777616152046,0.009475806451612945,1,0.13461273661997156
JNJ,2015-05,2015-05-29,Health Care,100.14,-0.002490287877278563,-0.023119695639449822,-0.061480787253983205,-0.006153235410877422,0.13461273661997156,0.1446887601361233,-0.029492703023701217,-0.08187402585495551,1.271720263764396,13.84,0.1428571428571428,-0.0047029815990137225,-0.01007602351615175,-0.026762532454563726,0,0.12298692344941432
JNJ,2015-06,2015-06-30,Health Care,97.46,-0.025789684126349632,-0.031212723658051722,-0.07471755435298588,-0.06843815714012624,0.12298692344941432,0.12094943575743008,-0.05102655343769191,-0.1064454020353901,0.8059917985703549,18.23,0.5053674649050373,0.3267677876228874,0.0020374876919842383,0.028216704288938965,1,0.10912716751531394
JNJ,2015-07,2015-07-31,Health Care,100.21,0.017670356453742153,0.000798961350244598,0.0006990213700817094,0.0011989209711258386,0.10912716751531394,0.119445480579447,-0.01853433415864869,-0.08123223617860087,-0.6924557886723512,12.12,-0.11790393013100442,-0.13751270755676048,-0.010318313064133056,-0.06216944416724868,0,0.2651569401517516
JNJ,2015-08,2015-08-31,Health Care,93.98,-0.06216944416724868,-0.0600120024004801,-0.08168848934922801,-0.09399402294418202,0.2651569401517516,0.18037805262687553,-0.07282853888610175,-0.1383515173741633,0.6063162436870644,28.43,-0.30216003927344137,0.7715848507927716,0.08477888752487608,-0.006703553947648544,0,0.19808453045317784
JNJ,2015-09,2015-09-30,Health Care,93.35,-0.006703553947648544,-0.05199553163400028,-0.058497226424609305,-0.12421427901304072,0.19808453045317784,0.1995562924188551,-0.0647360922700212,-0.14412762446135507,0.8982605521152303,24.5,0.10709444193402629,0.2655996326604242,-0.0014717619656772762,0.0822710230316015,1,0.15690784069854738
JNJ,2015-10,2015-10-30,Health Care,101.03,0.08436191907266277,0.010097980403919182,0.006776283009466866,-0.05614723467862481,0.15690784069854738,0.21284302268735714,0.02066124260429736,-0.07371412854130366,0.5747199499237362,15.07,0.04218533886583664,-0.2563678801929946,-0.05593518198880976,0.0020785905176679,1,0.11869837935243079
JNJ,2015-11,2015-11-30,Health Care,101.24,-0.0012824306994180246,0.07725047882528191,0.012602520504100712,-0.06475750577367212,0.11869837935243079,0.16135363688775695,0.02241919692021943,-0.06708440840398089,0.42012695099260083,16.13,0.04266321913380722,-0.15703158051912514,-0.04265525753532616,0.014618727775582707,1,0.1677454417014253
JNJ,2015-12,2015-12-31,Health Care,102.72,0.003516998827667095,0.10250080498014369,0.04347826086956519,-0.017691498517739213,0.1677454417014253,0.15057944285926128,0.03505711858719551,-0.03449572328226336,-1.3244285580634971,18.21,0.16955684007707128,0.07460799190692957,0.01716599884216402,0.016744548286604433,1,0.25821726109805554
JNJ,2016-01,2016-01-29,Health Care,104.44,0.003941170816110784,0.039410828025477684,0.04607371794871784,0.020121117405743405,0.25821726109805554,0.18812887655549898,0.05424826012192896,-0.007695961995249467,1.7904151892766431,20.2,-0.09579230080572965,0.0595464082325905,0.07008838454255656,0.007372654155495928,1,0.17807534639433625
JNJ,2016-02,2016-02-29,Health Care,105.21,0.028747433264886935,0.03187524519419371,0.09343171897734348,0.026338893766461702,0.17807534639433625,0.1992316462020246,0.05855506880960104,-0.010998307952622688,0.3826702503820767,20.55,0.06037151702786381,-0.025692547355112505,-0.02115629980768835,0.028419351772645207,1,0.07577986622399992
JNJ,2016-03,2016-03-31,Health Care,108.2,0.009140085804887121,0.04008459098337025,0.16294067067927775,0.07554671968190863,0.07577986622399992,0.18253037284325477,0.08021710167368767,-0.00861279091075684,-0.3091999993916056,13.95,-0.0662650602409639,-0.316155186902798,-0.10675050661925485,0.03585951940850274,1,0.08352264170526022
JNJ,2016-04,2016-04-29,Health Care,112.08,0.03585951940850274,0.07315204902336281,0.11544585987261136,0.1298387096774194,0.08352264170526022,0.11865428248410846,0.10515051611653159,-0.013206550449022747,-0.21078557330845402,15.7,0.18759455370650513,-0.10027016455477444,-0.03513164077884824,0.005442541042112836,1,0.08073968748306502
JNJ,2016-05,2016-05-31,Health Care,112.69,0.005442541042112836,0.05101660138033948,0.10081078440949498,0.12644942023190708,0.08073968748306502,0.07942484863660042,0.09575374760130684,-0.017266939914537427,1.4671416388171667,14.19,-0.10303413400758543,-0.05219465648854971,0.0013148388464646055,0.07640429496849754,1,0.12936826722460282
JNJ,2016-06,2016-06-30,Health Care,121.3,0.07554530945203042,0.1109075922703544,0.16881865484679115,0.23184726312582504,0.12936826722460282,0.09991139936909013,0.15264683537628043,0.0,2.0042399463888567,15.63,-0.0939130434782608,-0.005524359699442427,0.029456867855512686,0.03239901071723006,1,0.08725648501779151
JNJ,2016-07,2016-07-29,Health Care,125.23,0.049442721863739214,0.11732690935046408,0.1990616621983914,0.25430689102564097,0.08725648501779151,0.09773852294942215,0.1570504499127341,-0.0001596806387225147,0.14533177828696756,11.87,-0.012479201331114798,-0.22596571854428027,-0.010482037931630633,-0.04703345843647688,0,0.09079002432022204
JNJ,2016-08,2016-08-31,Health Care,119.34,-0.04413295955146168,0.042361778321250876,0.11898734177215187,0.2959061787381909,0.09079002432022204,0.10165323657237986,0.07786524155552565,-0.04832535885167466,-0.44721506304807884,13.42,-0.0022304832713754275,-0.07252322915409681,-0.01086321225215782,-0.01013909837439253,0,0.12091612979698145
JNJ,2016-09,2016-09-30,Health Care,118.13,-0.01013909837439253,-0.02605326077994896,0.08785339349848043,0.2678973918643339,0.12091612979698145,0.09813929120582823,0.05060757010201922,-0.057974481658692234,1.0499185812978205,13.29,0.08136696501220508,0.0060922855082912175,0.022776838591153217,-0.01811563531702365,0,0.1413212826480173
JNJ,2016-10,2016-10-31,Health Care,115.99,-0.01811563531702365,-0.07096515818982774,0.02928387612033001,0.14807482925863602,0.1413212826480173,0.11810832022114373,0.016744419257397114,-0.07503987240829357,1.2639196180637973,17.06,0.31029185867895537,0.2435553292914332,0.023212962426873568,-0.04043452021726013,0,0.16428836165037142
JNJ,2016-11,2016-11-30,Health Care,111.3,-0.04043452021726013,-0.06737053795877335,-0.02786269543191544,0.08733880422039864,0.16428836165037142,0.14129044539217858,-0.037138927097661534,-0.1124401913875599,1.716218339082851,13.33,0.07413376309427888,-0.09198148909024073,0.022997916258192835,0.035130278526504854,1,0.12238467119477622
JNJ,2016-12,2016-12-30,Health Care,115.21,0.035130278526504854,-0.024718530432574326,-0.05012779289306635,0.12159267912772576,0.12238467119477622,0.1433825108149365,-0.010529814434618867,-0.08125996810207348,-0.572049940620613,14.04,0.22834645669291342,-0.004109573617663287,-0.020997839620160275,-0.01701241211700366,0,0.1149907156618572
JNJ,2017-01,2017-01-31,Health Care,113.25,-0.019395618668282877,-0.018035203329575977,-0.09688995215311014,0.08508192009198035,0.1149907156618572,0.13608143345826992,-0.03204052694602599,-0.09688995215311014,0.6629273817719676,11.99,0.08310749774164417,-0.09113113787585259,-0.021090717796412722,0.07911699779249437,1,0.0832638149023018
JNJ,2017-02,2017-02-28,Health Care,122.21,0.07787969659551952,0.07079646017699104,0.026629704301075252,0.16158159870734723,0.0832638149023018,0.11520327958107451,0.04113598917716077,-0.02543859649122815,0.8883127375176567,12.92,0.11668107173725151,0.08160255132549343,-0.03193946467877272,0.01914736928238292,1,0.09207682392129961
JNJ,2017-03,2017-03-31,Health Care,124.55,0.007441559492032734,0.07844835050653742,0.06207896307666072,0.14067222273101931,0.09207682392129961,0.10376997910857962,0.04938601860585412,-0.03419665012406958,-0.7936120440845532,12.37,-0.04552469135802484,0.054632311148401724,-0.011693155187280008,-0.008671216378964286,0,0.12659738871024917
JNJ,2017-04,2017-04-28,Health Care,123.47,-0.011607428754402793,0.08899276768389486,0.0777758379888267,0.09770625889046936,0.12659738871024917,0.10735766340022079,0.03668184564128896,-0.04257133995037232,-1.373458974934137,10.82,-0.2604237867395762,-0.11032511518030774,0.019239725310028377,0.038713857617235004,1,0.11136643606309843
JNJ,2017-05,2017-05-31,Health Care,128.25,0.03980865899140573,0.03544324237041829,0.13365155131264927,0.13807791285828386,0.11136643606309843,0.11025548366142336,0.07557993257183093,-0.005505583126550917,1.3987728350530886,10.41,-0.028917910447761264,-0.12517507703389497,0.0011109524016750666,0.03150097465886925,1,0.09070989781479567
JNJ,2017-06,2017-06-30,Health Care,132.29,0.02725578505979187,0.06214371738257718,0.14546714001212235,0.09060181368507836,0.09070989781479567,0.11000773759725677,0.09593466973463194,-0.030345231987099708,-0.16822892102278994,11.18,0.11576846307385225,-0.021559747728725043,-0.019297839782461093,0.003250434651145273,1,0.12988934711479913
JNJ,2017-07,2017-07-31,Health Care,132.72,0.0006031363088059294,0.07604994324631087,0.17316361707769823,0.0598099496925657,0.12988934711479913,0.11056205715294813,0.08669797992245232,-0.028190671450538107,-0.02964689448773071,10.26,0.088016967126193,-0.028657299571718253,0.019327289961851,-0.0026371308016877038,0,0.09388329788258347
JNJ,2017-08,2017-08-31,Health Care,132.37,0.0015889830508475367,0.017604551045510286,0.0693109298004686,0.10918384447796203,0.09388329788258347,0.10323660625088364,0.06713768954250221,-0.03075345976422339,1.1584413664289663,10.59,-0.13409648405560104,-0.03642455841361081,-0.009353308368300173,-0.017828813175190805,0,0.13838880741193
JNJ,2017-09,2017-09-29,Health Care,130.01,-0.008087281605249075,-0.01723486280142117,0.04383781613809701,0.10863818538415626,0.13838880741193,0.11861526952463804,0.0326855583281469,-0.04803397525078712,0.4711239971420852,9.51,-0.008342022940563076,-0.13105338728625504,0.019773537887291956,0.07230213060533819,1,0.16349215575196321
JNJ,2017-10,2017-10-31,Health Care,139.41,0.06241426611796985,0.05485774818401934,0.13038190221357326,0.20191395809983614,0.16349215575196321,0.13469825142258748,0.08622013547169849,-0.02931346609107377,-0.15066763769541267,10.18,-0.08781362007168458,-0.06590541662418625,0.02879390432937573,-0.0005738469263323331,0,0.08567337347112425
JNJ,2017-11,2017-11-30,Health Care,139.33,-0.0005738469263323331,0.0525798897031049,0.07111008610086089,0.2518418688230011,0.08567337347112425,0.13297747342275096,0.06354597510097904,-0.029870491574989444,1.819120838974287,11.28,0.1417004048582995,0.08848622237198822,-0.04730409995162671,0.00279911002655564,1,0.09002333124223529
JNJ,2017-12,2017-12-29,Health Care,139.72,-0.0006437307774836976,0.07468656257210982,0.056164487111648675,0.2098017144341502,0.09002333124223529,0.11955532234356053,0.052601444351194626,-0.027154992340899686,-0.32608162348040304,11.04,0.14760914760914767,0.07101940252540806,-0.029531991101325247,-0.010950472373318032,0,0.21918113788479646
JNJ,2018-01,2018-01-31,Health Care,138.19,-0.010950472373318032,-0.0129285714285714,0.04286468945739941,0.2202207505518763,0.21918113788479646,0.1432202879618325,0.026331161319814722,-0.0671661941406777,2.177995240880484,13.54,0.18047079337401906,0.27481954179307455,0.07596084992296395,-0.04899052029814033,0,0.29226150857449673
JPM,2014-02,2014-02-28,Financials,56.82,0.023230686115613075,-0.006122092006296986,0.12336892052194548,0.16148814390842192,0.1723303879611777,0.17413522733549888,0.039415278599697956,-0.04488149268784669,0.281316624458496,14.0,-0.0463215258855586,-0.03891207462052271,-0.0018048393743211877,0.06846180922210499,1,0.19840791183447912
JPM,2014-03,2014-03-31,Financials,60.71,0.06846180922210499,0.044203646370829075,0.16213629402756502,0.26928705833159117,0.19840791183447912,0.18881997520046725,0.09932095971027621,-0.005894874733911926,-0.7277833074996125,13.88,-0.08018555334658706,-0.06159855769230771,0.009587936634011862,-0.07791138197990455,0,0.19636804382607656
JPM,2014-04,2014-04-30,Financials,55.98,-0.07791138197990455,0.008103727714748654,0.06264236902050113,0.14221587431136506,0.19636804382607656,0.1921775902925668,0.00674037679929218,-0.08334697887669895,-0.8797874519935687,13.41,0.010550113036925435,-0.10063234542667343,0.004190453533509747,-0.0073240443015362144,0,0.15743886000535182
JPM,2014-05,2014-05-30,Financials,55.57,-0.0073240443015362144,-0.02199929602252726,-0.02798670631450062,-0.0008989572096367304,0.15743886000535182,0.18770355770685468,0.0016420657222835366,-0.09006058621254298,-1.1211419113301826,11.4,-0.052369077306733125,-0.1761021440616719,-0.030264697701502863,0.03689040849379155,1,0.11847978994802072
JPM,2014-06,2014-06-30,Financials,57.62,0.03689040849379155,-0.05089771042661839,-0.008943928448572502,0.09149460125023667,0.11847978994802072,0.16216896323824725,0.02887988336266223,-0.0564925495333225,-0.7751313624934617,11.57,0.05373406193078312,-0.0917122528068186,-0.043689173290226535,0.0008677542519959225,1,0.1879569025300715
JPM,2014-07,2014-07-31,Financials,57.67,0.0017370158068439334,0.03499641062455128,0.029821428571428665,0.03481069441952278,0.1879569025300715,0.15497566723264672,0.01864723223637843,-0.055673816931390174,0.6323358774942424,16.95,0.4315878378378377,0.4020771513353114,0.03298123529742478,0.030865267903589455,1,0.13028847221169684
JPM,2014-08,2014-08-29,Financials,59.45,0.030865267903589455,0.07407407407407418,0.05764098914783844,0.17258382642998016,0.13028847221169684,0.14641136806273272,0.04135556643524474,-0.0265269363026035,-1.202301024656935,11.98,0.04446381865736693,-0.038106647634584045,-0.01612289585103588,0.013288477712363411,1,0.13383527452245872
JPM,2014-09,2014-09-30,Financials,60.24,0.013288477712363411,0.04637832204273051,-0.007087522663589918,0.16540917005223466,0.13383527452245872,0.15075453478279033,0.047826204178259335,-0.022553950997890593,0.5495887236002874,16.31,0.09243134628265226,0.24473652331920048,-0.01691926026033161,0.003984063745019917,1,0.2662166166318313
JPM,2014-10,2014-10-31,Financials,60.48,0.027872195785179965,0.06760812003530448,0.1154555514570268,0.17345750873108257,0.2662166166318313,0.18349302168714055,0.05094146839877389,-0.01865974363134848,0.9803487889403414,14.03,-0.1291123525760397,-0.06893282630908115,0.08272359494469078,-0.007936507936507908,0,0.13230403300523547
JPM,2014-11,2014-11-28,Financials,60.0,0.01197503794906396,0.00925147182506314,0.08401084010840099,0.04384133611691032,0.13230403300523547,0.18539627227145256,0.035172576208111206,-0.031164217665105798,-0.16006990458483486,13.33,-0.018409425625920517,-0.11879328436516257,-0.05309223926621709,0.04299999999999993,1,0.2225345002236133
JPM,2014-12,2014-12-31,Financials,62.58,0.04299999999999993,0.047013551949138366,0.09847288046340186,0.07010943912448697,0.2225345002236133,0.2109526022554694,0.07200212413332374,-0.009026128266033218,0.707941259370257,19.2,0.29729729729729715,0.19535141117874932,0.011581897968143878,-0.13103227868328537,0,0.2945769519684152
JPM,2015-01,2015-01-30,Financials,54.38,-0.13887569279493261,-0.08281329060549836,-0.057048725507196085,-0.028928571428571415,0.2945769519684152,0.23103645987105975,-0.06586525991036563,-0.13887569279493261,1.2984620077468665,20.97,0.25870348139255683,0.28986936400382723,0.06354049209735546,0.1268848841485839,1,0.2007845915763112
JPM,2015-02,2015-02-27,Financials,61.28,0.11926940639269401,0.01625207296849096,0.028360463164960548,0.08096666078673498,0.2007845915763112,0.24580808644084934,0.046155999819039506,-0.02961203483768804,-0.292480600802029,13.34,-0.06713286713286715,-0.2133845001871958,-0.04502349486453813,-0.011422976501305526,0,0.18977643708584505
JPM,2015-03,2015-03-31,Financials,60.58,-0.01926501537963421,-0.03780177890724279,0.004143875352229376,-0.0021413276231263545,0.18977643708584505,0.23710680231586004,0.023536438353386924,-0.04069675376088677,0.03294192591126361,15.29,0.12261380323054327,-0.07871304647225941,-0.04733036523001499,0.0442390227797953,1,0.14877918965358572
JPM,2015-04,2015-04-30,Financials,63.26,0.0442390227797953,0.13633914136878023,0.06087539828945143,0.13004644515898534,0.14877918965358572,0.18092381356946735,0.05904076955400073,-0.01479520323937078,0.34976896977624433,14.55,0.16586538461538458,-0.01691297912957679,-0.03214462391588163,0.03983559911476453,1,0.12874752610634704
JPM,2015-05,2015-05-29,Financials,65.78,0.034276729559748365,0.07343342036553535,0.09087893864013274,0.1805455850681983,0.12874752610634704,0.15673661576667997,0.08681195493150429,-0.018355469332935415,0.023251065038853484,13.84,0.1428571428571428,-0.0047029815990137225,-0.027989089660332922,0.030100334448160515,1,0.16505975021949887
JPM,2015-06,2015-06-30,Financials,67.76,0.025423728813559476,0.11852096401452639,0.07623888182973326,0.17598056230475545,0.16505975021949887,0.14538102934924535,0.10140088895535149,-0.02853046594982067,1.522324752599602,18.23,0.5053674649050373,0.3267677876228874,0.01967872087025352,0.011363636363636243,1,0.16312565387125616
JPM,2015-07,2015-07-31,Financials,68.53,0.006757749375642774,0.07734632919352302,0.2602059580728209,0.18831281428819135,0.16312565387125616,0.15045358243827084,0.09759076185099325,-0.0221175799086758,-0.9510691497153979,12.12,-0.11790393013100442,-0.13751270755676048,0.012672071432985321,-0.06464322194659278,0,0.32355910308502145
JPM,2015-08,2015-08-31,Financials,64.1,-0.06464322194659278,-0.02908209633444414,0.034371470066161036,0.07821698906644214,0.32355910308502145,0.22823886098345061,0.014523031730355074,-0.08533105022831056,-0.2439613586701932,28.43,-0.30216003927344137,0.7715848507927716,0.09532024210157083,-0.048829953198127884,0,0.2897377271417575
JPM,2015-09,2015-09-30,Financials,60.97,-0.048829953198127884,-0.10430439253709411,0.01701417848206832,0.012118193891102136,0.2897377271417575,0.2645028773250621,-0.03654553298136787,-0.12999429223744297,0.5739663513413497,24.5,0.10709444193402629,0.2655996326604242,0.02523484981669538,0.05379694931933732,1,0.218406142136081
JPM,2015-10,2015-10-30,Financials,64.25,0.046076196678606296,-0.06245439953305121,-0.007262051915945644,0.0818319582421283,0.218406142136081,0.2790548161709423,0.011510756255820098,-0.0831906392694064,-0.004610772095013156,15.07,0.04218533886583664,-0.2563678801929946,-0.060648674034861294,0.03782101167315188,1,0.19993178889079788
JPM,2015-11,2015-11-30,Financials,66.68,0.022542554822880145,0.04024960998439964,0.009996970614965406,0.1113333333333335,0.19993178889079788,0.2356327583751984,0.033574908992551444,-0.0485159817351597,0.2135736666680131,16.13,0.04266321913380722,-0.15703158051912514,-0.03570096948440052,-0.009748050389922103,0,0.2663995853694539
JPM,2015-12,2015-12-31,Financials,66.03,-0.02336932406448744,0.0750569846955389,-0.02206753554502361,0.05512943432406514,0.2663995853694539,0.2265097587012083,0.014492976291623272,-0.05779109589041087,0.29238855927366336,18.21,0.16955684007707128,0.07460799190692957,0.039889826668245615,-0.09889444192033925,0,0.3349298909578292
JPM,2016-01,2016-01-29,Financials,59.5,-0.1128671537199939,-0.09160305343511455,-0.13818076477404406,0.06879827555236218,0.3349298909578292,0.2731571594719654,-0.08237213742518246,-0.1509703196347032,1.2577876534221177,20.2,-0.09579230080572965,0.0595464082325905,0.06177273148586382,-0.05378151260504205,0,0.4462241081303262
JPM,2016-02,2016-02-29,Financials,56.3,-0.017108938547486074,-0.1579419682919534,-0.12686104218362293,-0.08126631853785904,0.4462241081303262,0.34477462620975813,-0.12274209318722762,-0.1966324200913242,0.10344748809603618,20.55,0.06037151702786381,-0.025692547355112505,0.10144948192056807,0.051865008880994656,1,0.15853959754962466
JPM,2016-03,2016-03-31,Financials,59.22,0.00033783783783780663,-0.11704189652601749,-0.010360962566845044,-0.022449653350940846,0.15853959754962466,0.33910807316781677,-0.06559014404301888,-0.15496575342465757,-0.8034810783110804,13.95,-0.0662650602409639,-0.316155186902798,-0.18056847561819211,0.06720702465383321,1,0.233736370460423
JPM,2016-04,2016-04-29,Financials,63.2,0.06720702465383321,0.06218487394957983,-0.03511450381679382,-0.000948466645589563,0.233736370460423,0.30854843433977913,0.00813768098025447,-0.09817351598173507,-0.22813501821404472,15.7,0.18759455370650513,-0.10027016455477444,-0.07481206387935613,0.03275316455696187,1,0.20436673544187717
JPM,2016-05,2016-05-31,Financials,65.27,0.03275316455696187,0.10253378378378364,-0.0282864373976478,-0.01225786924939476,0.20436673544187717,0.19906143508880464,0.051215130282549204,-0.06863584474885853,0.11796772081738431,14.19,-0.10303413400758543,-0.05219465648854971,0.0053053003530725285,-0.04780144017159482,0,0.3489665899693629
JPM,2016-06,2016-06-30,Financials,62.15,-0.05388948089511336,0.037909151636606575,-0.06667667817990697,-0.08696929631261929,0.3489665899693629,0.2673877323592127,0.0023789363332122893,-0.11315639269406397,1.039949122605684,15.63,-0.0939130434782608,-0.005524359699442427,0.08157885761015021,0.029283990345937205,1,0.17119011457334493
JPM,2016-07,2016-07-29,Financials,63.97,0.04526143790849657,0.012183544303797422,0.07512605042016807,-0.07343568945538825,0.17119011457334493,0.2499741404820099,0.029139099483178166,-0.0714182029322108,-0.209244060146306,11.87,-0.012479201331114798,-0.22596571854428027,-0.07878402590866496,0.05518211661716421,1,0.12193092398023911
JPM,2016-08,2016-08-31,Financials,67.5,0.06048703849175174,0.025679987843792773,0.12575050033355573,0.09845402766476807,0.12193092398023911,0.23259143890591247,0.08373498424971837,-0.014022787028921901,0.2776308475943759,13.42,-0.0022304832713754275,-0.07252322915409681,-0.11066051492567336,-0.013481481481481428,0,0.14152598989631074
JPM,2016-09,2016-09-30,Financials,66.59,-0.013481481481481428,0.08700620306888673,0.1248310810810811,0.08417453598176494,0.14152598989631074,0.1399556362872801,0.068714541354711,-0.027315220566754173,1.7191320123170903,13.29,0.08136696501220508,0.0060922855082912175,0.001570353609030628,0.040096110527106266,1,0.08758276945187245
JPM,2016-10,2016-10-31,Financials,69.26,0.040096110527106266,0.08813825608798131,0.10709718670076729,0.07797665369649809,0.08758276945187245,0.11945658160599262,0.10245896420430656,0.0,0.3225664299544446,17.06,0.31029185867895537,0.2435553292914332,-0.031873812154120176,0.15752237943979197,1,0.2924419945842377
JPM,2016-11,2016-11-30,Financials,80.17,0.15752237943979197,0.1877037037037037,0.21820392037684244,0.18577133560124248,0.2924419945842377,0.1979900907056681,0.2379612629459369,0.0,1.2399515205220635,13.33,0.07413376309427888,-0.09198148909024073,0.09445190387856961,0.07633778221279797,1,0.14098572089346978
JPM,2016-12,2016-12-30,Financials,86.29,0.07633778221279797,0.29584021624868595,0.4085863532484493,0.3068302286839317,0.14098572089346978,0.19418813597269652,0.2771858987072733,-0.009640766670492296,-0.41338026499294767,14.04,0.22834645669291342,-0.004109573617663287,-0.05320241507922674,-0.019237455093290223,0,0.18334458972207288
JPM,2017-01,2017-01-31,Financials,84.63,-0.014669926650366816,0.22456952684126752,0.32648902821316605,0.4378185524974516,0.18334458972207288,0.217796197184372,0.206261785746356,-0.02980625931445613,-0.19470153277033864,11.99,0.08310749774164417,-0.09113113787585259,-0.03445160746229911,0.07077868368190954,1,0.17023137989953446
JPM,2017-02,2017-02-28,Financials,90.62,0.0424479466237202,0.14956234935938095,0.36846874056176393,0.6095914742451156,0.17023137989953446,0.1630281831840028,0.2480065223558705,-0.005596400746186614,-0.06822982819706863,12.92,0.11668107173725151,0.08160255132549343,0.007203196715531657,-0.030677554623703363,0,0.14398079734168176
JPM,2017-03,2017-03-31,Financials,87.84,-0.04666811373996094,0.02270345791128192,0.33800456968773784,0.46693386773547085,0.14398079734168176,0.177541235055895,0.16163816901808903,-0.06153846153846143,0.3980619021051978,12.37,-0.04552469135802484,0.054632311148401724,-0.03356043771421324,-0.009562841530054711,0,0.18850553833128422
JPM,2017-04,2017-04-28,Financials,87.0,-0.014387674181488563,0.0008052455999079111,0.2584984811225228,0.3679245283018868,0.18850553833128422,0.1807376233467429,0.11579874838161097,-0.07051282051282048,-1.3806387960451298,10.82,-0.2604237867395762,-0.11032511518030774,0.007767914984541324,-0.05574712643678159,0,0.17814675694144602
JPM,2017-05,2017-05-31,Financials,82.15,-0.05639788651504707,-0.12232905982905973,0.04890194075587351,0.25861804810785993,0.17814675694144602,0.16850496539664622,0.022660360987281303,-0.12232905982905973,2.1138737323924266,10.41,-0.028917910447761264,-0.12517507703389497,0.0096417915447998,0.11259890444309195,1,0.14995960182394363
JPM,2017-06,2017-06-30,Financials,91.4,0.10040934264387191,0.040528233151184034,0.06415182209803239,0.4706355591311344,0.14995960182394363,0.17542408707979198,0.10737744790691739,-0.02350427350427342,0.557346435046284,11.18,0.11576846307385225,-0.021559747728725043,-0.02546448525584835,0.004376367614879584,1,0.11847002846450076
JPM,2017-07,2017-07-31,Financials,91.8,0.007131102578167736,0.05444521019986204,0.06706962687434603,0.43504767859934335,0.11847002846450076,0.1572602342592508,0.07924706645834156,-0.0218433670751198,-0.49104803863536917,10.26,0.088016967126193,-0.028657299571718253,-0.038790205794750024,-0.009912854030501017,0,0.1182357898108399
JPM,2017-08,2017-08-31,Financials,90.89,-0.023842766620126743,0.09983059051306875,-0.020581896551724155,0.34651851851851845,0.1182357898108399,0.13493877510580898,0.03753102091043381,-0.03329078919378847,0.15683656258508769,10.59,-0.13409648405560104,-0.03642455841361081,-0.01670298529496908,0.050830674441632695,1,0.16286139867872707
JPM,2017-09,2017-09-29,Financials,95.51,0.0459971525572227,0.044967177242888345,0.08731785063752273,0.4548362528560548,0.16286139867872707,0.13638439785648365,0.07618962842105148,0.0,-0.24052504735535044,9.51,-0.008342022940563076,-0.13105338728625504,0.026477000822243413,0.05339754999476498,1,0.12907137467003038
JPM,2017-10,2017-10-31,Financials,100.61,0.03893019413465515,0.08054988723015777,0.15643678160919539,0.45264221773029156,0.12907137467003038,0.13978810986432608,0.1167925708485058,-0.011398250958042588,-1.3270617824691047,10.18,-0.08781362007168458,-0.06590541662418625,-0.010716735194295696,0.03886293608985181,1,0.1830156351047179
JPM,2017-11,2017-11-30,Financials,104.52,0.03886293608985181,0.14996149191330166,0.2647628267182962,0.3037295746538604,0.1830156351047179,0.15850420021780348,0.1424268044020376,0.0,2.368152011517476,11.28,0.1417004048582995,0.08848622237198822,0.02451143488691443,0.023153463451971,1,0.15176046338423374
JPM,2017-12,2017-12-29,Financials,106.94,0.030945724477007497,0.11967333263532609,0.17002188183807432,0.24508091745255567,0.15176046338423374,0.15516600945139986,0.15014228897029258,-0.008253732727441343,-0.8335462197608628,11.04,0.14760914760914767,0.07101940252540806,-0.0034055460671661153,0.08163456143631942,1,0.10488338922179735
JPM,2018-01,2018-01-31,Financials,115.67,0.08163456143631942,0.14061729612464258,0.24336235622917335,0.36677301193430245,0.10488338922179735,0.14945271902354704,0.2097373028307039,-0.005588033012379534,0.07421814168172974,13.54,0.18047079337401906,0.27481954179307455,-0.044569329801749685,-0.024206795193222108,0,0.24440456516992878
KO,2014-02,2014-02-28,Consumer Staples,38.2,0.007915567282322122,-0.05093167701863344,-0.003911342894393655,-0.01342975206611563,0.183088872739939,0.16761158076407587,-0.03497703017970388,-0.11348340682292879,0.17216812565257825,14.0,-0.0463215258855586,-0.03891207462052271,0.015477291975863144,0.012041884816753834,1,0.08612187453698175
KO,2014-03,2014-03-31,Consumer Staples,38.66,0.012041884816753834,-0.04918839153959664,0.0067708333333333925,-0.044252163164400615,0.08612187453698175,0.15045913849874004,-0.015263918694320422,-0.10280807611974951,1.4988678902526427,13.88,-0.08018555334658706,-0.06159855769230771,-0.06433726396175829,0.055095706156233826,1,0.15564267773153856
KO,2014-04,2014-04-30,Consumer Staples,40.79,0.055095706156233826,0.07625329815303439,0.029790456955314237,-0.036380817387195785,0.15564267773153856,0.14584197568570306,0.04092501716161001,-0.05337665351589704,-1.2203738728547389,13.41,0.010550113036925435,-0.10063234542667343,0.009800702045835497,0.0029418975239028367,1,0.09278762733588929
KO,2014-05,2014-05-30,Consumer Staples,40.91,0.0029418975239028367,0.0709424083769632,0.016397515527950324,0.003433897473632319,0.09278762733588929,0.11521960319174229,0.043091589866891766,-0.012312892322549618,-0.8647498734358382,11.4,-0.052369077306733125,-0.1761021440616719,-0.022431975855853006,0.03544365680762662,1,0.0829140639369403
KO,2014-06,2014-06-30,Consumer Staples,42.36,0.03544365680762662,0.0957061562338335,0.04181013280865731,0.056095736724008916,0.0829140639369403,0.11432231055112745,0.07209836173449125,0.0,0.22622080728514923,11.57,0.05373406193078312,-0.0917122528068186,-0.031408246614187146,-0.0724740321057602,0,0.14014911973382757
KO,2014-07,2014-07-31,Consumer Staples,39.29,-0.07093875620714118,-0.03653751839136832,0.029342415509562514,-0.019710578842315307,0.14014911973382757,0.11190500078046713,-0.014909244533924726,-0.07400424228140468,0.9115741821830345,16.95,0.4315878378378377,0.4020771513353114,0.028244118953360445,0.061847798421990285,1,0.1181297949062433
KO,2014-08,2014-08-29,Consumer Staples,41.72,0.061847798421990285,0.021047479197259022,0.09443861490031491,0.0950131233595799,0.1181297949062433,0.12247373423584472,0.0425425844410765,-0.01673344331840676,-1.351889749928036,11.98,0.04446381865736693,-0.038106647634584045,-0.004343939329601421,0.02253116011505263,1,0.09831197782820549
KO,2014-09,2014-09-30,Consumer Staples,42.66,0.02253116011505263,0.008749113265547281,0.11064826868003119,0.1261879619852162,0.09831197782820549,0.1256243277806049,0.06114915538397625,0.0,1.739783637877399,16.31,0.09243134628265226,0.24473652331920048,-0.02731234995239941,-0.01828410689170168,0,0.31341173814007983
KO,2014-10,2014-10-31,Consumer Staples,41.88,-0.01828410689170168,0.06294416243654832,0.027477919528950068,0.058377558756633974,0.31341173814007983,0.19968203284202174,0.03442782284806034,-0.05993265993265984,0.4383947458127941,14.03,-0.1291123525760397,-0.06893282630908115,0.11372970529805809,0.07043935052531025,1,0.1287948156020109
KO,2014-11,2014-11-28,Consumer Staples,44.83,0.05956038761522087,0.0745445829338447,0.0971610376896721,0.11545160487683503,0.1287948156020109,0.19540247527374208,0.09517225205329516,0.0,-1.0145941818491024,13.33,-0.018409425625920517,-0.11879328436516257,-0.06660765967173118,-0.05821994200312286,0,0.1997408038916633
KO,2014-12,2014-12-31,Consumer Staples,42.22,-0.052300785634118885,-0.012166588675713741,-0.0016552376448333295,0.022028564512224458,0.1997408038916633,0.22108963702320208,0.019318032296109067,-0.05821994200312286,-1.2414975252250662,19.2,0.29729729729729715,0.19535141117874932,-0.02134883313153879,-0.024869729985788624,0,0.1598144082248824
KO,2015-01,2015-01-30,Consumer Staples,41.17,-0.037184284377923205,-0.026943984873552318,0.047849325528124265,0.07859575582918521,0.1598144082248824,0.16548446295586725,-0.015555749505924643,-0.08164175775150562,1.0152136544967285,20.97,0.25870348139255683,0.28986936400382723,-0.005670054730984836,0.05173670148166121,1,0.16520374369214058
KO,2015-02,2015-02-27,Consumer Staples,43.3,0.032919847328244156,-0.025433265811388717,0.04086538461538458,0.13737851326503803,0.16520374369214058,0.17024123370142324,0.032574998807650024,-0.03412893151907204,2.11994361480714,13.34,-0.06713286713286715,-0.2133845001871958,-0.0050374900092826636,-0.06351039260969982,0,0.16119749023985339
KO,2015-03,2015-03-31,Consumer Staples,40.55,-0.06134259259259267,-0.05389640690620634,-0.04023668639053257,0.048887739265390584,0.16119749023985339,0.15640195789768088,-0.033436425502500144,-0.09547178228864606,0.39639357152406535,15.29,0.12261380323054327,-0.07871304647225941,0.004795532342172504,0.0002466091245376667,1,0.09584800969342339
KO,2015-04,2015-04-30,Consumer Staples,40.56,0.0002466091245376667,-0.03657957244655585,0.0,-0.0056386369208139,0.09584800969342339,0.14485908726055421,-0.030403866910021726,-0.09524871737675655,-0.4496808165520525,14.55,0.16586538461538458,-0.01691297912957679,-0.04901107756713083,0.009861932938856066,1,0.07772916798588285
KO,2015-05,2015-05-29,Consumer Staples,40.96,0.01160780439614717,-0.05404157043879898,-0.07810038262435293,0.0073782587309396686,0.07772916798588285,0.11786612594318525,-0.022297862589406803,-0.08632612090118219,1.2705827076286818,13.84,0.1428571428571428,-0.0047029815990137225,-0.040136957957302405,-0.04223632812500011,0,0.10400775978020753
KO,2015-06,2015-06-30,Consumer Staples,39.23,-0.041768441621885755,-0.03255240443896423,-0.08469435370975276,-0.07389046270066102,0.10400775978020753,0.093253522502936,-0.060582041623662874,-0.12491635065804152,0.6858477248263958,18.23,0.5053674649050373,0.3267677876228874,0.010754237277271525,0.04715778740759635,1,0.12611932559451974
KO,2015-07,2015-07-31,Consumer Staples,41.08,0.040000000000000036,0.004155463211928723,-0.0021860578090843186,0.04555866632730976,0.12611932559451974,0.10547794616218929,-0.010619940054358068,-0.08364934195850993,1.0667600535757715,12.12,-0.11790393013100442,-0.13751270755676048,0.02064137943233045,-0.04284323271665036,0,0.1824614957011248
KO,2015-08,2015-08-31,Consumer Staples,39.32,-0.04284323271665036,-0.0407416443034887,-0.08451688009313163,-0.057526366251198446,0.1824614957011248,0.14299874456297346,-0.04985024025595086,-0.12290876645103721,-0.08950510476304863,28.43,-0.30216003927344137,0.7715848507927716,0.03946275113815134,0.020345879959308144,1,0.1579838870062159
KO,2015-09,2015-09-30,Consumer Staples,40.12,0.020345879959308144,0.01569620253164561,-0.013765978367748288,-0.05954055321143925,0.1579838870062159,0.1569774355784359,-0.019394576362325444,-0.10506357349988849,0.9634286379471159,24.5,0.10709444193402629,0.2655996326604242,0.0010064514277799974,0.05558325024925237,1,0.14243177202522833
KO,2015-10,2015-10-30,Consumer Staples,42.35,0.06407035175879416,0.01949927780452576,0.033935546875,0.022946859903381744,0.14243177202522833,0.16202981910493472,0.036360722050990946,-0.0553200981485612,-0.026207044910350724,15.07,0.04218533886583664,-0.2563678801929946,-0.019598047079706388,0.006375442739078974,1,0.16309819816415133
KO,2015-11,2015-11-30,Consumer Staples,42.62,-0.003972890862351086,0.08392675483214651,0.039765796535740305,-0.0492973455275485,0.16309819816415133,0.15300782219951736,0.042859519824607784,-0.043322109988776614,0.30944948282777435,16.13,0.04266321913380722,-0.15703158051912514,0.010090375964633969,0.00797747536367921,1,0.1704729281166057
KO,2015-12,2015-12-31,Consumer Staples,42.96,0.0016320820704127659,0.07939698492462322,0.08787034692327178,0.017527238275698798,0.1704729281166057,0.15683349786597567,0.047126799596846514,-0.02007299270072993,-0.7518204341360679,18.21,0.16955684007707128,0.07460799190692957,0.013639430250630025,-0.0009310986964617962,0,0.14708529516218755
KO,2016-01,2016-01-29,Consumer Staples,42.92,-0.018073667353008416,0.004446524689913467,0.05818540433925046,0.019477434679334937,0.14708529516218755,0.15596469224198187,0.04281823328320078,-0.02098540145985406,1.1762473457693359,20.2,-0.09579230080572965,0.0595464082325905,-0.008879397079794321,0.004892823858341222,1,0.15233096157202264
KO,2016-02,2016-02-29,Consumer Staples,43.13,0.013154803852478247,-0.005304428044280329,0.09829386299974541,-0.00392609699769042,0.15233096157202264,0.1539305980940112,0.04189943121905637,-0.023324275362318736,0.19792031462106263,20.55,0.06037151702786381,-0.025692547355112505,-0.001599636521988551,0.07558543936934847,1,0.09434283555124216
KO,2016-03,2016-03-31,Consumer Staples,46.39,0.06179903868162051,0.06131320064058565,0.1696923852748362,0.14401972872996316,0.09434283555124216,0.1352844868582257,0.10780237703489148,-0.004079003864319364,0.11653922259327006,13.95,-0.0662650602409639,-0.316155186902798,-0.04094165130698353,-0.03427462815261917,0,0.21611027721400924
KO,2016-04,2016-04-29,Consumer Staples,44.8,-0.03427462815261917,0.04380242311276783,0.04844371635853029,0.10453648915187363,0.21611027721400924,0.16324613537491406,0.05508087383305238,-0.04457240349754754,-0.6702960893204934,15.7,0.18759455370650513,-0.10027016455477444,0.052864141839095186,-0.004464285714285587,0,0.11707452194482626
KO,2016-05,2016-05-31,Consumer Staples,44.6,-0.004464285714285587,0.020828564888990764,0.03360370799536505,0.08939912066438693,0.11707452194482626,0.1524532232701138,0.04090815735917408,-0.048837705267647635,1.052686389539371,14.19,-0.10303413400758543,-0.05219465648854971,-0.03537870132528753,0.01636771300448414,1,0.15820367402961438
KO,2016-06,2016-06-30,Consumer Staples,45.33,0.014093959731543482,-0.03203074951953877,0.04039476704154232,0.1475949367088607,0.15820367402961438,0.16558269623416036,0.04263222660517729,-0.033269353806781865,0.8901933567207572,15.63,-0.0939130434782608,-0.005524359699442427,-0.007379022204545976,-0.03750275755570254,0,0.15948363462559512
KO,2016-07,2016-07-29,Consumer Staples,43.63,-0.018226822682268162,-0.026116071428571308,0.01654240447343902,0.07569033530571989,0.15948363462559512,0.13841131703327186,-0.0078814642332512,-0.06952441885263383,1.3029909799216746,11.87,-0.012479201331114798,-0.22596571854428027,0.021072317592323253,-0.004584001833600748,0,0.07351517899038551
KO,2016-08,2016-08-31,Consumer Staples,43.43,-0.0022972662531587362,-0.028846153846153855,-0.012056414922656966,0.12077419354838703,0.07351517899038551,0.1285645611130675,-0.016292444047810606,-0.07378972062273403,-0.2162902321268739,13.42,-0.0022304832713754275,-0.07252322915409681,-0.055049382122681983,-0.02555836979046744,0,0.18730259623047726
KO,2016-09,2016-09-30,Consumer Staples,42.32,-0.02555836979046744,-0.06205673758865238,-0.09746214544679033,0.06331658291457298,0.18730259623047726,0.13986034256090266,-0.041271538541699626,-0.09746214544679033,1.0256740938540119,13.29,0.08136696501220508,0.0060922855082912175,0.04744225366957461,0.001890359168241984,1,0.07436375853887359
KO,2016-10,2016-10-31,Consumer Staples,42.4,0.001890359168241984,-0.02595910866069384,-0.05441570026761833,0.001180637544273777,0.07436375853887359,0.1221603820290346,-0.037868060850306584,-0.09575602473875033,0.7283065937705617,17.06,0.31029185867895537,0.2435553292914332,-0.04779662349016102,-0.04834905660377353,0,0.18163434649183413
KO,2016-11,2016-11-30,Consumer Staples,40.35,-0.04834905660377353,-0.07091871977895459,-0.09771914132379245,-0.05922126369783165,0.18163434649183413,0.15488055782944762,-0.08224432771269563,-0.13947536788227766,1.9354225143655988,13.33,0.07413376309427888,-0.09198148909024073,0.026753788662386507,0.02750929368029742,1,0.1324729333383318
KO,2016-12,2016-12-30,Consumer Staples,41.46,0.02750929368029742,-0.02032136105860116,-0.0811170212765957,-0.03491620111731841,0.1324729333383318,0.13662329358251452,-0.050351308171994846,-0.11580294305822136,-0.38952139780107714,14.04,0.22834645669291342,-0.004109573617663287,-0.004150360244182721,0.0026531596719729933,1,0.09210946657107277
KO,2017-01,2017-01-31,Consumer Staples,41.57,-0.0007211538461538991,-0.015628699976320104,-0.04326812428078253,-0.03325581395348831,0.09210946657107277,0.1401708261654847,-0.037302501693463164,-0.1134570270846662,-0.03242480160626374,11.99,0.08310749774164417,-0.09113113787585259,-0.048061359594411934,0.00938176569641569,1,0.12511634157387527
KO,2017-02,2017-02-28,Consumer Staples,41.96,0.012303980699638117,0.01035396099205399,-0.031394275161588214,-0.027127289589612857,0.12511634157387527,0.12635790580727016,-0.02026825876966154,-0.10513968863297074,0.4532283991817007,12.92,0.11668107173725151,0.08160255132549343,-0.0012415642333948873,0.011439466158245981,1,0.06775323716760526
KO,2017-03,2017-03-31,Consumer Staples,42.44,-0.0007063809748057981,0.02019230769230762,0.009754936949797788,-0.09374332692718346,0.06775323716760526,0.09739262318118415,-0.0019131565672305673,-0.09490296438473023,-0.5556941406135054,12.37,-0.04552469135802484,0.054632311148401724,-0.02963938601357889,0.016729500471253544,1,0.07070559670748969
KO,2017-04,2017-04-28,Consumer Staples,43.15,0.017208863743517044,0.04101326899879365,0.016729500471253544,-0.033161550526551786,0.07070559670748969,0.09113087115187175,0.01948841291761516,-0.061956521739130466,-0.9672834342839006,10.82,-0.2604237867395762,-0.11032511518030774,-0.020425274444382066,0.053765932792584126,1,0.0746124274514644
KO,2017-05,2017-05-31,Consumer Staples,45.47,0.052059231837112474,0.07851043643263766,0.08910179640718563,0.01950672645739915,0.0746124274514644,0.07194299616012516,0.0751137298667397,-0.01152173913043486,0.5119344223662485,10.41,-0.028917910447761264,-0.12517507703389497,0.0026694312913392443,-0.013635363976247983,0,0.08919270834701878
KO,2017-06,2017-06-30,Consumer Staples,44.85,-0.020528499672417544,0.05678605089538191,0.078125,-0.010589013898080646,0.08919270834701878,0.0805970794745813,0.05532267343704578,-0.024787997390737115,-0.7145070928599392,11.18,0.11576846307385225,-0.021559747728725043,0.008595628872437477,0.022073578595317667,1,0.07680697316865985
KO,2017-07,2017-07-31,Consumer Staples,45.84,0.02252955610082541,0.06062008329477098,0.10778153697438375,0.05065322026128816,0.07680697316865985,0.08317609789417693,0.07154628523608375,-0.00607111882046818,1.0274766137652152,10.26,0.088016967126193,-0.028657299571718253,-0.006369124725517081,-0.006326352530541146,0,0.05775362235067893
KO,2017-08,2017-08-31,Consumer Staples,45.55,-0.0008773853915333696,-0.007409021573327568,0.07226930320150671,0.04881418374395574,0.05775362235067893,0.07630181202340879,0.05443964230073872,-0.014069264069264231,1.5011607381255088,10.59,-0.13409648405560104,-0.03642455841361081,-0.018548189672729858,-0.011855104281009887,0,0.11205775964749445
KO,2017-09,2017-09-29,Consumer Staples,45.01,-0.00837188808107514,0.0035674470457078833,0.06055607917059369,0.07090173685462764,0.11205775964749445,0.08490165377103137,0.03070002186888532,-0.039684232984851686,0.34509060714917617,9.51,-0.008342022940563076,-0.13105338728625504,0.027156105876463082,0.02155076649633414,1,0.07417314598321213
KO,2017-10,2017-10-31,Consumer Staples,45.98,0.026339285714285676,0.00855450756744891,0.06140350877192979,0.08443396226415101,0.07417314598321213,0.08413666311960025,0.04106878231405697,-0.018988692127160256,-1.1891215017108092,10.18,-0.08781362007168458,-0.06590541662418625,-0.009963517136388114,-0.00456720313179626,0,0.1262414129844627
KO,2017-11,2017-11-30,Consumer Staples,45.77,-0.00456720313179626,0.004829857299670781,-0.0026149487905861024,0.13432465923172243,0.1262414129844627,0.10559388349903895,0.02486478256050506,-0.03499894581488505,1.8235668456084517,11.28,0.1417004048582995,0.08848622237198822,0.020647529485423755,0.0024033209525891053,1,0.10285201350683174
KO,2017-12,2017-12-29,Consumer Staples,45.88,0.008351648351648366,0.019329037991557607,0.02296544035674475,0.10288461538461546,0.10285201350683174,0.1019681250321042,0.01833355528920877,-0.0326797385620915,-0.20930746034248732,11.04,0.14760914760914767,0.07101940252540806,0.0008838884747275344,0.03727114210985172,1,0.11347206782082757
KO,2018-01,2018-01-31,Consumer Staples,47.59,0.03727114210985172,0.03772350632359367,0.043869269576661596,0.14481597305749339,0.11347206782082757,0.11304913335574819,0.0458352287586008,-0.019369462188337017,0.18769788349872496,13.54,0.18047079337401906,0.27481954179307455,0.0004229344650793776,-0.06366883799117462,0,0.18107750533264455
MCD,2014-02,2014-02-28,Consumer Discretionary,95.15,0.021470746108427363,-0.031059063136456233,-0.00967943380516234,-0.00782064650677794,0.11072931513694735,0.1169994656840204,-0.01776893672326063,-0.0814750458538469,0.28160468469041744,14.0,-0.0463215258855586,-0.03891207462052271,-0.006270150547073056,0.030267997898055565,1,0.17107667628266807
MCD,2014-03,2014-03-31,Consumer Discretionary,98.03,0.030267997898055565,0.011557114848828931,0.009369851729818635,-0.010297829379101398,0.17107667628266807,0.12996436358186608,0.015230529203023702,-0.05367313447243949,-0.09631763643900307,13.88,-0.08018555334658706,-0.06159855769230771,0.041112312700801984,0.03417321228195447,1,0.09936441310014424
MCD,2014-04,2014-04-30,Consumer Discretionary,101.38,0.03417321228195447,0.08835212023617811,0.06301772045716669,-0.0074407675739182055,0.09936441310014424,0.12882920647877066,0.049809516215715055,-0.014963078118927386,-0.4003268222660858,13.41,0.010550113036925435,-0.10063234542667343,-0.029464793378626425,0.0004931939238510541,1,0.09736681691011509
MCD,2014-05,2014-05-30,Consumer Discretionary,101.43,0.0004931939238510541,0.06600105097214914,0.03289205702647657,0.04491603997115501,0.09736681691011509,0.12575433029922892,0.04613007678118275,-0.020283975659229125,-0.3589717398088036,11.4,-0.052369077306733125,-0.1761021440616719,-0.028387513389113828,-0.006802721088435493,0,0.07941568981486805
MCD,2014-06,2014-06-30,Consumer Discretionary,100.74,-0.006802721088435493,0.027644598592267533,0.03952120524197711,0.017575757575757578,0.07941568981486805,0.09196931645455753,0.032556165869067843,-0.0269487105186903,-0.06510912841177562,11.57,0.05373406193078312,-0.0917122528068186,-0.01255362663968948,-0.06134603930911253,0,0.11004043960005801
MCD,2014-07,2014-07-31,Consumer Discretionary,94.56,-0.06376237623762371,-0.06339144215530901,0.008102345415778256,-0.03588907014681886,0.11004043960005801,0.09758726447294375,-0.0331451463242185,-0.08664155317299327,1.363670722420237,16.95,0.4315878378378377,0.4020771513353114,0.01245317512711426,-0.008883248730964466,0,0.058886325244369535
MCD,2014-08,2014-08-29,Consumer Discretionary,93.72,-0.008883248730964466,-0.0814466333431344,-0.006361323155216203,-0.012017710309930485,0.058886325244369535,0.08565896973850219,-0.039668987056742266,-0.09475514343668501,0.05864058353887271,11.98,0.04446381865736693,-0.038106647634584045,-0.026772644494132657,0.011630388390951873,1,0.15120786167010034
MCD,2014-09,2014-09-30,Consumer Discretionary,94.81,0.011630388390951873,-0.06128712871287123,-0.031562819203268644,-0.014551501922876908,0.15120786167010034,0.11412950097896186,-0.02506390916363832,-0.08422679416594225,1.629313105093878,16.31,0.09243134628265226,0.24473652331920048,0.03707836069113847,-0.011391203459550692,0,0.13178377884748702
MCD,2014-10,2014-10-31,Consumer Discretionary,93.73,-0.004143646408839796,-0.006149931078358595,-0.07326478149100257,-0.028905926232905,0.13178377884748702,0.11953088582320393,-0.03202236892722621,-0.09465855307640292,0.5811533429164538,14.03,-0.1291123525760397,-0.06893282630908115,0.01225289302428309,0.03286034353995526,1,0.06265549321647224
MCD,2014-11,2014-11-28,Consumer Discretionary,96.81,0.043998705920414105,0.032970550576184365,-0.0511614231108497,-0.002575726354832053,0.06265549321647224,0.12034241678409098,-0.0014569177808434475,-0.06490872210953347,-1.4072880200545455,13.33,-0.018409425625920517,-0.11879328436516257,-0.057686923567618745,-0.03212478049788248,0,0.2401627982921234
MCD,2014-12,2014-12-31,Consumer Discretionary,93.7,-0.02171643349342245,-0.0052022507697206954,-0.06793991843230873,-0.03431928269607332,0.2401627982921234,0.16161358045698976,-0.030164271748592042,-0.09494832415724908,-0.5044585983306454,19.2,0.29729729729729715,0.19535141117874932,0.07854921783513363,-0.013447171824973347,0,0.22972625748771192
MCD,2015-01,2015-01-30,Consumer Discretionary,92.44,-0.019204244031830298,-0.003127358999245211,-0.022419627749577065,-0.01449893390191892,0.22972625748771192,0.19419756657388818,-0.03744679743326085,-0.10711870955278668,1.5641302562747916,20.97,0.25870348139255683,0.28986936400382723,0.03552869091382374,0.06988316745997403,1,0.24312523906315844
MCD,2015-02,2015-02-27,Consumer Discretionary,98.9,0.11398963730569944,0.019587628865979534,0.04490227152667714,0.04017669331089624,0.24312523906315844,0.21719365761376938,0.036103872294174,-0.04472133681058621,0.23250513877035922,13.34,-0.06713286713286715,-0.2133845001871958,0.025931581449389063,-0.014762386248736159,0,0.16982329226387005
MCD,2015-03,2015-03-31,Consumer Discretionary,97.44,-0.025600000000000067,0.025252525252525082,0.012679276657659555,-0.0060185657451801156,0.16982329226387005,0.19479547652969031,0.025741436101172077,-0.05882352941176472,-0.5857949356856675,15.29,0.12261380323054327,-0.07871304647225941,-0.024972184265820263,-0.009133825944170781,0,0.19459167947656503
MCD,2015-04,2015-04-30,Consumer Discretionary,96.55,-0.009133825944170781,0.035166720274471874,0.04265658747300227,-0.04764253304399291,0.19459167947656503,0.18190828578260912,0.021340786141500256,-0.06742007147686668,0.5866406468319352,14.55,0.16586538461538458,-0.01691297912957679,0.012683393693955908,-0.006421543241843519,0,0.16881983589428193
MCD,2015-05,2015-05-29,Consumer Discretionary,95.93,-0.011234796949082582,-0.03003033367037411,-0.01103092783505144,-0.05338464574699031,0.16881983589428193,0.17670144226511542,0.01220224419154925,-0.0636408003904343,-0.024862170454007085,13.84,0.1428571428571428,-0.0047029815990137225,-0.007881606370833488,-0.008964870217867293,0,0.12357003615699134
MCD,2015-06,2015-06-30,Consumer Discretionary,95.07,-0.011951777177302114,-0.024322660098522242,0.0003156565656563526,-0.05628350208457422,0.12357003615699134,0.1621818027578597,0.00057780289659215,-0.059364796675571374,0.49189551792521546,18.23,0.5053674649050373,0.3267677876228874,-0.03861176660086836,0.050383927632271064,1,0.11969489046562007
MCD,2015-07,2015-07-31,Consumer Discretionary,99.86,0.042815371762740195,0.021063394683026537,0.08026828212894843,0.056049069373942384,0.11969489046562007,0.136294789090102,0.04654922245039872,-0.008144616607071997,1.1497935268605592,12.12,-0.11790393013100442,-0.13751270755676048,-0.01659989862448194,-0.048467854996995796,0,0.27987522190182407
MCD,2015-08,2015-08-31,Consumer Discretionary,95.02,-0.048467854996995796,-0.013189323917333184,-0.04732303990374975,0.013871105420401264,0.27987522190182407,0.18925123230067703,-0.009823092630310004,-0.0601384767556874,-0.13779424695492776,28.43,-0.30216003927344137,0.7715848507927716,0.09062398960114704,0.036939591664912674,1,0.20567891949953082
MCD,2015-09,2015-09-30,Consumer Discretionary,98.53,0.036939591664912674,0.028926482873851356,0.023263059507736994,0.039236367471785716,0.20567891949953082,0.21097210204276953,0.024711959011521678,-0.025420375865479627,-0.060644118433895236,24.5,0.10709444193402629,0.2655996326604242,-0.005293182543238711,0.1392469298690755,1,0.30000877435601714
MCD,2015-10,2015-10-30,Consumer Discretionary,112.25,0.13636363636363624,0.12904848119090717,0.16768958701758052,0.20207753266224038,0.30000877435601714,0.2661886664796651,0.15068546512551695,-0.006109438639985809,0.10315092761710226,15.07,0.04218533886583664,-0.2563678801929946,0.033820107876352035,0.017015590200445407,1,0.11781852987541212
MCD,2015-11,2015-11-30,Consumer Discretionary,114.16,0.01367430296572536,0.20143127762576296,0.18558521134074146,0.17921702303481046,0.11781852987541212,0.22021297336035153,0.14618991752472787,-0.0027081331353193683,0.6282124545336051,16.13,0.04266321913380722,-0.15703158051912514,-0.10239444348493941,0.0348633496846531,1,0.12945063610607843
MCD,2015-12,2015-12-31,Consumer Discretionary,118.14,0.03224115334207078,0.19599109131403125,0.22844962046376205,0.2608324439701173,0.12945063610607843,0.2007765851938418,0.1603364130931204,-0.016073956858499105,-1.060065471777293,18.21,0.16955684007707128,0.07460799190692957,-0.07132594908776338,0.047739969527679005,1,0.19974986639762654
MCD,2016-01,2016-01-29,Consumer Discretionary,123.78,0.030898642458565995,0.09598016646006724,0.2481597257235051,0.3271148279189451,0.19974986639762654,0.14862375529964292,0.19247808178465164,0.0,1.3084878079964382,20.2,-0.09579230080572965,0.0595464082325905,0.05112611109798362,-0.05323961867830018,0,0.20838368692928091
MCD,2016-02,2016-02-29,Consumer Discretionary,117.19,-0.042408890341559036,0.02438811188811174,0.20404808383848771,0.18493427704752263,0.20838368692928091,0.17856287092426731,0.1060355811429381,-0.059545782842468475,-0.05086166389215336,20.55,0.06037151702786381,-0.025692547355112505,0.0298208160050136,0.07244645447563802,1,0.11498683593381787
MCD,2016-03,2016-03-31,Consumer Discretionary,125.68,0.0574673958771561,0.04672274506537866,0.28929011079195743,0.2898193760262726,0.11498683593381787,0.18005005496599638,0.1564092242222095,-0.001192084558531259,0.24851253361090525,13.95,-0.0662650602409639,-0.316155186902798,-0.06506321903217852,0.006444939528962301,1,0.12163834078180476
MCD,2016-04,2016-04-29,Consumer Discretionary,126.49,0.006444939528962301,0.021893682339634735,0.119975208075084,0.31009839461418953,0.12163834078180476,0.1557268078322499,0.12999447911622974,-0.018392053391277474,0.050425365786346404,15.7,0.18759455370650513,-0.10027016455477444,-0.034088467050445145,-0.03502253142540912,0,0.15896613698858425
MCD,2016-05,2016-05-31,Consumer Discretionary,122.06,-0.03502253142540912,0.027008834665544823,0.06854591613411531,0.26855123674911674,0.15896613698858425,0.13414405561069553,0.061829424401633304,-0.07249240121580547,1.2725863366911319,14.19,-0.10303413400758543,-0.05219465648854971,0.024822081377888716,-0.014091430444043929,0,0.1575976662106094
MCD,2016-06,2016-06-30,Consumer Discretionary,120.34,-0.013444827020823058,-0.05259014328452205,0.0076195260822238264,0.25668337510442774,0.1575976662106094,0.1434476065655407,0.022703612266664397,-0.08556231003039505,-0.31488158708618325,15.63,-0.0939130434782608,-0.005524359699442427,0.014150059645068686,-0.02235333222536151,0,0.20853229571374426
MCD,2016-07,2016-07-29,Consumer Discretionary,117.65,-0.015398778140430114,-0.0698869475847892,-0.04952334787526258,0.1863466774226077,0.20853229571374426,0.17315305679277546,-0.019629900913039844,-0.10600303951367773,1.1016877664669873,11.87,-0.012479201331114798,-0.22596571854428027,0.03537923892096881,-0.01691457713557165,0,0.10458583728429943
MCD,2016-08,2016-08-31,Consumer Discretionary,115.66,-0.01733220050977069,-0.04547330197243549,-0.008826806067357973,0.23740237509361295,0.10458583728429943,0.15890601021755,-0.04261227949496671,-0.12112462006079028,0.33289620060991765,13.42,-0.0022304832713754275,-0.07252322915409681,-0.05432017293325056,-0.002593809441466366,0,0.12472715615626537
MCD,2016-09,2016-09-30,Consumer Discretionary,115.36,-0.002593809441466366,-0.041860465116279166,-0.09571215803088495,0.1678477424579874,0.12472715615626537,0.14974797797499004,-0.04621074228301736,-0.12340425531914889,-0.21013618288755204,13.29,0.08136696501220508,0.0060922855082912175,-0.02502082181872467,-0.024185159500693554,0,0.15881572378483438
MCD,2016-10,2016-10-31,Consumer Discretionary,112.57,-0.024185159500693554,-0.04358538657604083,-0.12328660436137084,0.0028507795100221056,0.15881572378483438,0.12934520851451115,-0.06570755824907115,-0.14460486322188448,-0.1180466474315788,17.06,0.31029185867895537,0.2435553292914332,0.02947051527032324,0.05951852180865247,1,0.15343187287039325
MCD,2016-11,2016-11-30,Consumer Discretionary,119.27,0.05951852180865247,0.031212173612311878,-0.015680448956012283,0.04211446046308431,0.15343187287039325,0.1464711993390151,-0.008012336011597343,-0.09369300911854106,0.9428556184638902,13.33,0.07413376309427888,-0.09198148909024073,0.006960673531378164,0.020541628238450516,1,0.07852563904261495
MCD,2016-12,2016-12-30,Consumer Discretionary,121.72,0.020541628238450516,0.05513176144244114,0.0109634551495017,0.030303030303030276,0.07852563904261495,0.1355575933020423,0.00995140666765404,-0.07507598784194525,-0.30266699078109643,14.04,0.22834645669291342,-0.004109573617663287,-0.057031954259427364,0.006983240223463749,1,0.10776702257878601
MCD,2017-01,2017-01-31,Consumer Discretionary,122.57,-0.0017916768466488264,0.09339875111507578,0.03864079315312252,-0.016371077762619368,0.10776702257878601,0.11536994108671428,0.020884105458319313,-0.06861702127659575,-0.007516470194030975,11.99,0.08310749774164417,-0.09113113787585259,-0.007602918507928269,0.04144570449539042,1,0.08055079493192636
MCD,2017-02,2017-02-28,Consumer Discretionary,127.65,0.03898746540778131,0.05793137742416721,0.11543166724921372,0.08925676252239967,0.08055079493192636,0.09435083122959502,0.06538003144811588,-0.030015197568388996,0.82013494215334,12.92,0.11668107173725151,0.08160255132549343,-0.013800036297668655,0.015354484919702482,1,0.03853806923773451
MCD,2017-03,2017-03-31,Consumer Discretionary,129.61,0.010761912189035439,0.0555419822461114,0.129105322763307,0.02039048968666357,0.03853806923773451,0.08381957012306167,0.07661215630604357,-0.015121580547112323,-0.5664734897734903,12.37,-0.04552469135802484,0.054632311148401724,-0.04528150088532716,0.07962348584214185,1,0.2004807679742838
MCD,2017-04,2017-04-28,Consumer Discretionary,139.93,0.08607575287177904,0.13893862933420165,0.24814913923824822,0.09388680425265794,0.2004807679742838,0.129113339375669,0.15108280590109913,-0.01249117854622428,0.904402615227817,10.82,-0.2604237867395762,-0.11032511518030774,0.07136742859861481,0.07832487672407606,1,0.06960435939336368
MCD,2017-05,2017-05-31,Consumer Discretionary,150.89,0.06900460503010963,0.1692367299496318,0.23863076670497452,0.23619531378010805,0.06960435939336368,0.12668881256873277,0.21397019099373926,0.0,1.8000886419133724,10.41,-0.028917910447761264,-0.12517507703389497,-0.05708445317536909,0.015044071840413675,1,0.1147677314026293
MCD,2017-06,2017-06-30,Consumer Discretionary,153.16,0.005052824988516447,0.18169894298279443,0.24733284469419314,0.2727272727272727,0.1147677314026293,0.1407345092617049,0.19352228171910535,-0.010594315245478159,-0.8239000348800923,11.18,0.11576846307385225,-0.021559747728725043,-0.025966777859075585,0.012927657351788913,1,0.21191025124935753
MCD,2017-07,2017-07-31,Consumer Discretionary,155.14,0.01312610200483233,0.09911441728657433,0.26109575678751407,0.31865703357416053,0.21191025124935753,0.14494222880350305,0.1726920137663186,-0.024706104230841852,0.8520817114196363,10.26,0.088016967126193,-0.028657299571718253,0.06696802244585448,0.031133170039963964,1,0.08852623487677674
MCD,2017-08,2017-08-31,Consumer Discretionary,159.97,0.02158503097260356,0.04052296084298157,0.25074276778733373,0.38310565450458234,0.08852623487677674,0.1492810885891849,0.1643187294318187,0.0,-0.20417093187004934,10.59,-0.13409648405560104,-0.03642455841361081,-0.06075485371240816,-0.02056635619178593,0,0.1882286319376453
MCD,2017-09,2017-09-29,Consumer Discretionary,156.68,-0.017864978373973495,0.022982501958735968,0.2088573412545327,0.36492725847199226,0.1882286319376453,0.172834444913366,0.10986871488494176,-0.03002538228192897,0.3589961517969758,9.51,-0.008342022940563076,-0.13105338728625504,0.015394187024279304,0.06529231554761283,1,0.10136571528732657
MCD,2017-10,2017-10-31,Consumer Discretionary,166.91,0.06339194699286432,0.06590459160865958,0.1703127191137288,0.48272186195256284,0.10136571528732657,0.13363937000228798,0.14571896421953534,0.0,-0.21375281442446045,10.18,-0.08781362007168458,-0.06590541662418625,-0.03227365471496141,0.030315739021029353,1,0.12471431739354383
MCD,2017-11,2017-11-30,Consumer Discretionary,171.97,0.030315739021029353,0.07501406513721331,0.11857681800442288,0.44185461557810024,0.12471431739354383,0.1426802005889497,0.14329516587652513,0.0,1.6711829050669162,11.28,0.1417004048582995,0.08848622237198822,-0.017965883195405874,0.0008722451590394975,1,0.09980055402721556
MCD,2017-12,2017-12-29,Consumer Discretionary,172.12,0.009916094584286883,0.09854480469747262,0.12379211282319158,0.40174281293264924,0.09980055402721556,0.10761646404786128,0.11120436424674773,-0.011940298507462588,-0.595618896882138,11.04,0.14760914760914767,0.07101940252540806,-0.007815910020645717,-0.005693702068324535,0,0.1368120091745967
MCD,2018-01,2018-01-31,Consumer Discretionary,171.14,-0.005693702068324535,0.029537387956445782,0.11101012723967796,0.3962633597128171,0.1368120091745967,0.11894588165767196,0.07229770202229036,-0.04047992823503044,2.258313184300978,13.54,0.18047079337401906,0.27481954179307455,0.01786612751692475,-0.031728409489306886,0,0.18258463545272335
MMM,2014-02,2014-02-28,Industrials,134.73,0.034395393474088154,0.0195232690124858,0.19230088495575215,0.29548076923076905,0.19028771238079425,0.20171807061506183,0.10232303554875188,-0.03935828877005354,0.18895203060570956,14.0,-0.0463215258855586,-0.03891207462052271,-0.011430358234267579,0.006902694277443722,1,0.15133560098888427
MMM,2014-03,2014-03-31,Industrials,135.66,0.006902694277443722,-0.02648008611410113,0.12843120944934294,0.28405111216280154,0.15133560098888427,0.17092131420137047,0.08914953045178908,-0.032727272727272716,-0.13764758768742938,13.88,-0.08018555334658706,-0.06159855769230771,-0.0195857132124862,0.025283797729618307,1,0.13321930986696848
MMM,2014-04,2014-04-30,Industrials,139.09,0.025283797729618307,0.06786948176583496,0.11343259686199159,0.32833540254034954,0.13321930986696848,0.15769821608624915,0.093554366178358,-0.008270944741533004,0.16952210268483453,13.41,0.010550113036925435,-0.10063234542667343,-0.02447890621928067,0.024875979581565844,1,0.102487905726984
MMM,2014-05,2014-05-30,Industrials,142.55,0.024875979581565844,0.05804200994581765,0.07869844873250109,0.27939328666307683,0.102487905726984,0.1286117494789175,0.09887314432663885,-0.001890491527797078,1.5104421623520914,11.4,-0.052369077306733125,-0.1761021440616719,-0.02612384375193348,0.004840406874780712,1,0.07881359938546174
MMM,2014-06,2014-06-30,Industrials,143.24,0.004840406874780712,0.055874981571576,0.02791532113383588,0.30992226794695954,0.07881359938546174,0.10568855009450438,0.0792068838993698,-0.014313239746765682,-0.25932719081815303,11.57,0.05373406193078312,-0.0917122528068186,-0.02687495070904264,-0.016406031834683255,0,0.11841150416425957
MMM,2014-07,2014-07-31,Industrials,140.89,-0.025387382401770964,0.0005681414672251694,0.1002733307301833,0.1997785915013197,0.11841150416425957,0.09943214166429697,0.04010790132078701,-0.036122323322159144,2.1130695030093283,16.95,0.4315878378378377,0.4020771513353114,0.0189793624999626,0.022073958407268224,1,0.0836201302773884
MMM,2014-08,2014-08-29,Industrials,144.0,0.022073958407268224,0.01180438448566612,0.08917631041524832,0.2707377338510413,0.0836201302773884,0.09658265522841004,0.04875356730976854,-0.014845727577478152,-0.5828601538998861,11.98,0.04446381865736693,-0.038106647634584045,-0.01296252495102164,-0.016111111111111076,0,0.08915767289611791
MMM,2014-09,2014-09-30,Industrials,141.68,-0.016111111111111076,-0.01992252351964574,0.037720647476745084,0.18650029310777994,0.08915767289611791,0.09790684680101253,0.020151741091133157,-0.035140288749659465,0.898645393344783,16.31,0.09243134628265226,0.24473652331920048,-0.008749173904894617,0.08533314511575374,1,0.28313371028996087
MMM,2014-10,2014-10-31,Industrials,153.77,0.10889161318237561,0.09250444049733586,0.09359220539079716,0.22185141040921752,0.28313371028996087,0.1838267888284736,0.10256144591357819,0.0,0.45232193876761234,14.03,-0.1291123525760397,-0.06893282630908115,0.09930692146148729,0.041100344670611966,1,0.09624917848545755
MMM,2014-11,2014-11-28,Industrials,160.09,0.06012846831335672,0.11173611111111104,0.12485947161326605,0.1991760299625469,0.09624917848545755,0.18486016433748997,0.12685434902499182,-0.0004370629370629153,-1.2562293648920204,13.33,-0.018409425625920517,-0.11879328436516257,-0.08861098585203242,0.026422637266537485,1,0.16673123318247132
MMM,2014-12,2014-12-31,Industrials,164.32,0.03894790085988875,0.18062940077597345,0.13144667079804462,0.17162210338680928,0.16673123318247132,0.19760610905778153,0.13047172358755543,-0.017636157111257322,-1.1167205087308358,19.2,0.29729729729729715,0.19535141117874932,-0.03087487587531021,-0.012293086660175145,0,0.19546550616469788
MMM,2015-01,2015-01-30,Industrials,162.3,-0.02134587554269174,0.07476326071121142,0.15196252395485854,0.2674736431081608,0.19546550616469788,0.1587833189432006,0.09534864886753236,-0.029712440963711395,1.3088784849864907,20.97,0.25870348139255683,0.28986936400382723,0.03668218722149727,0.03912507701786816,1,0.13655133294743568
MMM,2015-02,2015-02-27,Industrials,168.65,0.028730023179212028,0.06699987346577241,0.17166875086841737,0.2553967545034985,0.13655133294743568,0.15949180851572436,0.11846808668674802,-0.005660043629503009,-0.4546656159099996,13.34,-0.06713286713286715,-0.2133845001871958,-0.022940475568288682,-0.021938926771420175,0,0.20510652376254004
MMM,2015-03,2015-03-31,Industrials,164.95,-0.03255131964809388,-0.01055725511367056,0.16006751529643437,0.215907415597818,0.20510652376254004,0.17335990838264584,0.07593968606304236,-0.03255131964809388,-0.18585043592489342,15.29,0.12261380323054327,-0.07871304647225941,0.031746615379894205,-0.051894513488936034,0,0.1776555809408058
MMM,2015-04,2015-04-30,Industrials,156.39,-0.051894513488936034,-0.05862878468669119,0.03528399311531838,0.12437989790782944,0.1776555809408058,0.17378242232650337,0.007148701426037185,-0.08275659824046933,1.7918740129814397,14.55,0.16586538461538458,-0.01691297912957679,0.00387315861430243,0.017200588272907602,1,0.1118523998757287
MMM,2015-05,2015-05-29,Industrials,159.08,0.013442058992164219,-0.056744737622294705,0.006453245602935587,0.11721328744996162,0.1118523998757287,0.169639307927613,0.012882931095244965,-0.06697947214076239,1.037304975434154,13.84,0.1428571428571428,-0.0047029815990137225,-0.0577869080518843,-0.030047774704551222,0,0.15304487283600057
MMM,2015-06,2015-06-30,Industrials,154.3,-0.029437665115108702,-0.06456501970294015,-0.07444064543218765,0.07721306897514668,0.15304487283600057,0.14891744031191467,-0.026949034327320875,-0.0950146627565982,0.5794466925313327,18.23,0.5053674649050373,0.3267677876228874,0.0041274325240859,-0.019183408943616365,0,0.17397585078922564
MMM,2015-07,2015-07-31,Industrials,151.34,-0.027690330870542845,-0.04020801623541348,-0.06752926678989535,0.07417133934274989,0.17397585078922564,0.14690005458658534,-0.05392041028872485,-0.11237536656891489,-1.4116969690885244,12.12,-0.11790393013100442,-0.13751270755676048,0.027075796202640307,-0.06079027355623112,0,0.2173380995142513
MMM,2015-08,2015-08-31,Industrials,142.14,-0.06079027355623112,-0.10648730198642209,-0.1552861472633269,-0.012916666666666798,0.2173380995142513,0.18200017558673512,-0.10996592084933332,-0.16633431085043993,0.2002046267349074,28.43,-0.30216003927344137,0.7715848507927716,0.03533792392751617,-0.002603067398339487,0,0.23275259816293875
MMM,2015-09,2015-09-30,Industrials,141.77,-0.002603067398339487,-0.08917442981047219,-0.12767659365001227,0.0006352343308866359,0.23275259816293875,0.20695469575578018,-0.10104850197471937,-0.16850439882697943,0.8822245468327741,24.5,0.10709444193402629,0.2655996326604242,0.02579790240715857,0.10890879593708114,1,0.17894138316141847
MMM,2015-10,2015-10-30,Industrials,157.21,0.11654829545454537,0.04722888355981891,-0.011382216073449913,0.03359631821170295,0.17894138316141847,0.2143079838470329,0.005371874400460497,-0.07794721407624627,0.0685343514444,15.07,0.04218533886583664,-0.2563678801929946,-0.035366600685614424,-0.004007378665479289,0,0.13251732888598036
MMM,2015-11,2015-11-30,Industrials,156.58,-0.006535118330055156,0.10158998170817513,-0.015715363339200428,-0.02192516709350989,0.13251732888598036,0.18814408168844832,0.005553728858839646,-0.08164222873900284,0.5710641418851707,16.13,0.04266321913380722,-0.15703158051912514,-0.055626752802467955,-0.037935879422659524,0,0.275598174845158
MMM,2015-12,2015-12-31,Industrials,150.64,-0.03989802421924804,0.06988636363636336,-0.030505856609602366,-0.08325219084712765,0.275598174845158,0.20698247229427427,-0.023123960602013605,-0.11648093841642237,-0.9400823728791268,18.21,0.16955684007707128,0.07460799190692957,0.0686157025508837,0.0023898035050451405,1,0.29045099877172403
MMM,2016-01,2016-01-29,Industrials,151.0,-0.012361828765779181,-0.04478744939271262,-0.003760638648809045,-0.09107325588394632,0.29045099877172403,0.23912554577419723,-0.006590711425785711,-0.11436950146627567,1.1495300142624938,20.2,-0.09579230080572965,0.0595464082325905,0.051325452997526805,0.03887417218543043,1,0.1997850920787322
MMM,2016-02,2016-02-29,Industrials,156.87,0.06482487102905243,-0.0048214172429105195,0.09013203613620568,-0.06984879928846721,0.1997850920787322,0.2511151708409014,0.035757639183027656,-0.07994134897360705,-0.7278577327072617,20.55,0.06037151702786381,-0.025692547355112505,-0.05133007876216919,0.062217122458086305,1,0.0958353160055662
MMM,2016-03,2016-03-31,Industrials,166.63,0.044113039664139375,0.08986853293217356,0.1771812080536912,0.010184904516520099,0.0958353160055662,0.2058838117874474,0.09795833649065822,-0.002633626623570917,-1.1061971372104602,13.95,-0.0662650602409639,-0.316155186902798,-0.11004849578188121,0.004500990217847889,1,0.08504005836103262
MMM,2016-04,2016-04-29,Industrials,167.38,0.004500990217847889,0.10847682119205304,0.05883097165991891,0.07027303536031715,0.08504005836103262,0.13160378483066512,0.09424368201427646,-0.013380489242558302,-0.2544685697597486,15.7,0.18759455370650513,-0.10027016455477444,-0.0465637264696325,0.005615963675468905,1,0.11487454134161233
MMM,2016-05,2016-05-31,Industrials,168.32,0.005615963675468905,0.05470267560624098,0.065383885056016,0.05874952824254631,0.11487454134161233,0.09869193206572145,0.08787787226548027,-0.011394338071185284,0.6197426120011547,14.19,-0.10303413400758543,-0.05219465648854971,0.01618260927589088,0.04039923954372626,1,0.18430872145676858
MMM,2016-06,2016-06-30,Industrials,175.12,0.03811725650601705,0.045305318450426846,0.1527878349022449,0.12508833922261475,0.18430872145676858,0.13271098023855563,0.11030941822880558,0.0,1.1298333862582175,15.63,-0.0939130434782608,-0.005524359699442427,0.05159774121821295,0.01850159890360903,1,0.10745120531700042
MMM,2016-07,2016-07-29,Industrials,178.36,0.03987873134328357,0.06559923527303146,0.18119205298013252,0.17675001649402922,0.10745120531700042,0.13225599315725695,0.10596449454644663,-0.016866938595524017,-0.5419660944939292,11.87,-0.012479201331114798,-0.22596571854428027,-0.024804787840256526,0.00493384166853561,1,0.06936559733251271
MMM,2016-08,2016-08-31,Industrials,179.24,0.00493384166853561,0.06665079742918367,0.12460785543982933,0.29415162454873656,0.06936559733251271,0.12124572273381316,0.09275058992010132,-0.012016315731451788,-0.11401296789183601,13.42,-0.0022304832713754275,-0.07252322915409681,-0.05188012540130045,-0.01679312653425591,0,0.15200342607465997
MMM,2016-09,2016-09-30,Industrials,176.23,-0.01679312653425591,0.003930728039193365,0.05907451923076912,0.2516335227272726,0.15200342607465997,0.10617635340848866,0.060234150332695524,-0.028607650755153813,1.3750404653339687,13.29,0.08136696501220508,0.0060922855082912175,0.04582707266617131,-0.06202122226635631,0,0.13076250190401184
MMM,2016-10,2016-10-31,Industrials,165.3,-0.06202122226635631,-0.07322269567167528,-0.015895695659939202,0.05145983079956751,0.13076250190401184,0.12245528930694115,-0.02002399844436964,-0.08885459155550646,1.1091346852108674,17.06,0.31029185867895537,0.2435553292914332,0.008307212597070693,0.03895946763460367,1,0.14604499613767727
MMM,2016-11,2016-11-30,Industrials,171.74,0.03895946763460367,-0.04184333854050437,0.022018567007855427,0.09458253664754612,0.14604499613767727,0.1444469555725442,0.0038094375271240377,-0.05335685150479541,1.0970352659493865,13.33,0.07413376309427888,-0.09198148909024073,0.0015980405651330742,0.03976941888901808,1,0.12198930050778875
MMM,2016-12,2016-12-30,Industrials,178.57,0.03976941888901808,0.013278102479713949,0.017261023128631647,0.18540892193308567,0.12198930050778875,0.13621654719609852,0.032737674394126115,-0.01570940359387052,-0.43503725211909977,14.04,0.22834645669291342,-0.004109573617663287,-0.01422724668830977,-0.021000168001343966,0,0.08332905488669781
MMM,2017-01,2017-01-31,Industrials,174.82,-0.020122190460176048,0.054593714182300745,-0.019462673172920497,0.17541854366973708,0.08332905488669781,0.12013655919953264,0.004681752601285005,-0.03637967148054233,0.00024102345828246375,11.99,0.08310749774164417,-0.09113113787585259,-0.03680750431283483,0.06595355222514598,1,0.0957507224395654
MMM,2017-02,2017-02-28,Industrials,186.35,0.04997746224926747,0.07412530981612764,0.03868234769522316,0.1879263084082361,0.0957507224395654,0.10096632366136811,0.0637165348128137,-0.00565604823648691,0.1611393428860075,12.92,0.11668107173725151,0.08160255132549343,-0.005215601221802715,0.026723906627314387,1,0.06783180051916474
MMM,2017-03,2017-03-31,Industrials,191.33,0.007583337721839056,0.07241746538871152,0.0910075839653306,0.14206410792096946,0.06783180051916474,0.08810142002101888,0.07626592594280157,-0.008704212216983476,-0.36848660296383,12.37,-0.04552469135802484,0.054632311148401724,-0.020269619501854144,0.023519573511733727,1,0.07412859560058047
MMM,2017-04,2017-04-28,Industrials,195.83,0.027008600797147064,0.10339193148523784,0.17608552038916603,0.1726347305389222,0.07412859560058047,0.08716807211427831,0.09100866349906656,-0.001427770129009187,1.0205726249636238,10.82,-0.2604237867395762,-0.11032511518030774,-0.013039476513697842,0.044119899913189986,1,0.11047711573877728
MMM,2017-05,2017-05-31,Industrials,204.47,0.04958677685950419,0.07695143790161163,0.18533333333333335,0.21476948669201534,0.11047711573877728,0.08668886005210749,0.12629367197240748,0.0,2.0007515465334715,10.41,-0.028917910447761264,-0.12517507703389497,0.023788255686669785,0.018193378001662763,1,0.100003758858664
MMM,2017-06,2017-06-30,Industrials,208.19,0.018791289454367588,0.08812000209062876,0.16691889468079135,0.18884193695751472,0.100003758858664,0.09595422016942066,0.126213361145612,-0.024231346081739824,0.010857435149979727,11.18,0.11576846307385225,-0.021559747728725043,0.004049538689243334,-0.03371919880878049,0,0.1936317944093922
MMM,2017-07,2017-07-31,Industrials,201.17,-0.032138561462593196,0.032647194702530635,0.14679055979933864,0.1278874187037451,0.1936317944093922,0.14103854443069516,0.06907538557154758,-0.05713348331458579,0.20841253604859175,10.26,0.088016967126193,-0.028657299571718253,0.05259324997869705,0.015658398369538196,1,0.09399917096171792
MMM,2017-08,2017-08-31,Industrials,204.32,-0.005306460250231293,-0.011514271891630345,0.07928794041519205,0.13992412407944643,0.09399917096171792,0.15023308148535006,0.062241078087352575,-0.04236970378702676,-0.03341202549158942,10.59,-0.13409648405560104,-0.03642455841361081,-0.056233910523632136,0.027310101801096387,1,0.1197933270818619
MMM,2017-09,2017-09-29,Industrials,209.9,0.030487505523098868,0.008213650991882426,0.09705744002508743,0.19689798711296125,0.1197933270818619,0.15678013182020248,0.071628868221558,-0.018057634730538896,0.11802251607183965,9.51,-0.008342022940563076,-0.13105338728625504,-0.03698680473834058,0.09666507860886142,1,0.2375020078101374
MMM,2017-10,2017-10-31,Industrials,230.19,0.08192329385222785,0.12063677523002769,0.16475231493194364,0.3925589836660617,0.2375020078101374,0.16420220377910616,0.14690943804975065,-0.032449245513009095,0.4075345288143266,10.18,-0.08781362007168458,-0.06590541662418625,0.07329980403103123,0.05625787393023152,1,0.128732767374069
MMM,2017-11,2017-11-30,Industrials,243.14,0.05625787393023152,0.18999608457321848,0.1762941461054668,0.4157447304064281,0.128732767374069,0.16999591204576137,0.17802099836722407,0.0,2.4236001961529685,11.28,0.1417004048582995,0.08848622237198822,-0.04126314467169237,-0.03195689726083728,0,0.1214852639059168
MMM,2017-12,2017-12-29,Industrials,235.37,-0.011091970925591332,0.12134349690328716,0.13055382102886792,0.3192646152121519,0.1214852639059168,0.1678068537096724,0.11371463126804571,-0.03195689726083728,-0.6835255610334929,11.04,0.14760914760914767,0.07101940252540806,-0.046321589803755614,0.06428176912945571,1,0.1589831818171382
MMM,2018-01,2018-01-31,Industrials,250.5,0.06428176912945571,0.08432170374859305,0.2063568504695401,0.4329024139114519,0.1589831818171382,0.13180727954956148,0.1539317287002857,-0.03143486834473952,1.4746820843583142,13.54,0.18047079337401906,0.27481954179307455,0.027175902267576713,-0.06910179640718561,0,0.26041937696711726
MSFT,2014-02,2014-02-28,Information Technology,38.31,0.04500818330605583,0.025702811244979973,0.1602059357964869,0.3780575539568345,0.19536778211013073,0.2071354297611168,0.09313458124542295,-0.016178736517719505,0.2686933562234851,14.0,-0.0463215258855586,-0.03891207462052271,-0.011767647650986063,0.0699556251631428,1,0.23091849076994583
MSFT,2014-03,2014-03-31,Information Technology,40.99,0.0699556251631428,0.09922231161169215,0.23204087766756842,0.43271583362460686,0.23091849076994583,0.22150962788564116,0.15525122134207558,0.0,0.6883568844087307,13.88,-0.08018555334658706,-0.06159855769230771,0.009408862884304675,-0.014393754574286488,0,0.20389187278064272
MSFT,2014-04,2014-04-30,Information Technology,40.4,-0.014393754574286488,0.10201854882705952,0.1357885858869834,0.2205438066465255,0.20389187278064272,0.20886057473454217,0.11987887567487254,-0.024625784645099014,-0.014783753289092238,13.41,0.010550113036925435,-0.10063234542667343,-0.0049687019538994515,0.013366336633663378,1,0.1418890177566629
MSFT,2014-05,2014-05-30,Information Technology,40.94,0.013366336633663378,0.0686504829026362,0.0961178045515394,0.16871253211532955,0.1418890177566629,0.1944059650451073,0.1108521353785239,-0.011588604538870229,0.28279240014995544,11.4,-0.052369077306733125,-0.1761021440616719,-0.05251694728844439,0.01856375183194925,1,0.14503506790577658
MSFT,2014-06,2014-06-30,Information Technology,41.7,0.01856375183194925,0.017321297877531228,0.11826226870474676,0.20712114633087286,0.14503506790577658,0.16372232625243263,0.10324859087772187,-0.013017751479289852,0.2729298543755839,11.57,0.05373406193078312,-0.0917122528068186,-0.01868725834665605,0.035011990407673776,1,0.16520471663681618
MSFT,2014-07,2014-07-31,Information Technology,43.16,0.030809648913302956,0.07899999999999996,0.17091698317959847,0.3555276381909547,0.16520471663681618,0.1471544452032327,0.1098390276976966,-0.03811009583240477,0.42395952346531873,16.95,0.4315878378378377,0.4020771513353114,0.01805027143358348,0.05259499536607981,1,0.11415386415655072
MSFT,2014-08,2014-08-29,Information Technology,45.43,0.05259499536607981,0.1137533709242462,0.20248808893594483,0.35409836065573774,0.11415386415655072,0.1407301420883818,0.14191354975439618,0.0,-0.5420854511104204,11.98,0.04446381865736693,-0.038106647634584045,-0.02657627793183108,0.020471054369359365,1,0.15908750867822727
MSFT,2014-09,2014-09-30,Information Technology,46.36,0.020471054369359365,0.10723668497731076,0.11926605504587151,0.39302884615384603,0.15908750867822727,0.14582708459577945,0.1394803455923943,-0.02441077441077444,0.27502452557612955,16.31,0.09243134628265226,0.24473652331920048,0.01326042408244782,0.01272648835202772,1,0.2692489972103218
MSFT,2014-10,2014-10-31,Information Technology,46.95,0.026005244755244794,0.08254553839059264,0.19071772761856454,0.32608388645671527,0.2692489972103218,0.18902996866500232,0.1265277182504989,-0.011994949494949503,0.36593208138346806,14.03,-0.1291123525760397,-0.06893282630908115,0.08021902854531948,0.018317358892438795,1,0.1599551153105395
MSFT,2014-11,2014-11-28,Information Technology,47.81,0.02552552552552556,0.05238828967642539,0.17210100514832072,0.27154255319148946,0.1599551153105395,0.1955989464248433,0.1171079498142582,-0.0362830074581737,-1.234337229598873,13.33,-0.018409425625920517,-0.11879328436516257,-0.0356438311143038,-0.028445931813428138,0,0.22704444932157372
MSFT,2014-12,2014-12-31,Information Technology,46.45,-0.04463183874948573,0.011982570806100323,0.10859188544152754,0.24164661855118963,0.22704444932157372,0.2189755958740587,0.05933562323913244,-0.06369683531546055,-0.9437414317662733,19.2,0.29729729729729715,0.19535141117874932,0.008068853447515012,-0.13024757804090425,0,0.4151717288671289
MSFT,2015-01,2015-01-30,Information Technology,40.4,-0.14079115270097842,-0.13341913341913336,-0.06394810009267837,0.09603906673901252,0.4151717288671289,0.29059147635466176,-0.08984753650846256,-0.18564805482765578,2.2494910274037063,20.97,0.25870348139255683,0.28986936400382723,0.12458025251246713,0.08539603960396036,1,0.20409374669135263
MSFT,2015-02,2015-02-27,Information Technology,43.85,0.06457878125758687,-0.07625868969875704,-0.02273233786494311,0.15821447437929215,0.20409374669135263,0.2892891165146537,-0.018725723042216424,-0.11610562386615597,0.10820673430317802,13.34,-0.06713286713286715,-0.2133845001871958,-0.08519536982330109,-0.07286202964652222,0,0.20188284632858083
MSFT,2015-03,2015-03-31,Information Technology,40.655,-0.07349589790337285,-0.14320337197049526,-0.12456933677863902,-0.008172725054891417,0.20188284632858083,0.28194890891425445,-0.09393233866471318,-0.18050796210441444,-0.06619926988526967,15.29,0.12261380323054327,-0.07871304647225941,-0.08006606258567361,0.19640880580494402,1,0.39793314136328034
MSFT,2015-04,2015-04-30,Information Technology,48.64,0.19640880580494402,0.1578195667698168,0.04624650462465052,0.20396039603960392,0.39793314136328034,0.28818630031257053,0.07994351833231317,-0.019552509574682464,1.7412478795239072,14.55,0.16586538461538458,-0.01691297912957679,0.10974684105070981,-0.036595394736842146,0,0.20153122744874563
MSFT,2015-05,2015-05-29,Information Technology,46.86,-0.04484304932735428,0.06864310148232611,-0.012850221192332034,0.16162617749132369,0.20153122744874563,0.2912230484575086,0.03193867826625052,-0.055432372505543226,0.1543678814132224,13.84,0.1428571428571428,-0.0047029815990137225,-0.089691821008763,-0.057831839521980344,0,0.15108797250893902
MSFT,2015-06,2015-06-30,Information Technology,44.15,-0.06521278848189704,0.08596728569671619,-0.06954689146469972,0.05875299760191832,0.15108797250893902,0.28087315550393865,-0.029018918736141153,-0.11005845595646035,0.32346554380832054,18.23,0.5053674649050373,0.3267677876228874,-0.12978518299499964,0.05775764439411102,1,0.19977300700569506
MSFT,2015-07,2015-07-31,Information Technology,46.7,0.0507368657891778,-0.04018086527592224,0.15594059405940608,0.08202038924930499,0.19977300700569506,0.1874242799004782,0.02815085857201516,-0.0586575287240475,0.09651402255094951,12.12,-0.11790393013100442,-0.13751270755676048,0.012348727105216867,-0.06809421841541752,0,0.368382713525841
MSFT,2015-08,2015-08-31,Information Technology,43.52,-0.06809421841541752,-0.07246376811594202,0.005545286506469571,-0.04204270305965219,0.368382713525841,0.2567262631198559,-0.04003741030680419,-0.1227575085668211,0.26027971341178957,28.43,-0.30216003927344137,0.7715848507927716,0.1116564504059851,0.01700367647058809,1,0.28278420497447787
MSFT,2015-09,2015-09-30,Information Technology,44.26,0.01700367647058809,-0.004162447969400462,0.08693516699410608,-0.04529767040552202,0.28278420497447787,0.2895605734437272,-0.013174213435077964,-0.10784116105623864,0.25887417996414247,24.5,0.10709444193402629,0.2655996326604242,-0.006776368469249339,0.1893357433348397,1,0.38555034599374044
MSFT,2015-10,2015-10-30,Information Technology,52.64,0.18000448329970853,0.12454603717154455,0.09121061359867322,0.14310532030401735,0.38555034599374044,0.35104393299373515,0.168305712579927,-0.029677419354838697,0.8702008823419914,15.07,0.04218533886583664,-0.2563678801929946,0.03450641300000529,0.03248480243161089,1,0.16577862608388447
MSFT,2015-11,2015-11-30,Information Technology,54.35,0.018553223388305895,0.2488511029411764,0.15835464620630857,0.1367914662204559,0.16577862608388447,0.29068159745065414,0.1790834714083107,-0.010378732702112203,1.513284738775417,16.13,0.04266321913380722,-0.15703158051912514,-0.12490297136676967,0.020791168353265777,1,0.23272477595111118
MSFT,2015-12,2015-12-31,Information Technology,55.48,0.004708438971387174,0.24366733916162286,0.24954954954954944,0.1944025834230354,0.23272477595111118,0.2775629154324359,0.16893083808316844,-0.018921308576481,-0.4903329735368539,18.21,0.16955684007707128,0.07460799190692957,-0.0448381394813247,-0.007029560201874396,0,0.362794793285498
MSFT,2016-01,2016-01-29,Information Technology,55.09,-0.025817860300618833,0.020563171545016745,0.17512798634812277,0.31135443941918606,0.362794793285498,0.2636852008268056,0.1361626719312239,-0.025817860300618833,2.1197029939884606,20.2,-0.09579230080572965,0.0595464082325905,0.09910959245869244,-0.07642040297694686,0,0.3355394446765048
MSFT,2016-02,2016-02-29,Information Technology,50.88,-0.022572279319949984,-0.05233749301545898,0.15899772209567198,0.1603192702394527,0.3355394446765048,0.2878907988775301,0.03845211854028907,-0.10026525198938985,-0.4892931317233434,20.55,0.06037151702786381,-0.025692547355112505,0.04764864579897471,0.08549528301886777,1,0.203017341122463
MSFT,2016-03,2016-03-31,Information Technology,55.23,0.05039939140357541,-0.023342175066312976,0.27140883977900554,0.3585044889927438,0.203017341122463,0.2888467449537257,0.11112675857989829,-0.023342175066312976,-0.8704245223248037,13.95,-0.0662650602409639,-0.316155186902798,-0.0858294038312627,-0.09704870541372446,0,0.2883680026917454
MSFT,2016-04,2016-04-29,Information Technology,49.87,-0.09704870541372446,-0.09475403884552558,-0.07613931085587256,0.025287828947368363,0.2883680026917454,0.26280766962243596,-0.015083812674352659,-0.11812555260831126,1.135525942648782,15.7,0.18759455370650513,-0.10027016455477444,0.025560333069309438,0.06276318427912586,1,0.20815596917316198
MSFT,2016-05,2016-05-31,Information Technology,53.0,0.06276318427912586,0.007987828071510217,-0.017244576302614445,0.12216811348719037,0.20815596917316198,0.23920350942693389,0.03728552164697474,-0.06277630415561442,0.9800125947633462,14.19,-0.10303413400758543,-0.05219465648854971,-0.031047540253771905,-0.034528301886792456,0,0.26490294627619027
MSFT,2016-06,2016-06-30,Information Technology,51.17,-0.03178807947019868,-0.07917941335252832,-0.0912804120049725,0.15131060861739232,0.26490294627619027,0.25644666239484487,-0.013499080396836671,-0.09513704686118474,-0.03874246340337024,15.63,-0.0939130434782608,-0.005524359699442427,0.008456283881345394,0.10768028141489139,1,0.21129332920600166
MSFT,2016-07,2016-07-29,Information Technology,56.68,0.1214879303521963,0.13655504311209143,0.028861862406970307,0.20904436860068243,0.21129332920600166,0.22980812848445636,0.07404221129904531,-0.0014094432699083281,0.12654746049059257,11.87,-0.012479201331114798,-0.22596571854428027,-0.018514799278454702,0.013761467889908285,1,0.08143546456591927
MSFT,2016-08,2016-08-31,Information Technology,57.46,0.015553199010251095,0.0948932926829269,0.09761222540592174,0.3739837398373984,0.08143546456591927,0.2015449084636762,0.07493891967329036,-0.0144082332761577,-0.6006291653598106,13.42,-0.0022304832713754275,-0.07252322915409681,-0.12010944389775693,0.002436477549599747,1,0.15868888429544464
MSFT,2016-09,2016-09-30,Information Technology,57.6,0.002436477549599747,0.1258795934323691,0.03914847555475376,0.29119031607262946,0.15868888429544464,0.16054252911730124,0.07182681809321823,-0.012006861063464713,0.6516441383326645,13.29,0.08136696501220508,0.0060922855082912175,-0.0018536448218565982,0.04027777777777786,1,0.18843064690054562
MSFT,2016-10,2016-10-31,Information Technology,59.92,0.04027777777777786,0.059031459879816284,0.20369626355966242,0.13829787234042556,0.18843064690054562,0.14784268947852588,0.10622746802311234,-0.017704918032786843,0.4132109599423276,17.06,0.31029185867895537,0.2435553292914332,0.04058795742201973,0.0056742323097462855,1,0.19377788379344113
MSFT,2016-11,2016-11-30,Information Technology,60.26,0.0056742323097462855,0.048729550991994275,0.14824695121951215,0.09127127852227446,0.19377788379344113,0.17847907982869848,0.09453486355095375,-0.014070680628272214,0.7940146422729859,13.33,0.07413376309427888,-0.09198148909024073,0.015298803964742647,0.031198141387321687,1,0.16882771912587957
MSFT,2016-12,2016-12-30,Information Technology,62.14,0.031198141387321687,0.07881944444444433,0.2146207974980454,0.1200432588320115,0.16882771912587957,0.18132608619711987,0.10808461315560702,-0.023263124803520885,0.004838142318518758,14.04,0.22834645669291342,-0.004109573617663287,-0.012498367071240302,0.040392661731573964,1,0.13225448607540113
MSFT,2017-01,2017-01-31,Information Technology,64.65,0.027821939586645472,0.07983965258059134,0.1426299045599153,0.18168524949734977,0.13225448607540113,0.16218869820751847,0.13554728461048016,-0.01717847370021275,0.07274687396342308,11.99,0.08310749774164417,-0.09113113787585259,-0.029934212132117333,-0.010363495746326556,0,0.10356767911057692
MSFT,2017-02,2017-02-28,Information Technology,63.98,-0.02736394040741874,0.05699653064596055,0.10253317249698424,0.25746855345911945,0.10356767911057692,0.1355637178669765,0.10118207541324442,-0.02736394040741874,0.015290265232147014,12.92,0.11668107173725151,0.08160255132549343,-0.03199603875639957,0.02938418255704911,1,0.07927249921127072
MSFT,2017-03,2017-03-31,Information Technology,65.86,0.028901734104046062,0.04705882352941182,0.14738675958188163,0.18517185531761737,0.07927249921127072,0.11212713484819521,0.10417022931734587,0.0,-0.19179170115231362,12.37,-0.04552469135802484,0.054632311148401724,-0.03285463563692449,0.03947767992711815,1,0.09491202236539165
MSFT,2017-04,2017-04-28,Information Technology,68.46,0.04566977241484649,0.0407418668288233,0.12914398812469052,0.371943887775551,0.09491202236539165,0.10321597942607592,0.12084441530183487,0.0,2.135178196990827,10.82,-0.2604237867395762,-0.11032511518030774,-0.008303957060684278,0.020157756354075573,1,0.14270198229576064
MSFT,2017-05,2017-05-31,Information Technology,69.84,0.0061950727560871055,0.0754542654758239,0.15228510146840457,0.3177358490566038,0.14270198229576064,0.11509877805314592,0.11827826138473418,-0.008095440988495906,1.2257496293722439,10.41,-0.028917910447761264,-0.12517507703389497,0.027603204242614726,-0.01302978235967922,0,0.19097310510740656
MSFT,2017-06,2017-06-30,Information Technology,68.93,-0.016690442225392066,0.04661402976009721,0.09586645468998434,0.34707836623021304,0.19097310510740656,0.1493330969731576,0.07901055999599271,-0.049503585217870794,0.026977078474014128,11.18,0.11576846307385225,-0.021559747728725043,0.04164000813424895,0.054693166980995134,1,0.13354943727037683
MSFT,2017-07,2017-07-31,Information Technology,72.7,0.061468827566068196,0.047399510157037916,0.1162290803009367,0.2826393789696542,0.13354943727037683,0.1567828675705393,0.11268584302405671,-0.020479655079493342,-0.06198681369942576,10.26,0.088016967126193,-0.028657299571718253,-0.023233430300162478,0.028473177441540543,1,0.14323619937823887
MSFT,2017-08,2017-08-31,Information Technology,74.77,0.03473567672294475,0.04194537346711247,0.16373540856031132,0.3012530455969369,0.14323619937823887,0.15048261022314594,0.117467054748712,0.0,0.6744965673337048,10.59,-0.13409648405560104,-0.03642455841361081,-0.00724641084490707,-0.0037448174401497614,0,0.1244414570998679
MSFT,2017-09,2017-09-29,Information Technology,74.49,0.006485610052695545,0.08066154069345699,0.13103552991193435,0.2977351916376305,0.1244414570998679,0.1319245468759226,0.0909138838525998,-0.012592788971368063,-0.49289155764597936,9.51,-0.008342022940563076,-0.13105338728625504,-0.007483089776054691,0.11665995435628962,1,0.23099943722118593
MSFT,2017-10,2017-10-31,Information Technology,83.18,0.11486395925479176,0.151120952117354,0.20411117544875523,0.3881842456608813,0.23099943722118593,0.17232534897019258,0.1892677096230888,-0.008463464060078585,1.2435301788788315,10.18,-0.08781362007168458,-0.06590541662418625,0.05867408825099335,0.011901899495070811,1,0.12952952818469982
MSFT,2017-11,2017-11-30,Information Technology,84.17,0.011901899495070811,0.12571887120502878,0.17293756967670015,0.3967806173249253,0.12952952818469982,0.16932173100813055,0.16851979625523894,-0.008364750235626661,1.7299731011793877,11.28,0.1417004048582995,0.08848622237198822,-0.03979220282343074,0.016276583105619524,1,0.199566515201689
MSFT,2017-12,2017-12-29,Information Technology,85.54,0.026397888168946615,0.14834205933682387,0.24096909908602937,0.35993640699523066,0.199566515201689,0.19060089277812547,0.15509055456229714,-0.015083477259642875,-0.14011367716189915,11.04,0.14760914760914767,0.07101940252540806,0.008965622423563524,0.11070844049567441,1,0.1643813074957627
MSFT,2018-01,2018-01-31,Information Technology,95.01,0.11070844049567441,0.13255453570151388,0.3090383025626895,0.46960556844547563,0.1643813074957627,0.16784645314755933,0.23942522812807776,0.0,2.325205068485547,13.54,0.18047079337401906,0.27481954179307455,-0.0034651456517966195,-0.05683612251341974,0,0.28897540292709545
NEE,2014-02,2014-02-28,Utilities,91.39,0.029514475611129853,0.07353459415012331,0.1271583621114949,0.27160150271323213,0.14505322243061733,0.13503467904728686,0.08984904416100759,-0.020996250669523264,0.2187215346207754,14.0,-0.0463215258855586,-0.03891207462052271,0.01001854338333047,0.04628515154830959,1,0.14566955125186618
NEE,2014-03,2014-03-31,Utilities,95.62,0.04628515154830959,0.12892561983471085,0.1942050705632572,0.23412493546721724,0.14566955125186618,0.14472445318022717,0.11932807538666412,0.0,-0.694391672504809,13.88,-0.08018555334658706,-0.06159855769230771,0.0009450980716390056,0.044237607195147355,1,0.16339376864815008
NEE,2014-04,2014-04-30,Utilities,99.85,0.044237607195147355,0.12481694266080878,0.17249882573978392,0.21723759600146275,0.16339376864815008,0.14924799248122084,0.14675079617925824,0.0,2.756560329625759,13.41,0.010550113036925435,-0.10063234542667343,0.014145776166929247,-0.02493740610916373,0,0.15851764827104203
NEE,2014-05,2014-05-30,Utilities,97.36,-0.02493740610916373,0.06532443374548635,0.14366263361917064,0.28595958261788423,0.15851764827104203,0.15551984061609622,0.1030757186250526,-0.02610783234970493,0.15435848510044944,11.4,-0.052369077306733125,-0.1761021440616719,0.002997807654945811,0.0525883319638456,1,0.12070859926072001
NEE,2014-06,2014-06-30,Utilities,102.48,0.0525883319638456,0.0717423133235724,0.20991735537190093,0.25773195876288657,0.12070859926072001,0.1486586761570653,0.13731073952942774,0.0,1.7700055712556126,11.57,0.05373406193078312,-0.0917122528068186,-0.02795007689634528,-0.08382123341139736,0,0.17147809371804462
NEE,2014-07,2014-07-31,Utilities,93.89,-0.0745194677180877,-0.06081824547364212,0.032211961301671144,0.08405495901166149,0.17147809371804462,0.1556354813716564,0.019572667764172325,-0.08382123341139736,0.9635551420355332,16.95,0.4315878378378377,0.4020771513353114,0.01584261234638823,0.04856747257428906,1,0.13358045226066992
NEE,2014-08,2014-08-29,Utilities,98.45,0.04856747257428906,0.013068532619880502,0.09049623393885686,0.2220705064548163,0.13358045226066992,0.1497147033146927,0.05634180624255625,-0.03932474629195937,-0.6091075655938019,11.98,0.04446381865736693,-0.038106647634584045,-0.016134251054022775,-0.04641950228542413,0,0.12794579625467284
NEE,2014-09,2014-09-30,Utilities,93.88,-0.04641950228542413,-0.07461803844258263,-0.010331014126080618,0.17115768463073855,0.12794579625467284,0.14885190980129978,-0.0038781692494602726,-0.08391881342701024,0.22370849300226575,16.31,0.09243134628265226,0.24473652331920048,-0.020906113546626942,0.06753302087771629,1,0.17172264484116656
NEE,2014-10,2014-10-31,Utilities,100.22,0.06878532579716334,0.06560340244550766,0.02317508933129142,0.18253687315634215,0.17172264484116656,0.1490579549731522,0.04990176158681625,-0.022053083528493445,1.1531156748826847,14.03,-0.1291123525760397,-0.06893282630908115,0.02266468986801437,0.04160846138495322,1,0.18227027597000034
NEE,2014-11,2014-11-28,Utilities,104.39,0.05872210953346868,0.060335195530726304,0.07419222062152708,0.22898516599952923,0.18227027597000034,0.16334827414120962,0.07914821825279073,-0.011551936369662008,-2.057596740098975,13.33,-0.018409425625920517,-0.11879328436516257,0.018922001828790724,0.018200977105086835,1,0.21946987733779658
NEE,2014-12,2014-12-31,Utilities,106.29,0.01412079000095412,0.12726694241170855,0.06609829488465402,0.24141555711282403,0.21946987733779658,0.18921677236238416,0.0832604212475585,-0.03809954751131217,-0.8732071203436913,19.2,0.29729729729729715,0.19535141117874932,0.03025310497541242,0.02775425722081093,1,0.15489658713276436
NEE,2015-01,2015-01-30,Utilities,109.24,0.013076138365946344,0.1079107505070993,0.1634891894770476,0.2009674582233949,0.15489658713276436,0.1823329540458808,0.09841436787127922,-0.021672935697653606,-0.0870461012093787,20.97,0.25870348139255683,0.28986936400382723,-0.027436366913116433,-0.05291102160380812,0,0.26355977743223397
NEE,2015-02,2015-02-27,Utilities,103.46,-0.058770014556040806,0.0059309674282936875,0.06780885540303427,0.14219474497681595,0.26355977743223397,0.20809916353102384,0.0319134134281398,-0.07343722013254528,-0.6489500723711707,13.34,-0.06713286713286715,-0.2133845001871958,0.055460613901210126,0.005702687028803499,1,0.2380347037379234
NEE,2015-03,2015-03-31,Utilities,104.05,0.024719322434508584,-0.058371040723981915,0.11164529914529919,0.08816147249529371,0.2380347037379234,0.22338846895321784,0.03104276028131947,-0.06815332258642304,0.17942258850255566,15.29,0.12261380323054327,-0.07871304647225941,0.014646234784705559,-0.029985583853916253,0,0.1393585676518239
NEE,2015-04,2015-04-30,Utilities,100.93,-0.029985583853916253,-0.0960952892710012,0.018157974377080777,0.010816224336504865,0.1393585676518239,0.21840508693478933,-0.004389151363329957,-0.0960952892710012,1.7033570577225203,14.55,0.16586538461538458,-0.01691297912957679,-0.07904651928296544,0.013970078272069753,1,0.15384445115238612
NEE,2015-05,2015-05-29,Utilities,102.34,-0.003505355404089583,-0.010825439783491153,-0.0049586776859503745,0.05996892801657183,0.15384445115238612,0.1807646152036494,0.0045683614954070695,-0.08346766971162456,0.7770111227575024,13.84,0.1428571428571428,-0.0047029815990137225,-0.026920164051263268,-0.04211452022669537,0,0.15028142537592895
NEE,2015-06,2015-06-30,Utilities,98.03,-0.053124698155124106,-0.05785679961556944,-0.11285067873303167,-0.04342310694769713,0.15028142537592895,0.14507136435121787,-0.04064699322639809,-0.12206698907397451,1.1083965852796036,18.23,0.5053674649050373,0.3267677876228874,0.005210061024711082,0.07314087524227286,1,0.14544009760678064
NEE,2015-07,2015-07-31,Utilities,105.2,0.06877984354363509,0.03258735767569698,-0.03698279018674466,0.12046011289807224,0.14544009760678064,0.14884168425642103,0.020190956084755296,-0.057854200250761156,0.8151763788525004,12.12,-0.11790393013100442,-0.13751270755676048,-0.0034015866496403813,-0.06454372623574145,0,0.2373243826539618
NEE,2015-08,2015-08-31,Utilities,98.41,-0.06454372623574145,-0.03727254940324787,-0.03462821267412208,-0.00040629761300159384,0.2373243826539618,0.1840098352263032,-0.05190531770227935,-0.1186638008239298,2.5073179713141207,28.43,-0.30216003927344137,0.7715848507927716,0.05331454742765859,-0.008738949293770948,0,0.19948625818226695
NEE,2015-09,2015-09-30,Utilities,97.55,-0.008738949293770948,-0.008940363710251087,-0.0688239786177931,0.03909245845760556,0.19948625818226695,0.19879770381464112,-0.053863350904673424,-0.12636575317929433,1.1877191825383882,24.5,0.10709444193402629,0.2655996326604242,0.0006885543676258266,0.05238339313172724,1,0.16509968070735612
NEE,2015-10,2015-10-30,Utilities,102.66,0.06328327291558788,-0.046885154581747246,-0.000973141300116831,0.027524772295065558,0.16509968070735612,0.19839412282076857,0.00015490417861330208,-0.08060182697474472,-0.1768057201832904,15.07,0.04218533886583664,-0.2563678801929946,-0.033294442113412454,-0.02727449834404827,0,0.1745980150983697
NEE,2015-11,2015-11-30,Utilities,99.86,-0.018864216938494827,0.014734274972055816,-0.02308745842300919,-0.04339496120318043,0.1745980150983697,0.17997954960797596,-0.019510137996142207,-0.10567795092244314,0.24032646354012674,16.13,0.04266321913380722,-0.15703158051912514,-0.005381534509606267,0.040356499098738174,1,0.23729638112844104
NEE,2015-12,2015-12-31,Utilities,103.89,0.033011832554439735,0.07602278612118085,0.03661943723807615,-0.02257973468811747,0.23729638112844104,0.19326804632759034,0.021934356775983543,-0.0695862439548629,-0.7483836912149366,18.21,0.16955684007707128,0.07460799190692957,0.044028334800850694,0.07527192222543078,1,0.18788853882889198
NEE,2016-01,2016-01-29,Utilities,111.71,0.06746297181079774,0.08508984944147646,0.06502049766421969,0.00044778792763744413,0.18788853882889198,0.2009483827204875,0.09733696132650937,0.0,2.3109134451062143,20.2,-0.09579230080572965,0.0595464082325905,-0.013059843891595535,0.009936442574523419,1,0.2121329127608702
NEE,2016-02,2016-02-29,Utilities,112.82,0.041735918744228995,0.14097896440129443,0.10326618423626033,0.09046974676203368,0.2121329127608702,0.20068138808899458,0.09576907069905549,-0.028418877023768663,0.08065068046911232,20.55,0.06037151702786381,-0.025692547355112505,0.01145152467187563,0.04892749512497785,1,0.1290351758563269
NEE,2016-03,2016-03-31,Utilities,118.34,0.050976909413854354,0.13081700907787863,0.22264696766194847,0.13733781835655945,0.1290351758563269,0.16714421829404838,0.13081214653162032,-0.005629779010167257,-0.62900971270729,13.95,-0.0662650602409639,-0.316155186902798,-0.03810904243772148,-0.006422173398681785,0,0.16681475010804098
NEE,2016-04,2016-04-29,Utilities,117.58,-0.006422173398681785,0.052546772894100924,0.1421078193297718,0.16496581789358955,0.16681475010804098,0.15971768600002556,0.10568986424313898,-0.012015796991849514,0.29643899019567,15.7,0.18759455370650513,-0.10027016455477444,0.007097064108015416,0.021602313318591637,1,0.12844246598808876
NEE,2016-05,2016-05-31,Utilities,120.12,0.021602313318591637,0.06678507992895222,0.2088155378886989,0.16024340770791068,0.12844246598808876,0.1413161025609366,0.11381508091896242,-0.011195258478761905,2.0483725347154778,14.19,-0.10303413400758543,-0.05219465648854971,-0.012873636572847846,0.08558108558108568,1,0.1668081875935195
NEE,2016-06,2016-06-30,Utilities,130.4,0.08531002913025376,0.09847527588240257,0.24297016490325052,0.3247993497917301,0.1668081875935195,0.1551283824473039,0.18089842462354344,0.0,1.9572028345018353,15.63,-0.0939130434782608,-0.005524359699442427,0.01167980514621561,-0.01618098159509218,0,0.15948982596821906
NEE,2016-07,2016-07-29,Utilities,128.29,0.004227005870841349,0.09108691954414017,0.14842001611315014,0.22309085708837828,0.15948982596821906,0.1472054540157581,0.13114152803298285,-0.019864007945603168,0.9063426085504291,11.87,-0.012479201331114798,-0.22596571854428027,0.01228437195246096,-0.05729207264790703,0,0.1397559174571213
NEE,2016-08,2016-08-31,Utilities,120.94,-0.05241714330486558,0.009431600033386056,0.08349758107865957,0.26837965390665963,0.1397559174571213,0.1541872450216975,0.04206382748647974,-0.07601803040721211,0.3293433204230458,13.42,-0.0022304832713754275,-0.07252322915409681,-0.014431327564576213,0.011410616834794052,1,0.22387922362499532
NEE,2016-09,2016-09-30,Utilities,122.32,0.011410616834794052,-0.05711863100285208,0.03032345013477089,0.26690833764888655,0.22387922362499532,0.17147132706021406,0.03053221276715834,-0.06547482618993039,1.6510607719563382,13.29,0.08136696501220508,0.0060922855082912175,0.05240789656478126,0.04643557880967952,1,0.18463000558480966
NEE,2016-10,2016-10-31,Utilities,128.0,0.04643557880967952,0.002899004936143479,0.08089849687552775,0.24683421001363737,0.18463000558480966,0.18564341004472718,0.060431330443658116,-0.022079608831843456,1.4636649517472478,17.06,0.31029185867895537,0.2435553292914332,-0.0010134044599175163,-0.10757812499999997,0,0.2713058916288116
NEE,2016-11,2016-11-30,Utilities,114.23,-0.10757812499999997,-0.05548205721845534,-0.04657374175778317,0.13582579298001396,0.2713058916288116,0.23144526621175424,-0.05931511090907893,-0.1272824509129803,0.8214830212401878,13.33,0.07413376309427888,-0.09198148909024073,0.039860625417057344,0.04578482009979856,1,0.17476594899756884
NEE,2016-12,2016-12-30,Utilities,119.46,0.04578482009979856,-0.023381294964028743,-0.07916441840746158,0.14987005486572325,0.17476594899756884,0.21856403685835007,-0.018503501295269897,-0.08732523493009392,-0.8770821064406756,14.04,0.22834645669291342,-0.004109573617663287,-0.04379808786078124,0.03566047212456058,1,0.1100143989497379
NEE,2017-01,2017-01-31,Utilities,123.72,0.029455816275586466,-0.015986638033882117,-0.03719844357976654,0.09506107275623998,0.1100143989497379,0.2039974494683639,0.014726326538144319,-0.05477882191152872,-0.01745986007237731,11.99,0.08310749774164417,-0.09113113787585259,-0.093983050518626,0.05884254768832853,1,0.12175466369705276
NEE,2017-02,2017-02-28,Utilities,131.0,0.07934415423910357,0.14151272220285804,0.07712547278408155,0.16114164155291633,0.12175466369705276,0.1480862972128508,0.06696769816379744,0.0,0.5141092505202757,12.92,0.11668107173725151,0.08160255132549343,-0.026331633515798036,-0.020076335877862506,0,0.1319725054778578
NEE,2017-03,2017-03-31,Utilities,128.37,-0.01962731021842057,0.0681477783325013,0.037752627324171506,0.08137477887288358,0.1319725054778578,0.1257155113635688,0.03626733872953336,-0.03335843373493985,0.9957991895628306,12.37,-0.04552469135802484,0.054632311148401724,0.006256994114289011,0.04043000701098376,1,0.11405118469270993
NEE,2017-04,2017-04-28,Utilities,133.56,0.023056300268096352,0.10043668122270732,0.05832012678288434,0.14673306430840571,0.11405118469270993,0.12273281668415703,0.07502648126028255,0.0,-0.12824863464253794,10.82,-0.2604237867395762,-0.11032511518030774,-0.0086816319914471,0.0589997005091345,1,0.06860547208161796
NEE,2017-05,2017-05-31,Utilities,141.44,0.06313890559230306,0.09296035855034379,0.21616509028374886,0.17748917748917736,0.06860547208161796,0.10456362961785103,0.12942108385775875,0.0,2.2060989361162995,10.41,-0.028917910447761264,-0.12517507703389497,-0.03595815753623306,-0.009261877828054321,0,0.11137979114909878
NEE,2017-06,2017-06-30,Utilities,140.13,-0.012473572938689337,0.09161018929656461,0.1660009985022466,0.0746165644171779,0.11137979114909878,0.09363029660478779,0.10151238837882048,-0.028426818276364063,0.6882966848702605,11.18,0.11576846307385225,-0.021559747728725043,0.01774949454431099,0.042531934632127344,1,0.09837661949137774
NEE,2017-07,2017-07-31,Utilities,146.09,0.04372365506894327,0.09809079975947088,0.1930583911800734,0.13874814872554375,0.09837661949137774,0.09603081441755276,0.13173665683333757,0.0,-0.07999753898620823,10.26,0.088016967126193,-0.028657299571718253,0.0023458050738249803,0.03025532206174275,1,0.07824427735778203
NEE,2017-08,2017-08-31,Utilities,150.51,0.025691699604742935,0.05465629598486421,0.1506880733944953,0.2445014056556969,0.07824427735778203,0.09679740516832441,0.1398874653654385,-0.0024522799575822374,0.25589411907960713,10.59,-0.13409648405560104,-0.03642455841361081,-0.018553127810542386,-0.026310544149890203,0,0.21523058753568836
NEE,2017-09,2017-09-29,Utilities,146.55,-0.027021643871995682,0.04581460072789567,0.1416218742696893,0.18472109943411485,0.21523058753568836,0.14347869630466167,0.08272323178293228,-0.04899415963659948,-0.4526637110935876,9.51,-0.008342022940563076,-0.13105338728625504,0.07175189123102668,0.05813715455475932,1,0.0879541854474316
NEE,2017-10,2017-10-31,Utilities,155.07,0.05676707100994949,0.05676707100994949,0.16279244151169747,0.21148437499999995,0.0879541854474316,0.14161654580509955,0.11610572883172376,-0.004940965092402494,-0.18038550153937066,10.18,-0.08781362007168458,-0.06590541662418625,-0.05366236035766796,0.01915264074289036,1,0.16095856984923734
NEE,2017-11,2017-11-30,Utilities,158.04,0.01915264074289036,0.05002989834562488,0.1074206432625604,0.3835244681782368,0.16095856984923734,0.1625663762205282,0.10973755380952666,-0.002272727272727315,2.640774096231471,11.28,0.1417004048582995,0.08848622237198822,-0.0016078063712908486,-0.011705897241204744,0,0.12218285485396124
NEE,2017-12,2017-12-29,Utilities,156.19,-0.010014578183431655,0.06577959740702832,0.11460786412616852,0.2996338825095688,0.12218285485396124,0.1267981633990245,0.07656545361494471,-0.01921507064364214,-0.5962853194447212,11.04,0.14760914760914767,0.07101940252540806,-0.004615308545063257,0.014277482553300302,1,0.19793982179115038
NEE,2018-01,2018-01-31,Utilities,158.42,0.014277482553300302,0.019696189495365335,0.07952299829642251,0.28047203362431294,0.19793982179115038,0.1610078216721627,0.07469328638927597,-0.005211930926216746,1.5417931731820498,13.54,0.18047079337401906,0.27481954179307455,0.03693200011898767,-0.06520641333165,0,0.21846144281692378
NKE,2014-02,2014-02-28,Consumer Discretionary,39.15,0.09098509126375931,-0.01633165829145722,0.2356004418494555,0.43775247888358426,0.19614331895501225,0.1714811000952223,0.11262603189670051,-0.019534184823441048,-0.05576599985859739,14.0,-0.0463215258855586,-0.03891207462052271,0.024662218859789947,-0.05670498084291187,0,0.22628170544555862
NKE,2014-03,2014-03-31,Consumer Discretionary,36.93,-0.05670498084291187,-0.05501535312180139,0.002987506789788208,0.26776519052523184,0.22628170544555862,0.19545955243535051,0.028233258320288,-0.0751314800901578,-0.43798734736620176,13.88,-0.08018555334658706,-0.06159855769230771,0.030822153010208103,-0.012320606552937985,0,0.21602388804158393
NKE,2014-04,2014-04-30,Consumer Discretionary,36.475,-0.012320606552937985,0.01644141005991373,-0.033902794331876596,0.1470125786163523,0.21602388804158393,0.21473019028045817,1.5079048484523128e-05,-0.08652642123716503,-0.6159512819987334,13.41,0.010550113036925435,-0.10063234542667343,0.001293697761125756,0.05428375599725821,1,0.15384769116071179
NKE,2014-05,2014-05-30,Consumer Discretionary,38.455,0.05428375599725821,-0.017752234993614335,-0.03379396984924621,0.2323345617689474,0.15384769116071179,0.20097337285199804,0.03949148579298556,-0.03693964437766095,-0.7334863399172251,11.4,-0.052369077306733125,-0.1761021440616719,-0.04712568169128625,0.008321414640488856,1,0.14319355394864233
NKE,2014-06,2014-06-30,Consumer Discretionary,38.775,0.008321414640488856,0.04995938261575961,-0.007804503582395039,0.21780778894472363,0.14319355394864233,0.1724094437487997,0.03172264421666582,-0.02892561983471076,0.7598903849288888,11.57,0.05373406193078312,-0.0917122528068186,-0.02921588980015738,-0.005415860735009659,0,0.1955858287221667
NKE,2014-07,2014-07-31,Consumer Discretionary,38.565,-0.01115384615384618,0.05773450356555121,0.043143088991073775,0.22584233947870302,0.1955858287221667,0.16459982196371942,0.015763228264899176,-0.034184823441021805,0.7813476571983712,16.95,0.4315878378378377,0.4020771513353114,0.030986006758447288,0.01841047582004407,1,0.1524483538254456
NKE,2014-08,2014-08-29,Consumer Discretionary,39.275,0.01841047582004407,0.023852971845672588,0.014989016668820243,0.2373976055450535,0.1524483538254456,0.16316265058090634,0.03136505202123918,-0.01824771903512068,0.11749459881195785,11.98,0.04446381865736693,-0.038106647634584045,-0.010714296755460734,0.13558243157224714,1,0.4473655768336562
NKE,2014-09,2014-09-30,Consumer Discretionary,44.6,0.13558243157224714,0.14358974358974352,0.19908589864229076,0.22797356828193838,0.4473655768336562,0.294389792242433,0.16540447178238282,-0.003351955307262511,1.3864028520984166,16.31,0.09243134628265226,0.24473652331920048,0.15297578459122319,0.04226457399103145,1,0.19055289052676766
NKE,2014-10,2014-10-31,Consumer Discretionary,46.485,0.041097424412094075,0.20489891135303262,0.2685223086369217,0.22716473072861665,0.19055289052676766,0.2897613764896642,0.19320271034256598,-0.00032258064516133,-0.2690849344742438,14.03,-0.1291123525760397,-0.06893282630908115,-0.09920848596289655,0.06797891793051525,1,0.098561094926485
NKE,2014-11,2014-11-28,Consumer Discretionary,49.645,0.07982599238716692,0.26403564608529617,0.29418665276329525,0.2516072103869911,0.098561094926485,0.2873077067120752,0.2389939304396438,0.0,-1.6423085762670047,13.33,-0.018409425625920517,-0.11879328436516257,-0.18874661178559016,-0.03162453419276867,0,0.19048311500003004
NKE,2014-12,2014-12-31,Consumer Discretionary,48.075,-0.015764151909100188,0.09635119726339791,0.2360200539915156,0.22266022380467954,0.19048311500003004,0.1713871926544735,0.16936163070915122,-0.03201449713077609,-0.665420047717723,19.2,0.29729729729729715,0.19535141117874932,0.019095922345556543,-0.040561622464898694,0,0.22678924988033117
NKE,2015-01,2015-01-30,Consumer Discretionary,46.125,-0.0477910817506193,0.0032626427406199365,0.1960326721120187,0.2476332161211794,0.22678924988033117,0.18404773070532787,0.0944650913092353,-0.07127755964965266,0.7890498131917331,20.97,0.25870348139255683,0.28986936400382723,0.042741519175003295,0.05279132791327923,1,0.19661772795202476
NKE,2015-02,2015-02-27,Consumer Discretionary,48.56,0.04083163648054877,-0.0017473532737177777,0.2182639237330659,0.2448090233273521,0.19661772795202476,0.19801542175277637,0.12647239116150666,-0.022249068760696655,0.23471713260956156,13.34,-0.06713286713286715,-0.2133845001871958,-0.0013976938007516093,0.03305189456342661,1,0.20361552737873861
NKE,2015-03,2015-03-31,Consumer Discretionary,50.165,0.016000000000000014,0.031140801644398808,0.12578545780969463,0.35838072028161383,0.20361552737873861,0.20039535640298736,0.13048269458939,-0.016179643067268157,-0.35374620355666186,15.29,0.12261380323054327,-0.07871304647225941,0.003220170975751252,-0.014850991727299867,0,0.11934539982841298
NKE,2015-04,2015-04-30,Consumer Discretionary,49.42,-0.014850991727299867,0.041846737640982345,0.06911844240129805,0.3549006168608635,0.11934539982841298,0.17536495702539992,0.0841404424749641,-0.03079035104922534,-0.08470975690202838,14.55,0.16586538461538458,-0.01691297912957679,-0.05601955719698694,0.02863213273978138,1,0.13415486001530705
NKE,2015-05,2015-05-29,Consumer Discretionary,50.835,0.014974543276430108,0.04684925864909384,0.04502004316990438,0.3311076197957581,0.13415486001530705,0.15554944251235733,0.08507375235728998,-0.03152981520289577,-0.32065515223143437,13.84,0.1428571428571428,-0.0047029815990137225,-0.021394582497050285,0.062456968623979536,1,0.1951320353557468
NKE,2015-06,2015-06-30,Consumer Discretionary,54.01,0.06151729559748409,0.07664706468653448,0.110174717368962,0.39290780141843973,0.1951320353557468,0.1496817193095556,0.12013157035145916,-0.015404247561753737,1.1333151973083453,18.23,0.5053674649050373,0.3267677876228874,0.04545031604619121,0.06665432327346799,1,0.1396390942404444
NKE,2015-07,2015-07-31,Consumer Discretionary,57.61,0.05291053641597365,0.14328239730105174,0.24899728997289983,0.49384156618695707,0.1396390942404444,0.1512902480143812,0.1591333561699304,0.0,-0.40610991977867605,12.12,-0.11790393013100442,-0.13751270755676048,-0.011651153773936801,-0.03011629925360182,0,0.3221194037136802
NKE,2015-08,2015-08-31,Consumer Discretionary,55.875,-0.03011629925360182,0.09440799138184319,0.14065530264366655,0.42266072565245083,0.3221194037136802,0.23125079882150432,0.1000661516289838,-0.04282655246252676,0.35797363867821913,28.43,-0.30216003927344137,0.7715848507927716,0.09086860489217588,0.10040268456375845,1,0.3887753439239777
NKE,2015-09,2015-09-30,Consumer Discretionary,61.485,0.10040268456375845,0.12373206616101617,0.2352586639879457,0.37858744394618826,0.3887753439239777,0.3002258440726177,0.1893495330664221,-0.016240000000000032,0.6022445195079291,24.5,0.10709444193402629,0.2655996326604242,0.08854949985136001,0.06554444173375629,1,0.1720772461512192
NKE,2015-10,2015-10-30,Consumer Discretionary,65.515,0.058144229992731944,0.14107811547505,0.2995140335217694,0.4089247311827957,0.1720772461512192,0.30559556389190096,0.22436488933014087,-0.01636513775242099,-0.27511530446364074,15.07,0.04218533886583664,-0.2563678801929946,-0.13351831774068176,0.009539800045791136,1,0.2788209477452749
NKE,2015-11,2015-11-30,Consumer Discretionary,66.14,0.008846857840146383,0.1837136465324385,0.295465674272843,0.3322590391781648,0.2788209477452749,0.2901570205644601,0.1956741327001239,-0.015260924588699543,0.16667194859632173,16.13,0.04266321913380722,-0.15703158051912514,-0.011336072819185194,-0.05503477472029028,0,0.238289587533839
NKE,2015-12,2015-12-31,Consumer Discretionary,62.5,-0.062335908784037275,0.009448437373819063,0.13770820060070998,0.3000520020800832,0.238289587533839,0.23364769321068682,0.09391429225276782,-0.06945581776222742,-0.5431266952648233,18.21,0.16955684007707128,0.07460799190692957,0.004641894323152179,-0.00784000000000007,0,0.2610651411027079
NKE,2016-01,2016-01-29,Consumer Discretionary,62.01,-0.035014005602240994,-0.05537360042653661,0.07834101382488479,0.3072625698324021,0.2610651411027079,0.25472292162527527,0.06744152719363661,-0.07675128415097165,0.45154101980130384,20.2,-0.09579230080572965,0.0595464082325905,0.006342219477432631,-0.006773101112723667,0,0.35535126395269706
NKE,2016-02,2016-02-29,Consumer Discretionary,61.59,0.0063725490196078205,-0.08163721762469234,0.0937666489078317,0.26832784184514,0.35535126395269706,0.2838401321986044,0.04401863265596706,-0.0830045410556094,-0.5780944754293587,20.55,0.06037151702786381,-0.025692547355112505,0.07151113175409268,-0.00194836824159772,0,0.2717351950279029
NKE,2016-03,2016-03-31,Consumer Discretionary,61.47,-0.023045136681500322,-0.04341736694677878,0.027325144146402636,0.22535632413036977,0.2717351950279029,0.29658826746146016,0.02290937592044373,-0.08479118588550594,-0.6274005920146026,13.95,-0.0662650602409639,-0.316155186902798,-0.024853072433557277,-0.041158288596063186,0,0.17676277773722163
NKE,2016-04,2016-04-29,Consumer Discretionary,58.94,-0.041158288596063186,-0.04950814384776647,-0.10214030009901742,0.19263456090651543,0.17676277773722163,0.27592032794185206,-0.028132865812586783,-0.12245961438249098,-0.42298737610776455,15.7,0.18759455370650513,-0.10027016455477444,-0.09915755020463043,-0.06311503223617232,0,0.20841871653597094
NKE,2016-05,2016-05-31,Consumer Discretionary,55.22,-0.06311503223617232,-0.1223776223776224,-0.17784560410928318,0.08529874213836464,0.20841871653597094,0.21929415690673557,-0.08997460020558812,-0.17784560410928318,1.5427909021064738,14.19,-0.10303413400758543,-0.05219465648854971,-0.010875440370764627,-0.0003621876131835178,0,0.25118465052911354
NKE,2016-06,2016-06-30,Consumer Discretionary,55.2,0.004732435384055433,-0.10375060886507548,-0.1272727272727272,0.008864114045508575,0.25118465052911354,0.21200225823139168,-0.08811125042744772,-0.17814337824759918,1.4642880700309477,15.63,-0.0939130434782608,-0.005524359699442427,0.03918239229772186,0.005434782608695565,1,0.1453875132694962
NKE,2016-07,2016-07-29,Consumer Discretionary,55.5,0.006711409395973034,-0.058364438411944275,-0.10498306724721818,-0.03486653334492662,0.1453875132694962,0.2046577560189352,-0.07752910769639909,-0.173676766172858,-1.254310582674143,11.87,-0.012479201331114798,-0.22596571854428027,-0.05927024274943901,0.03873873873873879,1,0.1972346696897646
NKE,2016-08,2016-08-31,Consumer Discretionary,57.65,0.04970866715222133,0.057216211259856875,-0.0621441353505775,0.06140108625609875,0.1972346696897646,0.20021491997473223,-0.026945918278648007,-0.14166604630387858,-0.4590696070855638,13.42,-0.0022304832713754275,-0.07252322915409681,-0.0029802502849676227,-0.0867302688638335,0,0.22246023327905246
NKE,2016-09,2016-09-30,Consumer Discretionary,52.65,-0.0867302688638335,-0.05322783672001441,-0.12206103051525763,-0.149640636356295,0.22246023327905246,0.19308457496492223,-0.09611445096678417,-0.21610958088290044,1.3090920283458538,13.29,0.08136696501220508,0.0060922855082912175,0.02937565831413022,-0.04691358024691361,0,0.17417105687295004
NKE,2016-10,2016-10-31,Consumer Discretionary,50.18,-0.04691358024691361,-0.08630735615440643,-0.15692204301075274,-0.234068533923529,0.17417105687295004,0.20064093145835554,-0.12206575234136219,-0.25288468696493716,2.1143445852349014,17.06,0.31029185867895537,0.2435553292914332,-0.026469874585405506,-0.0021921084097249466,0,0.15322502285522763
NKE,2016-11,2016-11-30,Consumer Discretionary,50.07,-0.0021921084097249466,-0.13148308759757155,-0.08178984045479554,-0.2488185432450679,0.15322502285522763,0.18455601434551797,-0.10990622638993819,-0.24508104033169997,-0.15440389799101298,13.33,0.07413376309427888,-0.09198148909024073,-0.03133099149029034,0.015178749750349496,1,0.2150734092912105
NKE,2016-12,2016-12-30,Consumer Discretionary,50.83,0.015178749750349496,-0.03456790123456788,-0.08595576335191513,-0.18672,0.2150734092912105,0.1808235256990888,-0.08030795118376666,-0.2167950693374423,-0.4207139636528978,14.04,0.22834645669291342,-0.004109573617663287,0.034249883592121694,0.040723981900452566,1,0.15737550237749703
NKE,2017-01,2017-01-31,Consumer Discretionary,52.9,0.03603603603603589,0.016916570549788457,-0.0452986825482764,-0.16244458518049398,0.15737550237749703,0.1891301960128058,-0.029117304286382928,-0.1848998459167952,1.0251101145766932,11.99,0.08310749774164417,-0.09113113787585259,-0.03175469363530878,0.08052930056710772,1,0.16632498141986188
NKE,2017-02,2017-02-28,Consumer Discretionary,57.16,0.07463808986651621,0.1094720496894408,-0.031186440677966165,-0.0719272609189805,0.16632498141986188,0.18276969528201703,0.05530375061156301,-0.11926040061633292,-0.39503174664478197,12.92,0.11668107173725151,0.08160255132549343,-0.016444713862155153,-0.025017494751574554,0,0.3027338704550983
NKE,2017-03,2017-03-31,Consumer Discretionary,55.73,-0.035813148788927385,0.09146102624363484,0.06844325153374231,-0.09514531579801921,0.3027338704550983,0.21943491820647135,0.02604890164162299,-0.07594097164649316,-1.2378313291833531,12.37,-0.04552469135802484,0.054632311148401724,0.08329895224862696,-0.0057419702135295125,0,0.11214909621586895
NKE,2017-04,2017-04-28,Consumer Discretionary,55.41,-0.022406492589978844,0.04173716864072197,0.06619203386569161,-0.05346771438332765,0.11214909621586895,0.20953717810712774,0.019317548413444463,-0.07987379608103629,-0.8036007638797367,10.82,-0.2604237867395762,-0.11032511518030774,-0.09738808189125879,-0.04367442699873658,0,0.13264648419445815
NKE,2017-05,2017-05-31,Consumer Discretionary,52.99,-0.03637024913620657,-0.08559102674719588,0.03881591844736332,-0.04038391886997461,0.13264648419445815,0.19751307462770804,-0.019270347502924223,-0.1200597808037196,0.07859712256328678,10.41,-0.028917910447761264,-0.12517507703389497,-0.06486659043324988,0.11341762596716354,1,0.43735268518172493
NKE,2017-06,2017-06-30,Consumer Discretionary,59.0,0.12810707456978965,0.05867575811950476,0.1555033294163728,0.06884057971014479,0.43735268518172493,0.273794470732445,0.10180079068212677,-0.02025905014945195,3.750184651079697,11.18,0.11576846307385225,-0.021559747728725043,0.16355821444927993,0.0008474576271186862,1,0.4180847324591248
NKE,2017-07,2017-07-31,Consumer Discretionary,59.05,0.11058867782584159,0.07383160574649916,0.11247174076865107,0.06396396396396398,0.4180847324591248,0.2846275488210465,0.09290932276638397,-0.01942876120890069,-0.9005299628897608,10.26,0.088016967126193,-0.028657299571718253,0.1334571836380783,-0.10567315834038937,0,0.21564827533391345
NKE,2017-08,2017-08-31,Consumer Discretionary,52.81,-0.11674193008864353,-0.0032087580218949086,-0.06860670194003526,-0.0839549002601907,0.21564827533391345,0.3045177315145062,-0.03447267142635135,-0.12188227469238444,-0.10112199371567349,10.59,-0.13409648405560104,-0.03642455841361081,-0.08886945618059272,-0.01817837530770694,0,0.1313889667007248
NKE,2017-09,2017-09-29,Consumer Discretionary,51.85,-0.013508371385083762,-0.12118644067796602,-0.06962138883904534,-0.0059432515337422,0.1313889667007248,0.1817792975490228,-0.055337887509599115,-0.1378450282673761,1.070155456199399,9.51,-0.008342022940563076,-0.13105338728625504,-0.050390330848298,0.06055930568948886,1,0.204952668603213
NKE,2017-10,2017-10-31,Consumer Discretionary,54.99,0.06015037593984962,-0.08028098344204715,0.008435723454979005,0.09585492227979286,0.204952668603213,0.1929619098996065,0.0005026620712198504,-0.0856335217825075,0.233114551642412,10.18,-0.08781362007168458,-0.06590541662418625,0.011990758703606524,0.09874522640480077,1,0.15164837829935132
NKE,2017-11,2017-11-30,Consumer Discretionary,60.42,0.09874522640480077,0.1441014959288014,0.14043035107587776,0.20671060515278605,0.15164837829935132,0.16644626751784364,0.09176120081806216,0.0,0.757564808817969,11.28,0.1417004048582995,0.08848622237198822,-0.014797889218492316,0.03525322740814296,1,0.19766893394086982
NKE,2017-12,2017-12-29,Consumer Discretionary,62.55,0.03628230616302175,0.20636451301832204,0.06016949152542361,0.22502937720329008,0.19766893394086982,0.18416213155604674,0.11917720882840244,-0.03487116185773809,-1.4705380073479373,11.04,0.14760914760914767,0.07101940252540806,0.013506802384823074,0.09064748201438855,1,0.21246424928155563
NKE,2018-01,2018-01-31,Consumer Discretionary,68.22,0.09064748201438855,0.23430432422652414,0.14004010695187152,0.28960302457466924,0.21246424928155563,0.1877409573419394,0.1990419791680076,0.0,0.8295580615670435,13.54,0.18047079337401906,0.27481954179307455,0.024723291939616227,-0.037965406039284666,0,0.26680739297175166
PFE,2014-02,2014-02-28,Health Care,32.11,0.06642311524410505,0.0068987143305110354,0.13824884792626713,0.17318231640482273,0.19673370333870638,0.17657083284962524,0.07819336294923307,-0.0037232392181196783,0.3388574395348483,14.0,-0.0463215258855586,-0.03891207462052271,0.020162870489081136,0.00031142946122697523,1,0.187183038945881
PFE,2014-03,2014-03-31,Health Care,32.12,0.00031142946122697523,0.04830287206266304,0.11218836565096946,0.1137309292649098,0.187183038945881,0.18513698671438628,0.0654424472005597,-0.01923664122137414,-1.0173296704975319,13.88,-0.08018555334658706,-0.06159855769230771,0.0020460522314947327,-0.026151930261519185,0,0.2493268811152579
PFE,2014-04,2014-04-30,Health Care,31.28,-0.026151930261519185,0.03885752241780138,0.017566688353936266,0.07602339181286544,0.2493268811152579,0.2113567253434838,0.028070633842685044,-0.04488549618320603,0.8379340391353641,13.41,0.010550113036925435,-0.10063234542667343,0.037970155771774095,-0.05274936061381086,0,0.13791891127365716
PFE,2014-05,2014-05-30,Health Care,29.63,-0.05274936061381086,-0.07723450638430396,-0.07086861084979623,0.04884955752212394,0.13791891127365716,0.19438406539746572,-0.027240068648026194,-0.09526717557251907,-0.28743294875560105,11.4,-0.052369077306733125,-0.1761021440616719,-0.056465154123808564,0.001687478906513773,1,0.10412464397426502
PFE,2014-06,2014-06-30,Health Care,29.68,0.001687478906513773,-0.07596513075965128,-0.031331592689295085,0.059621563727240146,0.10412464397426502,0.17316013957405274,-0.029726080688345258,-0.0937404580152672,-0.941658818599658,11.57,0.05373406193078312,-0.0917122528068186,-0.06903549559978772,-0.03301886792452835,0,0.1419372292527971
PFE,2014-07,2014-07-31,Health Care,28.7,-0.0458776595744681,-0.0786516853932584,-0.06878650227125249,-0.018132056106739736,0.1419372292527971,0.1317332630675227,-0.06662493038306594,-0.12366412213740463,1.4139729626875819,16.95,0.4315878378378377,0.4020771513353114,0.010203966185274388,0.024041811846689853,1,0.12164732514678923
PFE,2014-08,2014-08-29,Health Care,29.39,0.024041811846689853,-0.010770784247728038,-0.08098811757348345,0.04590747330960854,0.12164732514678923,0.1264929851824583,-0.03758778041021216,-0.10259541984732823,-1.2426511824118112,11.98,0.04446381865736693,-0.038106647634584045,-0.0048456600356690666,0.006124532153793716,1,0.12554536640346461
PFE,2014-09,2014-09-30,Health Care,29.57,0.006124532153793716,-0.016954787234042534,-0.07449139280125194,0.02941688424717137,0.12554536640346461,0.12991253011579995,-0.02552999370565534,-0.09709923664122133,0.6199610511881806,16.31,0.09243134628265226,0.24473652331920048,-0.004367163712335337,0.01285086236050037,1,0.20815177052766126
PFE,2014-10,2014-10-31,Health Care,29.95,0.030626290433585668,0.0417391304347825,-0.00033377837116155273,-0.02395307153332249,0.20815177052766126,0.15717459665398434,-0.006369849379603165,-0.08549618320610686,0.2114472237039715,14.03,-0.1291123525760397,-0.06893282630908115,0.05097717387367692,0.04006677796327218,1,0.10801742228825227
PFE,2014-11,2014-11-28,Health Care,31.15,0.03695073235685742,0.059884314392650406,0.04846852911477617,-0.022898368883312425,0.10801742228825227,0.15386609428535705,0.035186366778327205,-0.04885496183206106,-0.6269762426201537,13.33,-0.018409425625920517,-0.11879328436516257,-0.04584867199710478,0.0,0,0.17333505762872053
PFE,2014-12,2014-12-31,Health Care,31.15,-0.003518873960332791,0.06861063464837058,0.02568324003951261,0.016976820111002322,0.17333505762872053,0.16562646861626296,0.03684200891051703,-0.04885496183206106,-1.3738526291665227,19.2,0.29729729729729715,0.19535141117874932,0.0077085890124575784,0.0032102728731941976,1,0.17416027063889958
PFE,2015-01,2015-01-30,Health Care,31.25,-0.004142766093052863,0.04027962716378175,0.08885017421602792,0.0139519792342635,0.17416027063889958,0.15238532795536058,0.03749248855438303,-0.0558912386706949,1.7105710101842722,20.97,0.25870348139255683,0.28986936400382723,0.021774942683538995,0.0982400000000001,1,0.19165648121582168
PFE,2015-02,2015-02-27,Health Care,34.32,0.0741784037558686,0.12635379061371843,0.1637843336724314,0.06484641638225264,0.19165648121582168,0.17765450882281728,0.12693630609849205,-0.01577287066246047,-0.23145630669487632,13.34,-0.06713286713286715,-0.2133845001871958,0.014001972393004408,0.013694638694638606,1,0.1573178136113377
PFE,2015-03,2015-03-31,Health Care,34.79,0.0005752085130859008,0.10831474992035672,0.16862613369163593,0.08312577833125778,0.1573178136113377,0.17092278500760139,0.122605710155403,-0.007417974322396548,-0.20633888257004915,15.29,0.12261380323054327,-0.07871304647225941,-0.013604971396263682,-0.024719747053751018,0,0.12659105993418998
PFE,2015-04,2015-04-30,Health Care,33.93,-0.024719747053751018,0.06597549481621123,0.1663801993812306,0.0847186700767264,0.12659105993418998,0.16279680559038387,0.07694114435708865,-0.04260722347629786,-0.033254109377104615,14.55,0.16586538461538458,-0.01691297912957679,-0.03620574565619389,0.024167403477748373,1,0.12373269323889868
PFE,2015-05,2015-05-29,Health Care,34.75,0.013414989792942533,0.012529137529137424,0.14046603216278308,0.1739864864864864,0.12373269323889868,0.13594663737421828,0.08700582291032899,-0.019469525959367906,2.2155717201688456,13.84,0.1428571428571428,-0.0047029815990137225,-0.012213944135319593,-0.03510791366906474,0,0.08779628176770143
PFE,2015-06,2015-06-30,Health Care,33.53,-0.02980324074074081,-0.03621730382293753,0.06817457789104808,0.12971698113207553,0.08779628176770143,0.11186397372786384,0.03108793153551548,-0.05389390519187354,1.5143929227743902,18.23,0.5053674649050373,0.3267677876228874,-0.02406769196016241,0.07545481658216535,1,0.16594569789585414
PFE,2015-07,2015-07-31,Health Care,36.06,0.07034728406055213,0.058098591549295975,0.15392000000000006,0.25644599303135895,0.16594569789585414,0.13004195694753712,0.09018186325564104,0.0,1.0741434943627308,12.12,-0.11790393013100442,-0.13751270755676048,0.035903740948317026,-0.10648918469217983,0,0.2759858031880757
PFE,2015-08,2015-08-31,Health Care,32.22,-0.10648918469217983,-0.06581617860249356,-0.06770833333333348,0.09629125552909157,0.2759858031880757,0.19791015736805015,-0.041570610545103026,-0.10871369294605804,1.0816404291570936,28.43,-0.30216003927344137,0.7715848507927716,0.07807564582002555,-0.025139664804469275,0,0.2865597533758522
PFE,2015-09,2015-09-30,Health Care,31.41,-0.025139664804469275,-0.06767586821015126,-0.08505680163122631,0.06222522827189714,0.2865597533758522,0.2510473775185797,-0.06907681227716089,-0.13112033195020745,0.8743753259583091,24.5,0.10709444193402629,0.2655996326604242,0.035512375857272516,0.07672715695638321,1,0.27869398049293287
PFE,2015-10,2015-10-30,Health Care,33.82,0.06218592964824121,-0.0644536652835408,-0.014568764568764547,0.13337801608579092,0.27869398049293287,0.2825400447984306,-0.003993450270352916,-0.0644536652835408,2.0914694227493054,15.07,0.04218533886583664,-0.2563678801929946,-0.0038460643054977206,-0.03104671791839142,0,0.27241323174743676
PFE,2015-11,2015-11-30,Health Care,32.77,-0.05752085130859941,0.017070142768466967,-0.049869527399246105,0.052006420545746446,0.27241323174743676,0.2732272162723202,-0.03612544193516132,-0.09349930843706766,0.8074364219140657,16.13,0.04266321913380722,-0.15703158051912514,-0.0008139845248834598,-0.014952700640830097,0,0.154111930699942
PFE,2015-12,2015-12-31,Health Care,32.28,-0.039857227840571,0.013819095477386911,-0.032664069523523964,0.036276083467094766,0.154111930699942,0.24088123712891854,-0.044950635072323775,-0.10705394190871365,-0.7645020919753183,18.21,0.16955684007707128,0.07460799190692957,-0.08676930642897654,-0.05545229244114014,0,0.16231640308698025
PFE,2016-01,2016-01-29,Health Care,30.49,-0.07127627170271089,-0.1399153737658675,-0.14665547159249925,-0.04209864907320138,0.16231640308698025,0.20988138962562425,-0.08828041133534492,-0.1565698478561549,1.0553173640597202,20.2,-0.09579230080572965,0.0595464082325905,-0.047564986538643994,-0.02689406362741875,0,0.20863131581920508
PFE,2016-02,2016-02-29,Health Care,29.67,-0.017549668874172086,-0.09735320961362937,-0.10793746241731794,-0.1354895104895104,0.20863131581920508,0.18022379185951776,-0.09999271986022129,-0.17925311203319494,-0.008376791744701252,20.55,0.06037151702786381,-0.025692547355112505,0.02840752395968732,-0.0010111223458039165,0,0.20424885444168223
PFE,2016-03,2016-03-31,Health Care,29.64,-0.013315579227696328,-0.09716722509899478,-0.044487427466150864,-0.14803104340327677,0.20424885444168223,0.1916783854250115,-0.08745949523948804,-0.18008298755186714,1.1498941130344775,13.95,-0.0662650602409639,-0.316155186902798,0.012570469016670721,0.10357624831309042,1,0.23073211721251496
PFE,2016-04,2016-04-29,Health Care,32.71,0.10357624831309042,0.07281075762545108,-0.07729196050775744,-0.03595638078396701,0.23073211721251496,0.21587337923967967,0.012245352676678811,-0.09515905947441217,-0.5848373001567856,15.7,0.18759455370650513,-0.10027016455477444,0.014858737972835295,0.060837664322837215,1,0.14608427699479135
PFE,2016-05,2016-05-31,Health Care,34.7,0.060837664322837215,0.1551264980026632,0.0582494663007016,0.004050925925926041,0.14608427699479135,0.19690795699452562,0.07960449762611477,-0.04011065006915615,-0.312962763498668,14.19,-0.10303413400758543,-0.05219465648854971,-0.05082367999973428,0.014697406340057562,1,0.15852468186524282
PFE,2016-06,2016-06-30,Health Care,35.21,0.013237410071942568,0.1721038615179762,0.07511450381679396,0.04511724547343432,0.15852468186524282,0.18006472181878658,0.0890560843778756,-0.026002766251728815,-0.31767930205678674,15.63,-0.0939130434782608,-0.005524359699442427,-0.021540039953543755,0.04771371769383692,1,0.08266160238916201
PFE,2016-07,2016-07-29,Health Care,36.89,0.05369894315909751,0.12778966676857229,0.209904886848147,0.032465715085362445,0.08266160238916201,0.13180972525735737,0.12754147665448134,-0.0008125677139761978,-0.22467529934369201,11.87,-0.012479201331114798,-0.22596571854428027,-0.049148122868195365,-0.056654920032529255,0,0.14447711202321412
PFE,2016-08,2016-08-31,Health Care,34.8,-0.04395604395604402,-0.0020074562661313022,0.16426898628303777,0.10969387755102034,0.14447711202321412,0.14407870525988228,0.05960426216679937,-0.06727418922540884,0.05234262648705687,13.42,-0.0022304832713754275,-0.07252322915409681,0.0003984067633318322,-0.026724137931034453,0,0.17118026966655941
PFE,2016-09,2016-09-30,Health Care,33.87,-0.026724137931034453,-0.04779308405960092,0.1025390625,0.06375628140703515,0.17118026966655941,0.1472455442547939,0.026007642802724495,-0.09220048244438506,1.559524344608556,13.29,0.08136696501220508,0.0060922855082912175,0.02393472541176553,-0.06377325066430461,0,0.10013579379393178
PFE,2016-10,2016-10-31,Health Care,31.71,-0.06377325066430461,-0.12884615384615383,-0.059050445103857596,-0.06238911886457721,0.10013579379393178,0.13989897304720506,-0.04222978330109051,-0.150093808630394,2.5585304705030647,17.06,0.31029185867895537,0.2435553292914332,-0.03976317925327327,0.013560391043834663,1,0.34872731608614416
PFE,2016-11,2016-11-30,Health Care,32.14,0.013560391043834663,-0.07643678160919531,-0.07829079437912234,-0.04402141582391428,0.34872731608614416,0.2293315473186179,-0.034121302824308586,-0.1385687483248459,1.3488048457275084,13.33,0.07413376309427888,-0.09198148909024073,0.11939576876752625,0.010578718108276153,1,0.16709776298989393
PFE,2016-12,2016-12-30,Health Care,32.48,0.010578718108276153,-0.04103926778860345,-0.08687095867303918,0.006195786864931607,0.16709776298989393,0.2287072245532561,-0.031222782967655904,-0.12945590994371492,-0.48351004438985584,14.04,0.22834645669291342,-0.004109573617663287,-0.06160946156336217,-0.023091133004926045,0,0.13937225659637806
PFE,2017-01,2017-01-31,Health Care,31.73,-0.023391812865497075,-0.006263701847792014,-0.14955775931385695,0.05170699370235332,0.13937225659637806,0.23427836612228664,-0.056951453655984974,-0.14955775931385695,0.8691436182019368,11.99,0.08310749774164417,-0.09113113787585259,-0.09490610952590858,0.07532303813425778,1,0.11144166209977024
PFE,2017-02,2017-02-28,Health Care,34.12,0.08593252705283239,0.07668034080151465,-0.02010338885697882,0.14998314796090306,0.11144166209977024,0.14303360583825878,0.014751368070425652,-0.08549986598767101,0.3411723131428793,12.92,0.11668107173725151,0.08160255132549343,-0.03159194373848853,0.002637749120750321,1,0.08559592024177586
PFE,2017-03,2017-03-31,Health Care,34.21,-0.008693132425383832,0.05293936595875648,0.026710684273709484,0.1388149134487351,0.08559592024177586,0.11603813016192899,0.017732221295027717,-0.08308764406325386,-1.0221231035748874,12.37,-0.04552469135802484,0.054632311148401724,-0.030442209920153132,-0.00847705349313066,0,0.048057234295806626
PFE,2017-04,2017-04-28,Health Care,33.92,-0.01194290707835699,0.0795671546785488,0.04691358024691361,0.030689759951382678,0.048057234295806626,0.0915229961901576,0.01254335846781185,-0.09086035915304214,-1.172589599620495,10.82,-0.2604237867395762,-0.11032511518030774,-0.04346576189435097,-0.03744103773584917,0,0.10885894294042728
PFE,2017-05,2017-05-31,Health Care,32.65,-0.03345174659561878,-0.05142359093550275,0.03519340519974623,-0.05907780979827104,0.10885894294042728,0.0839300891406592,-0.014443756886065029,-0.12489949075314943,1.2195422858456073,10.41,-0.028917910447761264,-0.12517507703389497,0.024928853799768072,0.028790199081164092,1,0.144122149936596
PFE,2017-06,2017-06-30,Health Care,33.59,0.02690308774075212,-0.01812335574393442,0.03385657125269326,-0.046009656347628436,0.144122149936596,0.10795323894148123,0.019661650825837818,-0.09970517287590452,-1.4682908261897492,11.18,0.11576846307385225,-0.021559747728725043,0.03616891099511477,-0.012801428996725428,0,0.08456978029286853
PFE,2017-07,2017-07-31,Health Care,33.16,-0.013975617008623376,-0.018354055654233425,0.05908655381667183,-0.10111141230685838,0.08456978029286853,0.11497439457234472,0.007953286411020555,-0.11123023318145286,0.40516631227204286,10.26,0.088016967126193,-0.028657299571718253,-0.03040461427947619,0.02291917973462021,1,0.11239474384567476
PFE,2017-08,2017-08-31,Health Care,33.92,0.03037667071688932,0.04240934234787952,-0.017381228273464666,-0.025287356321838983,0.11239474384567476,0.11544146109077515,0.026041241292110273,-0.02640642939150406,1.4045524518851966,10.59,-0.13409648405560104,-0.03642455841361081,-0.0030467172451003888,0.05247641509433976,1,0.1621106661206639
PFE,2017-09,2017-09-29,Health Care,35.7,0.06726457399103136,0.06281631437927948,0.04355451622332662,0.0714285714285714,0.1621106661206639,0.1223969990027916,0.06891508113424782,-0.008057793831619864,-0.10378982955905672,9.51,-0.008342022940563076,-0.13105338728625504,0.0397136671178723,-0.017927170868347386,0,0.10017182527096469
PFE,2017-10,2017-10-31,Health Care,35.06,-0.028001108954810006,0.06500607533414349,0.0475052285628923,0.10564490696941031,0.10017182527096469,0.12779212912093468,0.03863632323926569,-0.03813443072702338,1.3781383020882476,10.18,-0.08781362007168458,-0.06590541662418625,-0.027620303849969996,0.03422703936109506,1,0.07107242183678192
PFE,2017-11,2017-11-30,Health Care,36.26,0.03422703936109506,0.06898584905660377,0.11432083589428399,0.12818917237087724,0.07107242183678192,0.11789166093979982,0.06244890663869396,-0.005212620027434944,1.3253597074585006,11.28,0.1417004048582995,0.08848622237198822,-0.0468192391030179,-0.0011031439602867676,0,0.1258971448793292
PFE,2017-12,2017-12-29,Health Care,36.22,0.0002761668047499555,0.014565826330532161,0.07829711223578428,0.11480455524776834,0.1258971448793292,0.10375906110107555,0.05454857780061695,-0.02634408602150551,-0.7334027228699576,11.04,0.14760914760914767,0.07101940252540806,0.02213808377825366,0.022639425731640017,1,0.2311091212234976
PFE,2018-01,2018-01-31,Health Care,37.04,0.022639425731640017,0.05376955903271696,0.11970979443772678,0.16734951150330923,0.2311091212234976,0.15534374802056602,0.06908037152274682,-0.050743208610968815,1.8387715928724877,13.54,0.18047079337401906,0.27481954179307455,0.07576537320293159,-0.0556155507559396,0,0.30191868608851113
PG,2014-02,2014-02-28,Consumer Staples,78.66,0.013137557959814528,-0.07065217391304357,0.023552374756018235,0.03255447624048302,0.1462832492656815,0.1460506100945801,-0.014258847280612108,-0.07903055848261331,-0.06148465865889788,14.0,-0.0463215258855586,-0.03891207462052271,0.00023263917110141752,0.0246631070429697,1,0.12994763847632623
PG,2014-03,2014-03-31,Consumer Staples,80.6,0.0246631070429697,-0.017193025240824444,0.04390622976298397,0.03732303732303732,0.12994763847632623,0.13841688295747098,0.00967237321549641,-0.05631659056316596,-0.23680118229191807,13.88,-0.08018555334658706,-0.06159855769230771,-0.00846924448114475,0.024193548387096753,1,0.11149561456309481
PG,2014-04,2014-04-30,Consumer Staples,82.55,0.024193548387096753,0.0632405976300876,0.015375153751537418,0.07528982675524287,0.11149561456309481,0.12796599818321036,0.03040441969227059,-0.0334855403348554,-1.3127191353281966,13.41,0.010550113036925435,-0.10063234542667343,-0.016470383620115547,-0.021320411871592837,0,0.07957236143275019
PG,2014-05,2014-05-30,Consumer Staples,80.79,-0.021320411871592837,0.027078565980168,-0.045486767485822255,0.021494499936780986,0.07957236143275019,0.10850389281541781,0.008412486765288385,-0.054092026694766315,-0.11741866120079794,11.4,-0.052369077306733125,-0.1761021440616719,-0.028931531382667616,-0.027231092957049174,0,0.0638543897350544
PG,2014-06,2014-06-30,Consumer Staples,78.59,-0.027231092957049174,-0.024937965260545814,-0.041702231435190806,0.02078191972983512,0.0638543897350544,0.08762656720433747,-0.02043299005693988,-0.07985013464465507,1.1086118606356898,11.57,0.05373406193078312,-0.0917122528068186,-0.023772177469283062,-0.016159816770581648,0,0.08957475338788551
PG,2014-07,2014-07-31,Consumer Staples,77.32,-0.02472250252270447,-0.060966723342239626,0.005854039287108037,-0.0371108343711084,0.08957475338788551,0.07959727219311794,-0.03919099185636088,-0.09471958787027279,1.733379641864544,16.95,0.4315878378378377,0.4020771513353114,0.009977481194767573,0.07488360062079669,1,0.14141323664408414
PG,2014-08,2014-08-29,Consumer Staples,83.11,0.07488360062079669,0.03422100547536089,0.07266391326794008,0.07502263614021465,0.14141323664408414,0.108497350448859,0.03139480914666404,-0.02692893103852001,-1.26859029820597,11.98,0.04446381865736693,-0.038106647634584045,0.03291588619522515,0.0075803152448561395,1,0.08710852349591225
PG,2014-09,2014-09-30,Consumer Staples,83.74,0.0075803152448561395,0.056256306760847474,0.04232013940751789,0.1078184945098557,0.08710852349591225,0.11156793195831337,0.03950400737856663,-0.01955274558014286,0.4888727524764993,16.31,0.09243134628265226,0.24473652331920048,-0.02445940846240112,0.04215428707905433,1,0.1531533708842934
PG,2014-10,2014-10-31,Consumer Staples,87.27,0.05081276339554486,0.10161575359757635,0.06817625458996313,0.08074303405572758,0.1531533708842934,0.11740495430500798,0.07849922143404431,0.0,0.7063233064158431,14.03,-0.1291123525760397,-0.06893282630908115,0.035748416579285416,0.03620946487911092,1,0.10187565047105736
PG,2014-11,2014-11-28,Consumer Staples,90.43,0.04495031199445343,0.0880760437973771,0.1253111000497762,0.07297104888467021,0.10187565047105736,0.11764206260315659,0.10349523543387518,0.0,-0.03923614943379182,13.33,-0.018409425625920517,-0.11879328436516257,-0.015766412132099228,0.007298462899480329,1,0.12937775769669377
PG,2014-12,2014-12-31,Consumer Staples,91.09,0.011212255772646618,0.09562184267500595,0.14492207139265956,0.11890431150964265,0.12937775769669377,0.12874285217616865,0.09296436437024957,-0.025358442114273405,-0.7512630929835395,19.2,0.29729729729729715,0.19535141117874932,0.0006349055205251142,-0.0746514436271819,0,0.1809400541590316
PG,2015-01,2015-01-30,Consumer Staples,84.29,-0.08777056277056272,-0.025999537785994953,0.09014485256078641,0.09652660335631591,0.1809400541590316,0.14319563120168333,0.00016315391346921615,-0.0981168414294884,2.2837756795379276,20.97,0.25870348139255683,0.28986936400382723,0.037744422957348284,0.009965594969747249,1,0.12153909817588396
PG,2015-02,2015-02-27,Consumer Staples,85.13,-0.0002348796241927742,-0.04132882882882882,0.021846116912735525,0.0887581532165238,0.12153909817588396,0.1466596921700099,0.005862311592820024,-0.08912903916113846,0.202872872185758,13.34,-0.06713286713286715,-0.2133845001871958,-0.025120593994125945,-0.037472101491835996,0,0.17487848787479607
PG,2015-03,2015-03-31,Consumer Staples,81.94,-0.040627561175506366,-0.11550086355785838,-0.029606821411653272,0.016625310173697283,0.17487848787479607,0.15820249643342196,-0.03559722001541821,-0.12326128825165839,0.2235323247792124,15.29,0.12261380323054327,-0.07871304647225941,0.016675991441374105,-0.029655845740785836,0,0.11654563469641452
PG,2015-04,2015-04-30,Consumer Staples,79.51,-0.029655845740785836,-0.07190381697210224,-0.08049034347172423,-0.03682616596002408,0.11654563469641452,0.13802111101399206,-0.06679115710971661,-0.1492617162422426,0.5163068465468669,14.55,0.16586538461538458,-0.01691297912957679,-0.02147547631757754,-0.014086278455540224,0,0.10034878469143262
PG,2015-05,2015-05-29,Consumer Staples,78.39,-0.018284283030682413,-0.07917302948431804,-0.11722972972972967,-0.025000000000000022,0.10034878469143262,0.13264598574986086,-0.08012499691966835,-0.16124545260004275,1.7775449049428507,13.84,0.1428571428571428,-0.0047029815990137225,-0.032297201058428246,-0.0019135093761960542,0,0.12479647801558952
PG,2015-06,2015-06-30,Consumer Staples,78.24,-0.0077362079898541936,-0.04515499145716384,-0.15544041450777213,-0.004453492810790327,0.12479647801558952,0.11328520726102889,-0.07719743540146162,-0.16285041729081962,0.43853735501061775,18.23,0.5053674649050373,0.3267677876228874,0.011511270754560626,-0.01968302658486698,0,0.17897788493460226
PG,2015-07,2015-07-31,Consumer Staples,76.7,-0.03788258906171593,-0.044712915680657606,-0.09004626883378819,-0.008018623900672428,0.17897788493460226,0.14126715787074734,-0.09143353309160152,-0.17932805478279468,1.641698433485196,12.12,-0.11790393013100442,-0.13751270755676048,0.03771072706385492,-0.07861799217731424,0,0.22351164429389114
PG,2015-08,2015-08-31,Consumer Staples,70.67,-0.07861799217731424,-0.10020371785077675,-0.17015030530765607,-0.14968114546985922,0.22351164429389114,0.18360612495137946,-0.14963459075187013,-0.24384763535202214,0.21851065936896685,28.43,-0.30216003927344137,0.7715848507927716,0.039905519342511686,0.01797085043158342,1,0.20568212086069476
PG,2015-09,2015-09-30,Consumer Staples,71.94,0.01797085043158342,-0.09759157049673861,-0.12609329446064133,-0.1409123477430141,0.20568212086069476,0.20262044140633031,-0.11264827741027494,-0.23025893430344535,0.41765823270293806,24.5,0.10709444193402629,0.2655996326604242,0.0030616794543644466,0.061718098415346034,1,0.1514492405020983
PG,2015-10,2015-10-30,Consumer Staples,76.38,0.06157053509381494,-0.0002617801047122281,-0.04940883634100812,-0.12146307798481715,0.1514492405020983,0.19777722290159455,-0.03659318766188435,-0.18275197945645194,-0.1677934417723876,15.07,0.04218533886583664,-0.2563678801929946,-0.04632798239949626,-0.0201623461639171,0,0.133684872096857
PG,2015-11,2015-11-30,Consumer Staples,74.84,-0.028304336535964536,0.05900665062968735,-0.04710975299210596,-0.17239854030742008,0.133684872096857,0.1650204228292969,-0.04226804849317811,-0.199229616948427,0.05731163580529975,16.13,0.04266321913380722,-0.15703158051912514,-0.031335550732439904,0.06106360235168351,1,0.17802196087834235
PG,2015-12,2015-12-31,Consumer Staples,79.41,0.04569396892283373,0.1036831132731062,-0.0065056924809209216,-0.12822483258315953,0.17802196087834235,0.15681707563503142,0.024123849214819026,-0.13326784544859205,-1.244227057032108,18.21,0.16955684007707128,0.07460799190692957,0.021204885243310934,0.02871174914998109,1,0.20630625433917782
PG,2016-01,2016-01-29,Consumer Staples,81.69,0.016550522648083543,0.06770356816102452,0.05556273420338531,-0.046457336290416706,0.20630625433917782,0.1753904810158153,0.06091597997389586,-0.05778546712802779,1.9285750018618653,20.2,-0.09579230080572965,0.0595464082325905,0.03091577332336251,-0.01713796058269057,0,0.18331844229297642
PG,2016-02,2016-02-29,Consumer Staples,80.29,0.005888248559258402,0.057839262187088236,0.12325125909345269,-0.05685422295313036,0.18331844229297642,0.18415117278103493,0.04209524872577308,-0.05994614213792282,0.3820228697480409,20.55,0.06037151702786381,-0.025692547355112505,-0.000832730488058514,0.02515879935234766,1,0.1082685247751148
PG,2016-03,2016-03-31,Consumer Staples,82.31,0.01329558045057233,0.024265803882528747,0.13876591034864427,0.004515499145716362,0.1082685247751148,0.16352245947072547,0.06342707494893451,-0.01543062200956924,-0.9662651596895933,13.95,-0.0662650602409639,-0.316155186902798,-0.05525393469561067,-0.026606730652411592,0,0.14160753453744665
PG,2016-04,2016-04-29,Consumer Staples,80.12,-0.026606730652411592,-0.019218998653445896,0.04718337472225853,0.007671990944535301,0.14160753453744665,0.13991669577339205,0.032669848540896274,-0.04402815893091516,0.30452153176254154,15.7,0.18759455370650513,-0.10027016455477444,0.0016908387640545974,0.011482775836245684,1,0.11125227411019183
PG,2016-05,2016-05-31,Consumer Staples,81.04,0.011482775836245684,-0.002339037301489544,0.07054161162483497,0.02777425491439467,0.11125227411019183,0.12016034986129928,0.04070620083164056,-0.0330509485741558,-0.3709744756787572,14.19,-0.10303413400758543,-0.05219465648854971,-0.008908075751107455,0.04479269496544913,1,0.14597726307379352
PG,2016-06,2016-06-30,Consumer Staples,84.67,0.035212128622080785,0.013647791212737959,0.057449731484950695,0.06209232313095847,0.14597726307379352,0.13106493693422713,0.06903528624502453,0.0,1.8764728519488734,15.63,-0.0939130434782608,-0.005524359699442427,0.01491232613956639,0.01086571394826974,1,0.09038389249521282
PG,2016-07,2016-07-29,Consumer Staples,85.59,0.020021451555237935,0.06827259111332995,0.04774146162320969,0.1059568419692467,0.09038389249521282,0.11649112153261092,0.06280271220199096,-0.006730880816989693,0.40361996516362797,11.87,-0.012479201331114798,-0.22596571854428027,-0.026107229037398094,0.020095805584764648,1,0.07961718382128131
PG,2016-08,2016-08-31,Consumer Staples,87.31,0.006339326878745943,0.06540573520439286,0.05395943988411389,0.26719883889695195,0.07961718382128131,0.10818657081254751,0.06714937524521458,-0.011211778029445063,1.5604762216508803,13.42,-0.0022304832713754275,-0.07252322915409681,-0.028569386991266196,0.0279463978925667,1,0.1778658166465361
PG,2016-09,2016-09-30,Consumer Staples,89.75,0.0279463978925667,0.0586223165841,0.07859632255738491,0.24739402362751917,0.1778658166465361,0.12251253085117178,0.0810595949911106,0.0,2.7925155226211897,13.29,0.08136696501220508,0.0060922855082912175,0.05535328579536433,-0.032869080779944326,0,0.17149317811192957
PG,2016-10,2016-10-31,Consumer Staples,86.8,-0.032869080779944326,0.0004610419548178868,0.07028360049321836,0.13642314742079087,0.17149317811192957,0.1486838796545243,0.033629886669866105,-0.03555555555555556,-0.7286005939657477,17.06,0.31029185867895537,0.2435553292914332,0.022809298457405286,-0.050000000000000044,0,0.18328338350436393
PG,2016-11,2016-11-30,Consumer Staples,82.46,-0.050000000000000044,-0.05554919253235602,0.006223306894447722,0.08585725572820646,0.18328338350436393,0.17660468205843444,-0.023167491355281178,-0.08377777777777784,-0.3739747854831374,13.33,0.07413376309427888,-0.09198148909024073,0.006678701445929497,0.01964588891583796,1,0.10382746728228455
PG,2016-12,2016-12-30,Consumer Staples,84.08,0.01964588891583796,-0.06317548746518109,-0.008256664307619732,0.05880871426772449,0.10382746728228455,0.15591805927998267,-0.006537028886400953,-0.06577777777777782,-0.871528360631946,14.04,0.22834645669291342,-0.004109573617663287,-0.052090591997698124,0.04186489058039955,1,0.15065399756262493
PG,2017-01,2017-01-31,Consumer Staples,87.6,0.03852993479549505,0.008751727314601387,0.013771554218261706,0.07988165680473358,0.15065399756262493,0.1497819278071328,0.0318592430911957,-0.026666666666666727,0.3277477507121141,11.99,0.08310749774164417,-0.09113113787585259,0.0008720697554921442,0.03961187214611872,1,0.14525152025352403
PG,2017-02,2017-02-28,Consumer Staples,91.07,0.05016143911439097,0.09118140426551635,0.03984928065768445,0.13426329555361805,0.14525152025352403,0.13311839706883483,0.06315914816518364,-0.006545216537580556,0.5169622774937018,12.92,0.11668107173725151,0.08160255132549343,0.012133123184689204,-0.013396288569232473,0,0.052611818764802684
PG,2017-03,2017-03-31,Consumer Staples,89.85,-0.011659883401165971,0.06520450503852993,0.018361101666099833,0.0756614390039505,0.052611818764802684,0.12488308643665356,0.03627480831511054,-0.01985382349732745,-0.5497417519829041,12.37,-0.04552469135802484,0.054632311148401724,-0.07227126767185088,-0.02804674457429046,0,0.12066984002690179
PG,2017-04,2017-04-28,Consumer Staples,87.33,-0.03609271523178803,0.007034132841328367,-0.0008009153318078166,0.09490972918756269,0.12066984002690179,0.1159861174200932,0.0014167530039348453,-0.04734373295516525,0.09974660355122708,10.82,-0.2604237867395762,-0.11032511518030774,0.004683722606808591,0.008702622237489965,1,0.06041304389682895
PG,2017-05,2017-05-31,Consumer Staples,88.09,0.011482374555058072,-0.038948287148156124,0.06043096183941277,0.08699407699901274,0.06041304389682895,0.08448308240096805,0.0092746948058271,-0.039053125340896666,1.1212910762430863,10.41,-0.028917910447761264,-0.12517507703389497,-0.0240700385041391,-0.010670904756499011,0,0.09196536511483931
PG,2017-06,2017-06-30,Consumer Staples,87.15,-0.011119936457505863,-0.03005008347245397,0.03319502074688807,0.029290185425770776,0.09196536511483931,0.09348550034679895,-0.002963651933066469,-0.049307297916439397,-0.16198792813317842,11.18,0.11576846307385225,-0.021559747728725043,-0.0015201352319596378,0.04211130235226612,1,0.09578830688606269
PG,2017-07,2017-07-31,Consumer Staples,90.82,0.04402804920105763,0.04282925709036611,0.046916426512968235,0.06110526930716187,0.09578830688606269,0.0845512290792946,0.03946165912135613,-0.00927239009490577,0.8983317965198845,10.26,0.088016967126193,-0.028657299571718253,0.011237077806768081,0.015965646333406802,1,0.060247644315949825
PG,2017-08,2017-08-31,Consumer Staples,92.27,0.013510544815465542,0.04153967716446538,0.019558011049723767,0.0568090711258733,0.060247644315949825,0.08418924264547997,0.04801360702613211,-0.006353650656902854,-0.01964254686896478,10.59,-0.13409648405560104,-0.03642455841361081,-0.023941598329530148,-0.013980708789422258,0,0.1186104871902404
PG,2017-09,2017-09-29,Consumer Staples,90.98,-0.00968760204636987,0.04394721744119323,0.012576516416249461,0.031168536778873435,0.1186104871902404,0.09439782546602668,0.022215605697576857,-0.03622881355932206,0.3847937033969972,9.51,-0.008342022940563076,-0.13105338728625504,0.024212661724213713,-0.051000219828533755,0,0.1536115570297047
PG,2017-10,2017-10-31,Consumer Staples,86.34,-0.05916966328865636,-0.05162565905096661,-0.0010413051023950848,-0.005299539170506851,0.1536115570297047,0.11886371377506537,-0.03698151593430854,-0.08538135593220342,0.30129479566008344,10.18,-0.08781362007168458,-0.06590541662418625,0.034747843254639324,0.04227472782024555,1,0.09528440754002498
PG,2017-11,2017-11-30,Consumer Staples,89.99,0.04227472782024555,-0.02471008995339763,0.01580313805169875,0.09131700218287664,0.09528440754002498,0.127766526369396,0.0028959051110468703,-0.04671610169491536,1.1981651261780284,11.28,0.1417004048582995,0.08848622237198822,-0.03248211882937102,0.02100233359262149,1,0.09059967141776218
PG,2017-12,2017-12-29,Consumer Staples,91.88,0.027970463190870376,0.009892284018465425,0.05427423981640844,0.08927089508002384,0.09059967141776218,0.12033996126910321,0.02358261714300336,-0.026694915254237395,-1.0501228298636052,11.04,0.14760914760914767,0.07101940252540806,-0.02974028985134103,-0.06029603831084018,0,0.15520150187875992
PG,2018-01,2018-01-31,Consumer Staples,86.34,-0.06029603831084018,0.000811406050770902,-0.05225027442371011,-0.014383561643835474,0.15520150187875992,0.1198845646579878,-0.037540276665367966,-0.08538135593220342,1.5230382458731866,13.54,0.18047079337401906,0.27481954179307455,0.035316937220772116,-0.052119527449617786,0,0.20561211172585026
T,2014-02,2014-02-28,Communication Services,31.93,-0.04142900030021024,-0.09495464852607716,-0.049136390708755195,-0.1108326371484265,0.20747350034572998,0.1610804036450516,-0.0786214641954408,-0.18128205128205133,1.3681702792776351,14.0,-0.0463215258855586,-0.03891207462052271,0.04639309670067837,0.09834011901033524,1,0.1343135676390578
T,2014-03,2014-03-31,Communication Services,35.07,0.09834011901033524,-0.003126776577600854,0.03207769276044736,-0.05852348993288592,0.1343135676390578,0.16997404514559888,0.020978680992780108,-0.10076923076923072,0.19309670499324036,13.88,-0.08018555334658706,-0.06159855769230771,-0.03566047750654108,0.017964071856287456,1,0.18055295600214316
T,2014-04,2014-04-30,Communication Services,35.7,0.017964071856287456,0.07175022515761031,0.003654765251616565,-0.04698344901227969,0.18055295600214316,0.17888409433871155,0.03940434270121984,-0.056304520222045906,-0.7804177549738596,13.41,0.010550113036925435,-0.10063234542667343,0.001668861663431609,-0.006442577030812413,0,0.13372568040407362
T,2014-05,2014-05-30,Communication Services,35.47,-0.006442577030812413,0.11086752270591926,0.005385487528344557,-0.0008450704225352323,0.13372568040407362,0.15219601101411165,0.03166111837358776,-0.0345672291780077,-1.452675869854258,11.4,-0.052369077306733125,-0.1761021440616719,-0.018470330610038027,-0.0031012122920778262,0,0.0505376708757387
T,2014-06,2014-06-30,Communication Services,35.36,-0.0031012122920778262,0.008269175933846462,0.0051165434906197405,-0.001129943502824804,0.0505376708757387,0.1310739076416431,0.024368735663617747,-0.03756124115405557,-0.5503529404870032,11.57,0.05373406193078312,-0.0917122528068186,-0.08053623676590439,0.006504524886878027,1,0.14901295016152388
T,2014-07,2014-07-31,Communication Services,35.59,0.0031003382187149153,0.0002810567734683467,0.06716641679160418,0.00907286645874672,0.14901295016152388,0.11733352361418511,0.025162570649154947,-0.03130103429504627,1.3302829977979598,16.95,0.4315878378378377,0.4020771513353114,0.03167942654733877,-0.017701601573475778,0,0.0994647306958117
T,2014-08,2014-08-29,Communication Services,34.96,-0.017701601573475778,-0.013544018058690654,0.09730069052102963,0.0389301634472512,0.0994647306958117,0.10618918914822993,0.008819960553292816,-0.0484485574305934,-1.1534364988359727,11.98,0.04446381865736693,-0.038106647634584045,-0.0067244584524182305,0.008009153318077944,1,0.09110163143935812
T,2014-09,2014-09-30,Communication Services,35.24,0.008009153318077944,-0.006764374295377573,0.004274722143060572,0.041986989946777076,0.09110163143935812,0.11447783937637208,0.016653323813026866,-0.040827436037016884,0.3241338209788082,16.31,0.09243134628265226,0.24473652331920048,-0.023376207937013962,-0.011350737797956811,0,0.15342586870052516
T,2014-10,2014-10-31,Communication Services,34.84,-0.0037174721189590088,-0.017484489565707806,-0.02572706935123026,-0.037569060773480656,0.15342586870052516,0.11620842231190205,0.00487728902335971,-0.05171475231355471,0.6820503575758305,14.03,-0.1291123525760397,-0.06893282630908115,0.03721744638862311,0.015499425947187007,1,0.10544317047660805
T,2014-11,2014-11-28,Communication Services,35.38,0.02848837209302335,0.012013729977116805,-0.0016930022573361514,-0.0008472182999150757,0.10544317047660805,0.11773487826691485,0.014422111993577458,-0.03701687534022857,-1.3811620913184106,13.33,-0.018409425625920517,-0.11879328436516257,-0.012291707790306805,-0.05059355568117574,0,0.19872546014514128
T,2014-12,2014-12-31,Communication Services,33.59,-0.04192812321734163,-0.03918764302059485,-0.05831230726100356,-0.04465301478953332,0.19872546014514128,0.15568794545261888,-0.04003612367787057,-0.08573761567773541,0.19928892817823352,19.2,0.29729729729729715,0.19535141117874932,0.0430375146925224,-0.0199464126228045,0,0.13015639762381104
T,2015-01,2015-01-30,Communication Services,32.92,-0.03403755868544589,-0.04302325581395339,-0.07502107333520658,-0.012893553223388254,0.13015639762381104,0.1479269718375488,-0.05502498787205512,-0.10397387044093631,2.2502861153933136,20.97,0.25870348139255683,0.28986936400382723,-0.01777057421373776,0.049817739975698716,1,0.14202309802820018
T,2015-02,2015-02-27,Communication Services,34.56,0.05752753977968195,-0.0074669730040206606,-0.005467625899280515,0.07229289481849221,0.14202309802820018,0.1600047467672493,-0.004373152645497869,-0.059335873707131226,-0.5453797899966925,13.34,-0.06713286713286715,-0.2133845001871958,-0.017981648739049116,-0.05526620370370383,0,0.1607609237967779
T,2015-03,2015-03-31,Communication Services,32.65,-0.05744803695150125,-0.04280269715625917,-0.07323304002270792,-0.06900484744796131,0.1607609237967779,0.14635397980844006,-0.05284487397615134,-0.11132280892759938,0.36266993113193374,15.29,0.12261380323054327,-0.07871304647225941,0.014406943988337834,0.06094946401225121,1,0.19013199078450496
T,2015-04,2015-04-30,Communication Services,34.64,0.06094946401225121,0.050970873786407855,0.009030002912904234,-0.029691876750700397,0.19013199078450496,0.16743658743347728,0.011695539222916107,-0.05715841045182368,0.5020794680531468,14.55,0.16586538461538458,-0.01691297912957679,0.022695403351027682,-0.0028868360277136684,0,0.1554708509974721
T,2015-05,2015-05-29,Communication Services,34.54,-0.006329113924050556,-0.0005787037037038312,-0.008041355542791506,-0.024018084204577628,0.1554708509974721,0.17069929572262538,0.01253948361658952,-0.05602623667668771,0.28136160154114764,13.84,0.1428571428571428,-0.0047029815990137225,-0.015228444725153278,0.028372900984366067,1,0.15609855917676313
T,2015-06,2015-06-30,Communication Services,35.52,0.03406113537117905,0.08790199081163874,0.041336851363236615,0.00452488687782826,0.15609855917676313,0.16686802459472175,0.04021307968377763,-0.029242962558076013,0.17217793261343392,18.23,0.5053674649050373,0.3267677876228874,-0.010769465417958618,-0.02195945945945954,0,0.1532060722088542
T,2015-07,2015-07-31,Communication Services,34.74,-0.02333427045262859,0.009296920395119201,0.05528554070473879,-0.023883113234054565,0.1532060722088542,0.1532101196926434,0.017945911734068343,-0.03980099502487555,-0.18066861050734778,12.12,-0.11790393013100442,-0.13751270755676048,-4.0474837891824045e-06,-0.04432930339666086,0,0.21739314800022191
T,2015-08,2015-08-31,Communication Services,33.2,-0.04432930339666086,-0.033760186263096514,-0.03516419645451885,-0.05034324942791757,0.21739314800022191,0.17697223988867464,-0.025196612264612006,-0.08236594803758979,-1.1051040032561095,28.43,-0.30216003927344137,0.7715848507927716,0.04042090811154728,-0.01867469879518091,0,0.1743887368920263
T,2015-09,2015-09-30,Communication Services,32.58,-0.01867469879518091,-0.08405960078718022,-0.009425357251444222,-0.07548240635641323,0.1743887368920263,0.18082920831877053,-0.03767340265747465,-0.09950248756218905,0.4379429282160529,24.5,0.10709444193402629,0.2655996326604242,-0.0064404714267442265,0.028545119705340793,1,0.13157636701650002
T,2015-10,2015-10-30,Communication Services,33.51,0.030126037503842573,-0.033179457587997674,-0.02953953084274552,-0.02897710808461318,0.13157636701650002,0.1765614727348669,-0.00993316827295232,-0.07379767827529027,-0.310655671238218,15.07,0.04218533886583664,-0.2563678801929946,-0.04498510571836686,0.004774694121157941,1,0.11605489749766305
T,2015-11,2015-11-30,Communication Services,33.67,0.003576751117734922,0.014156626506024006,-0.020081490104772892,-0.04833239118145849,0.11605489749766305,0.14130767568810707,-0.0033065239463969665,-0.06937534549474844,0.3011919028364312,16.13,0.04266321913380722,-0.15703158051912514,-0.02525277819044401,0.0219780219780219,1,0.19362542817549702
T,2015-12,2015-12-31,Communication Services,34.41,0.018951732306780933,0.0577928066400244,-0.03694374475230899,0.024412027389103752,0.19362542817549702,0.14862964233606638,0.01769054340416143,-0.04892205638474301,-0.21939821648770957,18.21,0.16955684007707128,0.07460799190692957,0.044995785839430646,0.04795117698343532,1,0.18537335432595886
T,2016-01,2016-01-29,Communication Services,36.06,0.03235041511594616,0.07899461400359065,0.03620689655172438,0.09405339805825252,0.18537335432595886,0.16438855458445953,0.0618077527277654,-0.0033167495854061757,1.4649521618312584,20.2,-0.09579230080572965,0.0595464082325905,0.020984799741499333,0.02468108707709371,1,0.13612051793664576
T,2016-02,2016-02-29,Communication Services,36.95,0.039966225724739735,0.10463378176382654,0.10496411483253598,0.06915509259259256,0.13612051793664576,0.166751960475008,0.07850620323493485,-0.011238961734011066,0.1762973495017167,20.55,0.06037151702786381,-0.025692547355112505,-0.030631442538362252,0.06008119079837604,1,0.1047417549692841
T,2016-03,2016-03-31,Communication Services,39.17,0.047606311848087834,0.12138562839965661,0.22139070782662928,0.19969372128637075,0.1047417549692841,0.1426089000482238,0.1293294084066854,-0.007097591888466481,-0.03180720605121101,13.95,-0.0662650602409639,-0.316155186902798,-0.03786714507893969,-0.008935409752361512,0,0.1347056789037063
T,2016-04,2016-04-29,Communication Services,38.82,-0.008935409752361512,0.07653910149750409,0.16157989228007175,0.12066974595842961,0.1347056789037063,0.12418286999563817,0.10818190511941794,-0.0159695817490495,0.2770761365705518,15.7,0.18759455370650513,-0.10027016455477444,0.01052280890806813,0.008500772797527034,1,0.1062980151667192
T,2016-05,2016-05-31,Communication Services,39.15,0.008500772797527034,0.047071409467771996,0.16621983914209104,0.13973799126637543,0.1062980151667192,0.11552836233490003,0.10307169543387484,-0.010113780025284402,1.2579169191730744,14.19,-0.10303413400758543,-0.05219465648854971,-0.00923034716818083,0.10370370370370385,1,0.09664863340254337
T,2016-06,2016-06-30,Communication Services,43.21,0.11567260521559519,0.10653008962868138,0.24381116868163488,0.21478774247961763,0.09664863340254337,0.12095670372102255,0.18964859801248002,0.0,1.5696173342300963,15.63,-0.0939130434782608,-0.005524359699442427,-0.024308070318479175,0.0018514232816477794,1,0.13948892142970706
T,2016-07,2016-07-29,Communication Services,43.29,0.017630465444287813,0.11514683153013916,0.20049916805324441,0.2439655172413795,0.13948892142970706,0.11844266488356818,0.15967730485529485,-0.0041407867494823725,0.7749407117435574,11.87,-0.012479201331114798,-0.22596571854428027,0.021046256546138883,-0.05567105567105557,0,0.11182127384027168
T,2016-08,2016-08-31,Communication Services,40.88,-0.05282669138090812,0.05252317198764156,0.07607265069755198,0.26485148514851486,0.11182127384027168,0.12287003539355719,0.06646074860953144,-0.0595813204508856,-0.14586454061777931,13.42,-0.0022304832713754275,-0.07252322915409681,-0.011048761553285505,-0.006604696673189858,0,0.20392753515405998
T,2016-09,2016-09-30,Communication Services,40.61,-0.006604696673189858,-0.06579250057510921,0.031758130081300795,0.2483861051337226,0.20392753515405998,0.1514928733045618,0.03919832540905177,-0.06579250057510921,0.09188710925922981,13.29,0.08136696501220508,0.0060922855082912175,0.05243466184949819,-0.09406550110810141,0,0.16428620027741947
T,2016-10,2016-10-31,Communication Services,36.79,-0.09406550110810141,-0.14759036144578308,-0.054484708301207885,0.09788122948373634,0.16428620027741947,0.16426783489970234,-0.0691613849987982,-0.15366919714745797,0.9690359108327872,17.06,0.31029185867895537,0.2435553292914332,1.8365377717127762e-05,0.050013590649633066,1,0.18052148159143494
T,2016-11,2016-11-30,Communication Services,38.63,0.050013590649633066,-0.05503913894324852,-0.0054067971163749284,0.14391471720461935,0.18052148159143494,0.1865151669481873,-0.026693491595373375,-0.11134115481941564,0.8949138222246927,13.33,0.07413376309427888,-0.09198148909024073,-0.0059936853567523485,0.10095780481491068,1,0.14151719857758727
T,2016-12,2016-12-30,Communication Services,42.53,0.10095780481491068,0.04727899532134949,-0.02162410858063024,0.23597791339726837,0.14151719857758727,0.17225720562592853,0.061684016076287485,-0.02162410858063024,-0.6762671217115112,14.04,0.22834645669291342,-0.004109573617663287,-0.03074000704834126,-0.008699741359040836,0,0.16871431245808718
T,2017-01,2017-01-31,Communication Services,42.16,-0.011720581340834535,0.15475212270610794,-0.023622047244094557,0.1652846876727474,0.16871431245808718,0.16520006625642897,0.04531344526980785,-0.030135725787899803,0.5349115521144876,11.99,0.08310749774164417,-0.09113113787585259,0.0035142462016582166,-0.008776091081593829,0,0.13236811450166536
T,2017-02,2017-02-28,Communication Services,41.79,-0.005236848369435831,0.06579954093343532,0.027286135693215252,0.13098782138024356,0.13236811450166536,0.15701113988977378,0.029650180108705904,-0.03864734299516903,-0.16178508945736114,12.92,0.11668107173725151,0.08160255132549343,-0.02464302538810842,-0.005743000717875146,0,0.08934290387581663
T,2017-03,2017-03-31,Communication Services,41.55,-0.012360351794628022,-0.026019690576652543,0.02013258040756205,0.06402048655569792,0.08934290387581663,0.13122981647403975,0.015845229683706608,-0.04416839199447897,-0.245419330951202,12.37,-0.04552469135802484,0.054632311148401724,-0.04188691259822312,-0.04620938628158833,0,0.11885276460637932
T,2017-04,2017-04-28,Communication Services,39.63,-0.043908323281061534,-0.056653177814805944,0.08783969256107604,0.025621118012422395,0.11885276460637932,0.11316222328450047,-0.027362933765943676,-0.08833678398895783,1.0851514404342573,10.82,-0.2604237867395762,-0.11032511518030774,0.00569054132187885,-0.02775674993691646,0,0.13779849774537067
T,2017-05,2017-05-31,Communication Services,38.53,-0.014578005115089554,-0.08349191246431964,-0.025543753161355487,-0.015836526181353672,0.13779849774537067,0.11674962977628378,-0.042443868149018904,-0.11364159190246137,0.8725028628964874,10.41,-0.028917910447761264,-0.12517507703389497,0.021048867969086893,-0.020763041785621716,0,0.09793229753246926
T,2017-06,2017-06-30,Communication Services,37.73,-0.029328531000771818,-0.09193742478941036,-0.11556493202062823,-0.1268224947928721,0.09793229753246926,0.12039999548576104,-0.0557821767311496,-0.13204508856682773,0.4373785624734416,11.18,0.11576846307385225,-0.021559747728725043,-0.022467697953291774,0.03366021733368685,1,0.258423099804602
T,2017-07,2017-07-31,Communication Services,39.0,0.036682615629984205,-0.002557544757033292,-0.06743185078909608,-0.09909909909909909,0.258423099804602,0.17758718833827886,-0.016482740533016016,-0.10117538603364828,0.8540088373876441,10.26,0.088016967126193,-0.028657299571718253,0.08083591146632313,-0.0394871794871795,0,0.10404618288899598
T,2017-08,2017-08-31,Communication Services,37.46,-0.02116540371047826,-0.03627476202727031,-0.10830754582242319,-0.08365949119373783,0.10404618288899598,0.17205327968471149,-0.057251937213884885,-0.12924221292422133,0.05693512049081912,10.59,-0.13409648405560104,-0.03642455841361081,-0.06800709679571551,0.0456486919380672,1,0.18740267607397867
T,2017-09,2017-09-29,Communication Services,39.17,0.03981948500132737,0.03816591571693628,-0.057280385078218865,-0.03830100662902025,0.18740267607397867,0.19447094263950912,-0.010485018965493254,-0.08949325894932592,-0.03585420330031747,9.51,-0.008342022940563076,-0.13105338728625504,-0.0070682665655304455,-0.1409241766658158,0,0.2731069967166533
T,2017-10,2017-10-31,Communication Services,33.65,-0.13960623881360268,-0.12072119153383865,-0.12369791666666663,-0.08534927969556949,0.2731069967166533,0.20580964237317328,-0.13667426453177967,-0.2178056717805673,0.8406821182075782,10.18,-0.08781362007168458,-0.06590541662418625,0.06729735434348,0.08112927191679065,1,0.18965610069873626
T,2017-11,2017-11-30,Communication Services,36.38,0.08112927191679065,-0.028830752802989856,-0.06405968613326463,-0.05824488739321765,0.18965610069873626,0.2292491899695144,-0.04845794606535114,-0.15434681543468154,0.9271571878774175,11.28,0.1417004048582995,0.08848622237198822,-0.03959308927077815,0.06871907641561292,1,0.19043700025306234
T,2017-12,2017-12-29,Communication Services,38.88,0.06578947368421062,-0.007403625223385224,0.03047972435727564,-0.08860759493670878,0.19043700025306234,0.23143188227597505,0.027987352265486543,-0.09623430962343094,-0.45508300881287184,11.04,0.14760914760914767,0.07101940252540806,-0.04099488202291271,-0.036779835390946536,0,0.19362181787306362
T,2018-01,2018-01-31,Communication Services,37.45,-0.036779835390946536,0.11657722122838421,-0.036779835390946536,-0.11171726755218203,0.19362181787306362,0.19197942463998716,0.0010551308191943942,-0.12109833372447776,0.7183813113000791,13.54,0.18047079337401906,0.27481954179307455,0.0016423932330764668,-0.013885180240320483,0,0.288336900255135
UNH,2014-02,2014-02-28,Health Care,77.27,0.08433904013471771,0.03690284487385931,0.08009505171931774,0.44565014031805417,0.22614351377388586,0.20323357575932438,0.09291549742011407,0.0,0.8102192386804674,14.0,-0.0463215258855586,-0.03891207462052271,0.02290993801456148,0.061084508865018705,1,0.16132291902133525
UNH,2014-03,2014-03-31,Health Care,81.99,0.061084508865018705,0.09773731423215959,0.13890818169190156,0.3903679837205358,0.16132291902133525,0.20019898593597063,0.13239287223669338,0.0,-0.9041447979828465,13.88,-0.08018555334658706,-0.06159855769230771,-0.03887606691463538,-0.08476643493108904,0,0.1737407363736955
UNH,2014-04,2014-04-30,Health Care,75.04,-0.08476643493108904,0.05304518664047153,0.12100388407529139,0.2521274820624062,0.1737407363736955,0.1947819648295835,0.017786856118249927,-0.08765957446808503,0.855698650269114,13.41,0.010550113036925435,-0.10063234542667343,-0.02104122845588799,0.06116737739872047,1,0.1641103392827198
UNH,2014-05,2014-05-30,Health Care,79.63,0.06116737739872047,0.030542254432509353,0.06857219538378967,0.2315187132694092,0.1641103392827198,0.17214231119607193,0.07192736255119514,-0.03185410334346506,0.48818477748309574,11.4,-0.052369077306733125,-0.1761021440616719,-0.008031971913352115,0.026623131985432646,1,0.11997171158188212
UNH,2014-06,2014-06-30,Health Care,81.75,0.026623131985432646,-0.0029271862422245443,0.09452403266836251,0.2484728161270615,0.11997171158188212,0.15933507565916782,0.08884364804577527,-0.007165411707554137,0.026763939468875647,11.57,0.05373406193078312,-0.0917122528068186,-0.039363364077285704,-0.008562691131498545,0,0.18574655189918612
UNH,2014-07,2014-07-31,Health Care,81.05,-0.010257662718280658,0.0813875917278184,0.11332417582417587,0.112560054907344,0.18574655189918612,0.15780787153035383,0.06221319097099132,-0.058105752469494454,1.3363171789113364,16.95,0.4315878378378377,0.4020771513353114,0.02793868036883229,0.06946329426280085,1,0.1654515213129552
UNH,2014-08,2014-08-29,Health Care,86.68,0.06946329426280085,0.09072606014848383,0.12425421530479919,0.19657647708448378,0.1654515213129552,0.15854131032491195,0.11561866125760667,0.0,-0.1539951003212611,11.98,0.04446381865736693,-0.038106647634584045,0.006910210988043258,-0.004960775265343886,0,0.15157337793019482
UNH,2014-09,2014-09-30,Health Care,86.25,-0.004960775265343886,0.05324215410917077,0.05388563049853379,0.20444072056975293,0.15157337793019482,0.16761983544959408,0.08931292455576556,-0.026084010840108474,-0.4839192167682315,16.31,0.09243134628265226,0.24473652331920048,-0.01604645751939926,0.10156521739130442,1,0.298012717964627
UNH,2014-10,2014-10-31,Health Care,95.01,0.11908127208480557,0.15485596207609098,0.26292702379369937,0.3918839730442425,0.298012717964627,0.21695874624394557,0.17584086978314217,-0.008246346555323525,1.0370601187335282,14.03,-0.1291123525760397,-0.06893282630908115,0.08105397172068146,0.03810125249973684,1,0.17750706093227545
UNH,2014-11,2014-11-28,Health Care,98.63,0.029540709812108545,0.13786340562990285,0.2410972694098401,0.32638515330823026,0.17750706093227545,0.21599229271729603,0.18617884565543807,0.0,-1.5512623857924934,13.33,-0.018409425625920517,-0.11879328436516257,-0.038485231785020585,0.024941701307918507,1,0.227082151619579
UNH,2014-12,2014-12-31,Health Care,101.09,0.020492630728851102,0.19097549481621123,0.22548187659110197,0.34249667994687916,0.227082151619579,0.23252610671121496,0.17782075779465933,-0.01892468944099379,-1.1660934096608955,19.2,0.29729729729729715,0.19535141117874932,-0.005443955091635949,0.05104362449302591,1,0.31639272297623644
UNH,2015-01,2015-01-30,Health Care,106.25,0.03305785123966953,0.10908141962421714,0.31091918568784704,0.4594780219780221,0.31639272297623644,0.2402494498941926,0.20334626529453104,-0.06675450153711016,0.8582441119123789,20.97,0.25870348139255683,0.28986936400382723,0.07614327308204383,0.0694588235294118,1,0.21729326148044162
UNH,2015-02,2015-02-27,Health Care,113.63,0.04766734279918872,0.16067415730337076,0.31546654318129197,0.4947382267824256,0.21729326148044162,0.24240749085007454,0.24102853666647905,-0.023797250859106667,0.0720067345608382,13.34,-0.06713286713286715,-0.2133845001871958,-0.025114229369632923,0.041010296576608374,1,0.24609864639132978
UNH,2015-03,2015-03-31,Health Care,118.29,0.034003496503496544,0.155965992377602,0.36735637498555085,0.4427369191364803,0.24609864639132978,0.25131349845381556,0.23599914110128162,-0.022396694214876,0.43465178036452695,15.29,0.12261380323054327,-0.07871304647225941,-0.005214852062485786,-0.05824668188350668,0,0.24290305347548208
UNH,2015-04,2015-04-30,Health Care,111.4,-0.05824668188350668,0.018374622908858163,0.202504317789292,0.48454157782515983,0.24290305347548208,0.23450820327857516,0.11970377100952256,-0.08388157894736836,1.8741175996345454,14.55,0.16586538461538458,-0.01691297912957679,0.008394850196906917,0.0790843806104129,1,0.1633188337170232
UNH,2015-05,2015-05-29,Health Care,120.21,0.05809347768682338,0.057907242805597114,0.22788559754851878,0.514552097769938,0.1633188337170232,0.21704051393704946,0.16804279228398,-0.011430921052631549,1.6574164928047364,13.84,0.1428571428571428,-0.0047029815990137225,-0.05372168022002627,0.014890608102487324,1,0.23114322798311415
UNH,2015-06,2015-06-30,Health Care,122.0,0.017854163190388794,0.031363597937272836,0.19222124499169357,0.4923547400611621,0.23114322798311415,0.21128810193041536,0.14345645328863244,-0.010141987829614618,0.6791076007794189,18.23,0.5053674649050373,0.3267677876228874,0.01985512605269879,-0.004918032786885185,0,0.20616264323348088
UNH,2015-07,2015-07-31,Health Care,121.4,-0.01604798184470735,0.07243816254416968,0.14258823529411768,0.4978408389882789,0.20616264323348088,0.19469064691453875,0.09760105456496726,-0.035436198951215636,-0.37191927358395555,12.12,-0.11790393013100442,-0.13751270755676048,0.011471996318942135,-0.04695222405271826,0,0.3337496516115166
UNH,2015-08,2015-08-31,Health Care,115.7,-0.04695222405271826,-0.017409766454352438,0.025163919900762055,0.3347946469773879,0.3337496516115166,0.2581019543329543,0.019703995001070673,-0.08072461465119973,0.005391868114228989,28.43,-0.30216003927344137,0.7715848507927716,0.0756476972785623,0.002679343128781264,1,0.29915000224481225
UNH,2015-09,2015-09-30,Health Care,116.01,0.002679343128781264,-0.05973415464418863,-0.012260536398467359,0.34504347826086956,0.29915000224481225,0.28063001731436366,0.0043234127430729075,-0.07826156046400756,0.40286122929888185,24.5,0.10709444193402629,0.2655996326604242,0.018519984930448596,0.01525730540470649,1,0.28456971198467107
UNH,2015-10,2015-10-30,Health Care,117.78,0.010033444816053505,-0.025725866490197702,0.028107541899441424,0.2545803152961228,0.28456971198467107,0.3022491757530841,0.003238506368835381,-0.06419831558874944,0.026309819829247266,15.07,0.04218533886583664,-0.2563678801929946,-0.017679463768413006,-0.04304635761589415,0,0.30111209150439205
UNH,2015-11,2015-11-30,Health Care,112.71,-0.058474647063737395,-0.02584269662921357,-0.042802547770700694,0.14275575382743577,0.30111209150439205,0.28971408182723424,-0.044444642264440004,-0.1044811695534722,0.27796202506824624,16.13,0.04266321913380722,-0.15703158051912514,0.011398009677157817,0.043740573152337925,1,0.20719472776894177
UNH,2015-12,2015-12-31,Health Care,117.64,0.011869946671253961,0.008832861675670989,-0.034233642558082256,0.16371550103867838,0.20719472776894177,0.2699284258631676,-0.005565166378060371,-0.0653106626410297,-1.0092245916137648,18.21,0.16955684007707128,0.07460799190692957,-0.06273369809422585,-0.02108126487589257,0,0.2798924715728067
UNH,2016-01,2016-01-29,Health Care,115.16,-0.03889167083959266,-0.03857071297378534,-0.044790975447909775,0.05274705183289141,0.2798924715728067,0.26935664703086903,-0.022149386295996054,-0.08501509613856673,0.8405518080652858,20.2,-0.09579230080572965,0.0595464082325905,0.010535824541937688,0.03421326849600548,1,0.277191265838203
UNH,2016-02,2016-02-29,Health Care,119.1,0.06931226432034476,0.040992920199283356,0.011293198607455146,0.04813869576696295,0.277191265838203,0.2539286818783202,0.011498040487947891,-0.053710471952963634,0.5903300005646968,20.55,0.06037151702786381,-0.025692547355112505,0.023262583959882843,0.08228379513014294,1,0.13117428472961334
UNH,2016-03,2016-03-31,Health Care,128.9,0.05942302950604095,0.0757803371724255,0.1285239012432149,0.08969481782061028,0.13117428472961334,0.23298224536583395,0.08823987542228395,-0.007163213432950788,-0.3080703341893326,13.95,-0.0662650602409639,-0.316155186902798,-0.1018079606362206,0.021567106283941095,1,0.1670805768794946
UNH,2016-04,2016-04-29,Health Care,131.68,0.021567106283941095,0.143452587704064,0.0993488061445984,0.1820466786355477,0.1670805768794946,0.192412949548213,0.10369382889476819,-0.019070321811680557,0.8478981067930881,15.7,0.18759455370650513,-0.10027016455477444,-0.025332372668718406,0.015112393681652403,1,0.13295681825015337
UNH,2016-05,2016-05-31,Health Care,133.67,0.015112393681652403,0.09862743486479819,0.16905719783103001,0.11521775404638745,0.13295681825015337,0.14304832991686908,0.11030770400045498,-0.0042461263408821726,0.7100210043543553,14.19,-0.10303413400758543,-0.05219465648854971,-0.010091511666715708,0.0563327597815515,1,0.15288859104862385
UNH,2016-06,2016-06-30,Health Care,141.2,0.0495800193265441,0.08682266009852224,0.18735284224688864,0.1444318366023667,0.15288859104862385,0.14933500165824323,0.15044139633602338,0.0,1.5575621708947063,15.63,-0.0939130434782608,-0.005524359699442427,0.0035535893903806126,0.014164305949008416,1,0.10715133955112502
UNH,2016-07,2016-07-29,Health Care,143.2,0.01907201821804705,0.0874848116646414,0.243487321986801,0.18779031187790296,0.10715133955112502,0.13089692129650396,0.1458314579545068,-0.0034101190061939235,0.18511793243772245,11.87,-0.012479201331114798,-0.22596571854428027,-0.02374558174537894,-0.04993016759776525,0,0.09578968467642206
UNH,2016-08,2016-08-31,Health Care,136.05,-0.049731088915275334,7.350779182613287e-05,0.11681168937777064,0.20793749445085696,0.09578968467642206,0.12115162021311403,0.06525290654314286,-0.05317001879045158,-0.04808457717994386,13.42,-0.0022304832713754275,-0.07252322915409681,-0.02536193553669197,0.029033443586916396,1,0.16500071902100866
UNH,2016-09,2016-09-30,Health Care,140.0,0.029033443586916396,-0.006105352832599831,0.08116456869256305,0.20058314038247138,0.16500071902100866,0.1269115462709329,0.07635592014976722,-0.025680283944602977,1.2242841447991668,13.29,0.08136696501220508,0.0060922855082912175,0.038089172750075756,0.009500000000000064,1,0.2782655261759742
UNH,2016-10,2016-10-31,Health Care,141.33,0.009500000000000064,-0.012851854438778898,0.06696361165634901,0.19994905756495163,0.2782655261759742,0.19342087414247605,0.06578365413800902,-0.027791153608034636,0.7367616373618677,17.06,0.31029185867895537,0.2435553292914332,0.08484465203349817,0.1202150994127218,1,0.2483535005779299
UNH,2016-11,2016-11-30,Health Care,158.32,0.1202150994127218,0.16368981991914722,0.16377536018817995,0.36177533115430927,0.2483535005779299,0.2342099451233612,0.1620596906140852,0.0,1.9209117939053248,13.33,0.07413376309427888,-0.09198148909024073,0.01414355545456869,0.010864072764022126,1,0.1496159686846396
UNH,2016-12,2016-12-30,Health Care,160.04,0.010864072764022126,0.14314285714285702,0.13616356666193363,0.36042162529751787,0.1496159686846396,0.2312916177301899,0.1404887768322003,-0.023789191167500334,-0.7555616096172149,14.04,0.22834645669291342,-0.004109573617663287,-0.0816756490455503,0.012871782054486358,1,0.10082132880945216
UNH,2017-01,2017-01-31,Health Care,162.1,0.006582215598609054,0.15496971856074104,0.12953801128841191,0.3987401846578651,0.10082132880945216,0.17797190431502619,0.12848823650217356,-0.0112236183969745,-0.5873917687380105,11.99,0.08310749774164417,-0.09113113787585259,-0.07715057550557403,0.020234423195558238,1,0.1793848819274006
UNH,2017-02,2017-02-28,Health Care,165.38,0.014663476286888688,0.08225901446240425,0.2105109061630801,0.38858102434928643,0.1793848819274006,0.16029786162665333,0.12913153208019157,0.0,0.5726682325464741,12.92,0.11668107173725151,0.08160255132549343,0.01908702030074727,-0.008283952110291426,0,0.11697031159883907
UNH,2017-03,2017-03-31,Health Care,164.01,-0.019723865877712132,0.018442622950819665,0.18572874493927127,0.2623922413793105,0.11697031159883907,0.13814205673455113,0.09145902203914025,-0.04523227383863082,0.010064321730822333,12.37,-0.04552469135802484,0.054632311148401724,-0.02117174513571206,0.06627644655813669,1,0.09212255449784869
UNH,2017-04,2017-04-28,Health Care,174.88,0.06999510523739594,0.07294926069083973,0.22955775856007876,0.3241462860604225,0.09212255449784869,0.13686066343284387,0.14274736383317,0.0,-1.540310841325732,10.82,-0.2604237867395762,-0.11032511518030774,-0.04473810893499518,0.0017154620311070623,1,0.1350283504325769
UNH,2017-05,2017-05-31,Health Care,175.18,0.0033793458960995615,0.04311063475050614,0.15166655709683785,0.3105408842672255,0.1350283504325769,0.11593675604400283,0.1195448709468585,-0.016119067677618726,0.20590538362527885,10.41,-0.028917910447761264,-0.12517507703389497,0.01909159438857408,0.058454161433953544,1,0.114358848875745
UNH,2017-06,2017-06-30,Health Care,185.42,0.03252032520325199,0.13054082068166584,0.151390958768008,0.3131728045325779,0.114358848875745,0.12250492858225423,0.14875589649673437,-0.005790884718498757,-0.6937177268188434,11.18,0.11576846307385225,-0.021559747728725043,-0.008146079706509227,0.03446230180131593,1,0.10695109360626154
UNH,2017-07,2017-07-31,Health Care,191.81,0.03529983267663406,0.09863107852683428,0.18335492627552585,0.3394553072625699,0.10695109360626154,0.12729151237276248,0.15242695493061897,0.0,1.0857720065012337,10.26,0.088016967126193,-0.028657299571718253,-0.020340418766500945,0.03696366195714518,1,0.10978534253021853
UNH,2017-08,2017-08-31,Health Care,198.9,0.030569948186528473,0.10875745582250973,0.18252080856123665,0.46196251378169784,0.10978534253021853,0.10858928958332358,0.15321094454586004,0.0,0.5827634247008766,10.59,-0.13409648405560104,-0.03642455841361081,0.0011960529468949543,-0.015334338863750685,0,0.12434688780012908
UNH,2017-09,2017-09-29,Health Care,195.85,-0.00015315499285273315,0.05625067414518403,0.19413450399365906,0.41591960670908046,0.12434688780012908,0.10908033520187861,0.10928982795104525,-0.019524405506883613,0.19129642633155933,9.51,-0.008342022940563076,-0.13105338728625504,0.015266552598250466,0.07337247893796284,1,0.24226648755077304
UNH,2017-10,2017-10-31,Health Care,210.22,0.06472852512155591,0.08922279792746113,0.21838414280746488,0.4874407415269226,0.24226648755077304,0.16614085012053204,0.1615859942191451,-0.011194731890874832,0.9154745961783433,10.18,-0.08781362007168458,-0.06590541662418625,0.076125637430241,0.08538673770335836,1,0.16672616408280233
UNH,2017-11,2017-11-30,Health Care,228.17,0.08538673770335836,0.1471593765711412,0.27192151178995494,0.4411950480040425,0.16672616408280233,0.18182012000570688,0.22390971486717448,0.0,2.3105675468829685,11.28,0.1417004048582995,0.08848622237198822,-0.01509395592290455,-0.03379059473199797,0,0.1630434000512621
UNH,2017-12,2017-12-29,Health Care,220.46,-0.010857860732232494,0.12565739086035244,0.18897637795275601,0.3689766517635371,0.1630434000512621,0.1888358151392725,0.14838168610935298,-0.03379059473199797,-0.346345630780162,11.04,0.14760914760914767,0.07101940252540806,-0.02579241508801039,0.07402703438265434,1,0.23295594398145883
UNH,2018-01,2018-01-31,Health Care,236.78,0.07402703438265434,0.13080853908973689,0.2317536284659003,0.46070326958667485,0.23295594398145883,0.18489782636686905,0.1884717537186169,-0.04704793335211488,1.4227673475137288,13.54,0.18047079337401906,0.27481954179307455,0.04805811761458978,-0.046287693217332615,0,0.3007322077892549
VZ,2014-02,2014-02-28,Communication Services,47.58,-0.002306563220801028,-0.04935064935064937,0.021907216494845283,0.022566086395873652,0.23783406126955456,0.1861818420069103,-0.027751483225597062,-0.11741791875347796,1.4662606916627743,14.0,-0.0463215258855586,-0.03891207462052271,0.05165221926264427,-0.00021017234131981422,0,0.12957964834248709
VZ,2014-03,2014-03-31,Communication Services,47.57,-0.00021017234131981422,-0.032540166768354695,0.012127659574468153,-0.033522958147094606,0.12957964834248709,0.18321572096016947,-0.020136029507562325,-0.1176034130959005,-0.352986682578166,13.88,-0.08018555334658706,-0.06159855769230771,-0.053636072617682384,-0.017658187933571656,0,0.1370266405572821
VZ,2014-04,2014-04-30,Communication Services,46.73,-0.017658187933571656,-0.020130006290627,-0.0759343484279218,-0.13318493785939534,0.1370266405572821,0.17250656437542955,-0.030865975069011786,-0.1281716417910449,-0.9943245306700215,13.41,0.010550113036925435,-0.10063234542667343,-0.03547992381814746,0.06912047934945442,1,0.1193396309444928
VZ,2014-05,2014-05-30,Communication Services,49.96,0.06912047934945442,0.05002101723413199,-0.0017982017982016707,0.01792991035044822,0.1193396309444928,0.12976387635409506,0.039654949426592756,-0.03084384093113479,-1.4278514549468984,11.4,-0.052369077306733125,-0.1761021440616719,-0.010424245409602254,-0.02061649319455572,0,0.08416434072005288
VZ,2014-06,2014-06-30,Communication Services,48.93,-0.02061649319455572,0.028589447130544343,-0.004881025015253226,-0.028009535160905874,0.08416434072005288,0.11789123107518396,0.013325552009249675,-0.04971839192076133,0.08092603507027131,11.57,0.05373406193078312,-0.0917122528068186,-0.03372689035513107,0.030451665644798842,1,0.15707921693339744
VZ,2014-07,2014-07-31,Communication Services,50.42,0.021267976503949848,0.06776789495976288,0.05857652739869823,0.018997574777688042,0.15707921693339744,0.12443430518254003,0.036811752452454716,-0.029824898980180814,1.7038093025982768,16.95,0.4315878378378377,0.4020771513353114,0.0326449117508574,-0.011900039666798867,0,0.0992815085815098
VZ,2014-08,2014-08-29,Communication Services,49.82,-0.011900039666798867,-0.004595404595404529,0.05305432255337128,0.041823504809703094,0.0992815085815098,0.11807010893501341,0.026620631530359207,-0.04137002116605737,-0.47503669052050573,11.98,0.04446381865736693,-0.038106647634584045,-0.018788600353503604,0.00341228422320361,1,0.11237723934976578
VZ,2014-09,2014-09-30,Communication Services,49.99,0.00341228422320361,0.012558233745189495,0.04691099476439797,0.07102303160149992,0.11237723934976578,0.12378324180333257,0.03061540047417788,-0.038098903213392266,0.08204213789179164,16.31,0.09243134628265226,0.24473652331920048,-0.011406002453566794,0.005201040208041574,1,0.1358734492062997
VZ,2014-10,2014-10-31,Communication Services,50.25,0.019476567255021227,0.0007966540529775745,0.06035028487022576,-0.005147495545436476,0.1358734492062997,0.11430071260625843,0.03436564053478253,-0.033096016932845806,1.0442296534926496,14.03,-0.1291123525760397,-0.06893282630908115,0.021572736600041276,0.006766169154228896,1,0.1171928029467085
VZ,2014-11,2014-11-28,Communication Services,50.59,0.015251856311458978,0.015455640305098495,0.010789210789210912,0.013218505908271672,0.1171928029467085,0.12207943171923095,0.034913764005294334,-0.02655378102751582,-1.2107224249180626,13.33,-0.018409425625920517,-0.11879328436516257,-0.004886628772522453,-0.07531132634908089,0,0.2050279921437066
VZ,2014-12,2014-12-31,Communication Services,46.78,-0.06496102338596843,-0.0536111673073032,-0.05799436165928307,-0.04802604802604804,0.2050279921437066,0.1582614896324925,-0.04423137037771041,-0.09986530690783135,-0.16540600155975077,19.2,0.29729729729729715,0.19535141117874932,0.046766502511214086,-0.02287302265925606,0,0.16501252132732383
VZ,2015-01,2015-01-30,Communication Services,45.71,-0.03422776251848714,-0.08268111579369852,-0.09341531138437131,-0.040310728532437556,0.16501252132732383,0.16545465580307592,-0.06517686685979385,-0.12045410813931112,0.9634644788006874,20.97,0.25870348139255683,0.28986936400382723,-0.0004421344757520873,0.08182017064099756,1,0.16673329440890797
VZ,2015-02,2015-02-27,Communication Services,49.45,0.07383279044516833,0.0022294284556141353,0.0004046125834513692,0.04105263157894745,0.16673329440890797,0.18524929275546168,0.008380056302069505,-0.048489513180681065,0.07414413340924696,13.34,-0.06713286713286715,-0.2133845001871958,-0.018515998346553708,-0.01658240647118303,0,0.1504919517371396
VZ,2015-03,2015-03-31,Communication Services,48.63,-0.016979987871437174,0.022712933753943343,-0.022512562814070325,0.022282951439983156,0.1504919517371396,0.16148159940649537,-0.007461894537468483,-0.06426784683471232,-0.7829238220334057,15.29,0.12261380323054327,-0.07871304647225941,-0.010989647669355757,0.0372198231544314,1,0.09126906653227639
VZ,2015-04,2015-04-30,Communication Services,50.44,0.0372198231544314,0.09390587725005428,0.009607686148919159,0.07939225337042588,0.09126906653227639,0.1404845017231277,0.029465490251304738,-0.029440061573985044,0.03366245865291358,14.55,0.16586538461538458,-0.01691297912957679,-0.04921543519085132,-0.019825535289452856,0,0.07220780930869529
VZ,2015-05,2015-05-29,Communication Services,49.44,-0.020408163265306145,-0.0002022244691608499,0.0020267531414672746,-0.005631536604987941,0.07220780930869529,0.10985910310846621,0.01014950989155805,-0.04868193188377912,0.13044067355959668,13.84,0.1428571428571428,-0.0047029815990137225,-0.03765129379977092,-0.057241100323624616,0,0.13890478499729217
VZ,2015-06,2015-06-30,Communication Services,46.61,-0.05302722470540433,-0.0415381451778738,-0.019768664563617144,-0.047414674024116144,0.13890478499729217,0.10707402244332334,-0.04440120797856306,-0.10313642486049646,0.1305389355782712,18.23,0.5053674649050373,0.3267677876228874,0.03183076255396883,0.003861832224844486,1,0.15131520456198289
VZ,2015-07,2015-07-31,Communication Services,46.79,-0.0044680851063829685,-0.07181114858163062,0.023627215051410966,-0.07199523998413337,0.15131520456198289,0.12631259080292315,-0.03504982001276569,-0.09145631067961169,-0.43214829596407883,12.12,-0.11790393013100442,-0.13751270755676048,0.02500261375905974,-0.01667022868134216,0,0.24050996090478088
VZ,2015-08,2015-08-31,Communication Services,46.01,-0.01667022868134216,-0.06369556369556373,-0.0714429868819374,-0.07647531112003214,0.24050996090478088,0.18137751544913217,-0.04506321967904492,-0.10660194174757287,0.0513785728117722,28.43,-0.30216003927344137,0.7715848507927716,0.05913244545564872,-0.05433601391001952,0,0.1935256928630358
VZ,2015-09,2015-09-30,Communication Services,43.51,-0.05433601391001952,-0.07425531914893624,-0.11058871627146372,-0.12962592518503713,0.1935256928630358,0.19596659885293435,-0.08830511919504325,-0.1551456310679612,0.9698799223823901,24.5,0.10709444193402629,0.2655996326604242,-0.0024409059898985452,0.07745345897494849,1,0.14895964177303384
VZ,2015-10,2015-10-30,Communication Services,46.88,0.09124767225325892,-0.0019161166702149623,-0.07205067300079182,-0.06052104208416831,0.14895964177303384,0.20152098980572214,-0.012975747584548447,-0.08970873786407763,0.07021709934274943,15.07,0.04218533886583664,-0.2563678801929946,-0.052561348032688304,-0.030503412969283272,0,0.13473919107645624
VZ,2015-11,2015-11-30,Communication Services,45.45,-0.020474137931034364,-0.012171267115844264,-0.07509157509157505,-0.10160110693813007,0.13473919107645624,0.1657237863706115,-0.038118648964099444,-0.10089020771513346,1.2050111347607668,16.13,0.04266321913380722,-0.15703158051912514,-0.03098459529415526,0.016941694169416932,1,0.1864007762498246
VZ,2015-12,2015-12-31,Communication Services,46.22,0.014041246160596765,0.07588454376163867,-0.020762711864406813,-0.01197092774690045,0.1864007762498246,0.15836519906517874,-0.014942104937863743,-0.08565776458951535,-0.14391120098060362,18.21,0.16955684007707128,0.07460799190692957,0.02803557718464586,0.08113370835136302,1,0.24631718473036457
VZ,2016-01,2016-01-29,Communication Services,49.97,0.058462190213937726,0.07508605851979344,0.070709235054639,0.08371286055085658,0.24631718473036457,0.190231182607627,0.0714507790907355,-0.011473788328387746,1.69392217644569,20.2,-0.09579230080572965,0.0595464082325905,0.056086002122737566,0.015209125475285079,1,0.16035633021647855
VZ,2016-02,2016-02-29,Communication Services,50.73,0.03509487859620486,0.12934105075690105,0.09828967308941339,0.02588473205257813,0.16035633021647855,0.1920018242978224,0.08620828091962629,-0.0074349442379182396,-0.039779427985517854,20.55,0.06037151702786381,-0.025692547355112505,-0.031645494081343845,0.0660358762073725,1,0.09851832803852403
VZ,2016-03,2016-03-31,Communication Services,54.08,0.05091333074232418,0.14552001694556238,0.24236158970824717,0.11207073822743152,0.09851832803852403,0.17444365321314836,0.14688529874580625,0.0,-0.8922937215537717,13.95,-0.0662650602409639,-0.316155186902798,-0.07592532517462433,-0.058062130177514826,0,0.2065642941845116
VZ,2016-04,2016-04-29,Communication Services,50.94,-0.058062130177514826,0.019411646988192865,0.09595524956970736,0.009912767644726372,0.2065642941845116,0.1606911765760151,0.06923473312686101,-0.0639470782800442,-0.3117425327866798,15.7,0.18759455370650513,-0.10027016455477444,0.04587311760849652,-0.0007852375343541107,0,0.12850479382647872
VZ,2016-05,2016-05-31,Communication Services,50.9,-0.0007852375343541107,-0.01088223863194715,0.1253592748175989,0.034132466477041934,0.12850479382647872,0.15282449501494033,0.059680409548782176,-0.06468210216832049,0.8361227648750479,14.19,-0.10303413400758543,-0.05219465648854971,-0.024319701188461607,0.09705304518664049,1,0.11091938039711116
VZ,2016-06,2016-06-30,Communication Services,55.84,0.10727741423755699,0.03388261433067963,0.19392773145178532,0.1880851063829787,0.11091938039711116,0.16125746590647633,0.14371738874409234,0.0,1.6828668092084509,15.63,-0.0939130434782608,-0.005524359699442427,-0.050338085509365166,-0.0077005730659026606,0,0.1440611231401835
VZ,2016-07,2016-07-29,Communication Services,55.41,0.006356701779876461,0.08775029446407534,0.10886531919151476,0.18727233769016483,0.1440611231401835,0.13072839252158097,0.1086467846542154,-0.019812488943923623,0.7030280128858397,11.87,-0.012479201331114798,-0.22596571854428027,0.013332730618602517,-0.05558563436202846,0,0.09408238129091186
VZ,2016-08,2016-08-31,Communication Services,52.33,-0.030925925925925912,0.03072680716958831,0.00847947581422237,0.16547884187082396,0.09408238129091186,0.12698372466788543,0.02906777236226432,-0.0742968335397135,-0.5849680234991075,13.42,-0.0022304832713754275,-0.07252322915409681,-0.03290134337697358,-0.006688324097076315,0,0.18333335217669527
VZ,2016-09,2016-09-30,Communication Services,51.98,-0.006688324097076315,-0.07558242930819847,-0.044836457184858625,0.20996275605214132,0.18333335217669527,0.14368780037733556,0.00771489306842188,-0.0804882363346896,0.29750491512021654,13.29,0.08136696501220508,0.0060922855082912175,0.03964555179935972,-0.07464409388226234,0,0.15488518000798915
VZ,2016-10,2016-10-31,Communication Services,48.1,-0.07464409388226234,-0.10925925925925928,-0.050907655880031544,0.026023890784983017,0.15488518000798915,0.14811535630190537,-0.07459335496463337,-0.1491243587475677,0.11130657514619162,17.06,0.31029185867895537,0.2435553292914332,0.006769823706083783,0.03742203742203731,1,0.205602175341186
VZ,2016-11,2016-11-30,Communication Services,49.9,0.03742203742203731,-0.046436078731129315,-0.017136103998424357,0.094778411584028,0.205602175341186,0.18308267675532597,-0.038469876070521214,-0.11728285865911914,1.347353249103588,13.33,0.07413376309427888,-0.09198148909024073,0.022519498585860026,0.06973947895791599,1,0.12762161215710768
VZ,2016-12,2016-12-30,Communication Services,53.38,0.06973947895791599,0.026933435936898897,-0.050684687889027136,0.1549112938122026,0.12762161215710768,0.16996356749867234,0.028014255079648054,-0.05572262515478499,-0.20900343619030598,14.04,0.22834645669291342,-0.004109573617663287,-0.04234195534156465,-0.08186586736605483,0,0.20904397301920644
VZ,2017-01,2017-01-31,Communication Services,49.01,-0.08801637513956095,0.016594067620825603,-0.10073394495412846,-0.03447596532702912,0.20904397301920644,0.18856493274652397,-0.05431376483845585,-0.13302671148062983,0.4472052437899349,11.99,0.08310749774164417,-0.09113113787585259,0.020479040272682464,0.012650479493981015,1,0.13372332855022606
VZ,2017-02,2017-02-28,Communication Services,49.63,0.0006048387096775354,-0.020524965462798472,-0.046859996159016704,-0.021683422038241584,0.13372332855022606,0.17089931437720918,-0.038508108652652195,-0.12205908367238627,0.5206289852761967,12.92,0.11668107173725151,0.08160255132549343,-0.037175985826983116,-0.017731210961112298,0,0.09703776557760987
VZ,2017-03,2017-03-31,Communication Services,48.75,-0.024609843937574927,-0.09285448455526613,-0.0646584804297774,-0.09738937233845579,0.09703776557760987,0.15432165424792588,-0.05273313209174968,-0.13762603927118344,0.8328847274472612,12.37,-0.04552469135802484,0.054632311148401724,-0.057283888670316,-0.058256410256410374,0,0.14854867888771917
VZ,2017-04,2017-04-28,Communication Services,45.91,-0.06554040301241615,-0.07439516129032264,-0.036111694310308806,-0.10015680125441018,0.14854867888771917,0.12833441039436877,-0.09644482231984008,-0.18786485052184687,1.6822150184877813,10.82,-0.2604237867395762,-0.11032511518030774,0.020214268493350396,0.01590067523415395,1,0.1474298552103647
VZ,2017-05,2017-05-31,Communication Services,46.64,0.016564952048822912,-0.06364183898815501,-0.08763693270735518,-0.08369351669941061,0.1474298552103647,0.1335044032225297,-0.06380817702536301,-0.17495135326375377,1.3385860937152614,10.41,-0.028917910447761264,-0.12517507703389497,0.013925451987834986,-0.04245283018867929,0,0.13165232777144523
VZ,2017-06,2017-06-30,Communication Services,44.66,-0.03977639217372608,-0.08389743589743592,-0.16896166728693718,-0.20021489971346718,0.13165232777144523,0.1426389194860008,-0.09021461238375605,-0.2099770033610473,-0.2689830595952744,11.18,0.11576846307385225,-0.021559747728725043,-0.010986591714555571,0.08374384236453203,1,0.3020019739581552
VZ,2017-07,2017-07-31,Communication Services,48.4,0.08984462958793071,0.05492589363557099,-0.019647559246505963,-0.12651146002526614,0.3020019739581552,0.2088702539995667,0.00020872124141613213,-0.11420204978038073,2.0728076950843026,10.26,0.088016967126193,-0.028657299571718253,0.09313171995858849,-0.00888429752066111,0,0.10417841777335961
VZ,2017-08,2017-08-31,Communication Services,47.97,-0.004978220286247725,0.032945736434108586,-0.04232381712916755,-0.08331740875214977,0.10417841777335961,0.20336401995343897,-0.009086984273877885,-0.12207174231332363,0.22776953821577897,10.59,-0.13409648405560104,-0.03642455841361081,-0.09918560218007937,0.03168647071086106,1,0.16436254332769268
VZ,2017-09,2017-09-29,Communication Services,49.49,0.028470490440565266,0.1081504702194358,0.01517948717948725,-0.05046047582501911,0.16436254332769268,0.20891306012540042,0.026164180048374286,-0.09425329428989748,-0.10270487714202232,9.51,-0.008342022940563076,-0.13105338728625504,-0.044550516797707745,-0.03273388563346136,0,0.14209901336966732
VZ,2017-10,2017-10-31,Communication Services,47.87,-0.03018638573743926,-0.0070524787388509536,0.03726977248104002,-0.00478170478170481,0.14209901336966732,0.1380469400219334,0.0023661452771321922,-0.1239019033674964,0.6130282103703367,10.18,-0.08781362007168458,-0.06590541662418625,0.004052073347733914,0.06308752872362655,1,0.23831051863586408
VZ,2017-11,2017-11-30,Communication Services,50.89,0.06308752872362655,0.060871377944548666,0.09582256675279943,0.019839679358717444,0.23831051863586408,0.18546045223812174,0.07266239063122448,-0.06863103953147875,2.133165465167252,11.28,0.1417004048582995,0.08848622237198822,0.05285006639774234,0.040086460994301465,1,0.16677276264413465
VZ,2017-12,2017-12-29,Communication Services,52.93,0.06072144288577164,0.06950899171549807,0.1851768920734438,-0.015072571641235655,0.16677276264413465,0.1831891404725836,0.10940172373319035,-0.03129575402635432,-1.0503789979940188,11.04,0.14760914760914767,0.07101940252540806,-0.016416377828448958,0.02153788021915748,1,0.17385465988774035
VZ,2018-01,2018-01-31,Communication Services,54.07,0.02153788021915748,0.130462053104746,0.10595213745142162,0.10324423587023057,0.17385465988774035,0.18968608437958903,0.12432095235619789,-0.011878654970760238,0.25710229193541023,13.54,0.18047079337401906,0.27481954179307455,-0.015831424491848684,-0.056593304975032455,0,0.24285618693282707
WFC,2014-02,2014-02-28,Financials,46.42,0.01820574687431442,0.04761904761904767,0.1253333333333333,0.3232611174458382,0.14752752949480957,0.14288311346697763,0.07680905428931672,-0.005356760231412072,0.12022813611015036,14.0,-0.0463215258855586,-0.03891207462052271,0.0046444160278319435,0.07152089616544588,1,0.15312529386799373
WFC,2014-03,2014-03-31,Financials,49.74,0.07152089616544588,0.09318681318681321,0.19596056744409718,0.34687246141348504,0.15312529386799373,0.14218794351392477,0.13243888723194508,0.0,0.2792480138167031,13.88,-0.08018555334658706,-0.06159855769230771,0.010937350354068953,-0.002010454362685987,0,0.1496950286116122
WFC,2014-04,2014-04-30,Financials,49.64,-0.002010454362685987,0.08883527089273957,0.15900070044361425,0.3070036861506058,0.1496950286116122,0.1494503486102775,0.10970274541889946,-0.003812964077864689,-0.33396503215025186,13.41,0.010550113036925435,-0.10063234542667343,0.00024468000133470724,0.022965350523771244,1,0.11710788194084996
WFC,2014-05,2014-05-30,Financials,50.78,0.022965350523771244,0.09392503231365779,0.14601670051907023,0.23103030303030314,0.11710788194084996,0.14044058294707706,0.1197279841588701,0.0,-0.021439271298528014,11.4,-0.052369077306733125,-0.1761021440616719,-0.0233327010062271,0.03505317053958246,1,0.13203487270015032
WFC,2014-06,2014-06-30,Financials,52.56,0.03505317053958246,0.05669481302774426,0.15516483516483515,0.2735643324448751,0.13203487270015032,0.1319416310978575,0.1327866962219968,-0.007927519818799467,-0.43122450904915205,11.57,0.05373406193078312,-0.0917122528068186,9.324160229282064e-05,-0.03158295281582957,0,0.12182105940251263
WFC,2014-07,2014-07-31,Financials,50.9,-0.03452200303490138,0.025382755842062732,0.10532030401737247,0.1701149425287356,0.12182105940251263,0.12409760380959849,0.07169965459267513,-0.03962264150943395,1.2957740170898988,16.95,0.4315878378378377,0.4020771513353114,-0.0022765444070858565,0.010609037328094262,1,0.10757503810728986
WFC,2014-08,2014-08-29,Financials,51.44,0.010609037328094262,0.006850655705617381,0.11462621885157098,0.24703030303030293,0.10757503810728986,0.12049356439755117,0.06412468297607377,-0.02943396226415096,-1.2720030957734234,11.98,0.04446381865736693,-0.038106647634584045,-0.012918526290261315,0.008359253499222286,1,0.11477732074150837
WFC,2014-09,2014-09-30,Financials,51.87,0.008359253499222286,-0.016122913505311143,0.04219409282700415,0.2553242981606969,0.11477732074150837,0.11412794630096204,0.05436580008923575,-0.02792353823088456,0.7917942399627077,16.31,0.09243134628265226,0.24473652331920048,0.0006493744405463298,0.02352033930981312,1,0.2431310929245975
WFC,2014-10,2014-10-31,Financials,53.09,0.03287937743190672,0.04118454598940979,0.07122679580306701,0.24361677207777022,0.2431310929245975,0.16328350379447687,0.06540426262044496,-0.008404930892790374,1.172224680676725,14.03,-0.1291123525760397,-0.06893282630908115,0.07984758913012063,0.026181955170465177,1,0.11458637953521403
WFC,2014-11,2014-11-28,Financials,54.48,0.04427832087406536,0.059097978227060644,0.0663534938344097,0.23063022362773866,0.11458637953521403,0.15950146873113694,0.07677241027637738,0.0,-0.6840874326873669,13.33,-0.018409425625920517,-0.11879328436516257,-0.04491508919592291,0.006240822320117578,1,0.16892767968915035
WFC,2014-12,2014-12-31,Financials,54.82,0.01858045336306202,0.0694498634412799,0.041017850360805186,0.20748898678414096,0.16892767968915035,0.17436135086994245,0.06563718572256105,-0.015975587865733276,-0.9631122166820862,19.2,0.29729729729729715,0.19535141117874932,-0.0054336711807921045,-0.052900401313389245,0,0.24073314970018617
WFC,2015-01,2015-01-30,Financials,51.92,-0.06315409599422594,-0.004792026068621835,0.020039292730844815,0.12747014115092292,0.24073314970018617,0.1829380736689437,0.0022566217079673656,-0.06803087416980791,0.9816585143951914,20.97,0.25870348139255683,0.28986936400382723,0.057795076031242454,0.05527734976887522,1,0.16238423772989902
WFC,2015-02,2015-02-27,Financials,54.79,0.05042177914110435,0.016889383815887005,0.06719906505648598,0.18979370249728555,0.16238423772989902,0.19114314960002035,0.04778023196886694,-0.01651409082749955,-0.5024829415488729,13.34,-0.06713286713286715,-0.2133845001871958,-0.028758911870121334,-0.007118087242197535,0,0.1919138575318947
WFC,2015-03,2015-03-31,Financials,54.4,-0.02070207020702064,-0.023514629330461334,0.05242793577094207,0.09368717330116594,0.1919138575318947,0.1992724709201412,0.030943464879698013,-0.03151148299804174,-0.5860895953743627,15.29,0.12261380323054327,-0.07871304647225941,-0.007358613388246504,0.012867647058823595,1,0.10133170164246423
WFC,2015-04,2015-04-30,Financials,55.1,0.012867647058823595,0.04435178165276721,0.06411741985322528,0.10999194198227236,0.10133170164246423,0.15620861593358876,0.03945201448064184,-0.019049314580736998,0.46958939928417803,14.55,0.16586538461538458,-0.01691297912957679,-0.054876914291124526,0.015607985480943665,1,0.1332731660697605
WFC,2015-05,2015-05-29,Financials,55.96,0.009015506671474993,0.021354261726592494,0.038604305864884836,0.11318878058484172,0.1332731660697605,0.14704502036115163,0.046071250986066126,-0.007801418439716268,0.7851966103104309,13.84,0.1428571428571428,-0.0047029815990137225,-0.013771854291391133,0.005003573981415377,1,0.1526612107458657
WFC,2015-06,2015-06-30,Financials,56.24,0.0035688793718773315,0.03382352941176481,0.009513552324537766,0.07001522070015209,0.1526612107458657,0.12795400407374918,0.03901574319462231,-0.028837851839060513,0.7416428219187831,18.23,0.5053674649050373,0.3267677876228874,0.02470720667211651,0.028982930298719678,1,0.12206901881943356
WFC,2015-07,2015-07-31,Financials,57.87,0.016868740115972614,0.048559521652473236,0.11459938366718014,0.13693516699410613,0.12206901881943356,0.13556570283805924,0.05717746222604658,-0.011107313738892732,-0.6120105225272156,12.12,-0.11790393013100442,-0.13751270755676048,-0.01349668401862568,-0.07845170209089336,0,0.32348444542246363
WFC,2015-08,2015-08-31,Financials,53.33,-0.07845170209089336,-0.05072979708081171,-0.03823264201983778,0.03674183514774487,0.32348444542246363,0.2184378184186548,-0.033160439528563956,-0.08868762816131248,-0.32709607388569817,28.43,-0.30216003927344137,0.7715848507927716,0.10504662700380882,-0.037127320457528534,0,0.2961228226536865
WFC,2015-09,2015-09-30,Financials,51.35,-0.037127320457528534,-0.0976981198383412,-0.04801631442343335,-0.010025062656641492,0.2961228226536865,0.260229208838215,-0.06508024652022315,-0.12252221462747781,0.7168698022955279,24.5,0.10709444193402629,0.2655996326604242,0.035893613815471515,0.054333008763388424,1,0.18839765697349162
WFC,2015-10,2015-10-30,Financials,54.14,0.05248833592535007,-0.06510101882231045,-0.02853041449847471,0.011206574523720647,0.18839765697349162,0.27424020993583526,-0.012922798675631952,-0.07484620642515383,0.24750453658754126,15.07,0.04218533886583664,-0.2563678801929946,-0.08584255296234364,0.017731806427779828,1,0.14672869328219867
WFC,2015-11,2015-11-30,Financials,55.1,0.00018152114721359247,0.033189574348396755,-0.01922392310430754,0.011380323054331898,0.14672869328219867,0.2148343555195323,0.0009455392980122213,-0.05844155844155852,0.07228768412487703,16.13,0.04266321913380722,-0.15703158051912514,-0.06810566223733364,-0.01343012704174229,0,0.24237561277260314
WFC,2015-12,2015-12-31,Financials,54.36,-0.024232633279483107,0.056765163297045174,-0.04194571730701446,-0.008391098139365227,0.24237561277260314,0.19244524026253326,-0.011800764054707202,-0.0710868079289132,-0.7924492678035415,18.21,0.16955684007707128,0.07460799190692957,0.049930372510069876,-0.07597498160412075,0,0.3114351876978028
WFC,2016-01,2016-01-29,Financials,50.23,-0.09151745342738293,-0.09413886384129855,-0.1361994840928633,-0.047952994692949225,0.3114351876978028,0.2417634574441023,-0.07914022532923526,-0.14166097060833915,1.0461285519118388,20.2,-0.09579230080572965,0.0595464082325905,0.06967173025370052,-0.06589687437786174,0,0.31578671429915495
WFC,2016-02,2016-02-29,Financials,46.92,-0.04088307440719541,-0.15030785947120606,-0.13159355913381454,-0.1436393502463953,0.31578671429915495,0.2829256246919629,-0.1280107047279213,-0.1982228298017772,0.5266712911298274,20.55,0.06037151702786381,-0.025692547355112505,0.03286108960719203,0.03069053708439884,1,0.19845705177272044
WFC,2016-03,2016-03-31,Financials,48.36,-0.00738916256157629,-0.1253391209983722,-0.04971507172332479,-0.11102941176470582,0.19845705177272044,0.28311511910390313,-0.0884458246351475,-0.17361585782638422,-0.6752143696672182,13.95,-0.0662650602409639,-0.316155186902798,-0.0846580673311827,0.03349875930521096,1,0.2055484606163066
WFC,2016-04,2016-04-29,Financials,49.98,0.03349875930521096,-0.004977105315548513,-0.09864743011722288,-0.09292196007259534,0.2055484606163066,0.2491668798460594,-0.04308968305935612,-0.14593301435406714,-0.19582105999921529,15.7,0.18759455370650513,-0.10027016455477444,-0.04361841922975279,0.014805922368947622,1,0.18995273576531838
WFC,2016-05,2016-05-31,Financials,50.72,0.014805922368947622,0.0410509031198687,-0.08431124751760244,-0.09493219129193431,0.18995273576531838,0.19527564525357438,-0.012066732243204537,-0.13328776486671234,0.5812863065527784,14.19,-0.10303413400758543,-0.05219465648854971,-0.005322909488256006,-0.06683753943217663,0,0.2560483961449595
WFC,2016-06,2016-06-30,Financials,47.33,-0.07196078431372555,-0.023116615067079516,-0.13773000546547642,-0.1683359690739764,0.2560483961449595,0.21861181548886133,-0.06707665621981729,-0.1912166780587834,0.7795509382762529,15.63,-0.0939130434782608,-0.005524359699442427,0.03743658065609817,0.013522079019649302,1,0.1619208453771707
WFC,2016-07,2016-07-29,Financials,47.97,0.021290185224611458,-0.04021608643457375,-0.044993032052558224,-0.17506448839208943,0.1619208453771707,0.20541219058353113,-0.0474412767503789,-0.1720745598895409,-1.1010508316260934,11.87,-0.012479201331114798,-0.22596571854428027,-0.04349134520636044,0.05899520533666869,1,0.14072663541355493
WFC,2016-08,2016-08-31,Financials,50.8,0.06476629637392572,-0.006065349246722751,0.020695197910387764,-0.0037262208276133135,0.14072663541355493,0.19411155915283929,0.022142051587992206,-0.09237091298910138,1.1891825655834678,13.42,-0.0022304832713754275,-0.07252322915409681,-0.05338492373928436,-0.12834645669291334,0,0.18618578054955048
WFC,2016-09,2016-09-30,Financials,44.28,-0.12834645669291334,-0.05847331490537955,-0.08701030927835052,-0.13919129082426118,0.18618578054955048,0.1729634098759603,-0.09373906316196656,-0.2088618902983741,2.0122112621106547,13.29,0.08136696501220508,0.0060922855082912175,0.013222370673590195,0.03906955736224016,1,0.14233253621623557
WFC,2016-10,2016-10-31,Financials,46.01,0.03906955736224016,-0.035631942988891274,-0.07998400319936017,-0.15016623568526044,0.14233253621623557,0.16932800810874826,-0.042547435625309604,-0.17795247453993213,-0.30967164197986846,17.06,0.31029185867895537,0.2435553292914332,-0.026995471892512696,0.15018474244729418,1,0.3749541899588224
WFC,2016-11,2016-11-30,Financials,52.92,0.15018474244729418,0.04173228346456703,0.035413813343768474,-0.050080775444264924,0.3749541899588224,0.2662299489468719,0.09616621459131469,-0.05246195165622203,-0.17002765422719726,13.33,0.07413376309427888,-0.09198148909024073,0.1087242410119505,0.04138321995464844,1,0.22784076392885882
WFC,2016-12,2016-12-30,Financials,55.11,0.04138321995464844,0.24457994579945797,0.17180523070380604,0.013796909492273635,0.22784076392885882,0.26467700466434096,0.12531854417145838,-0.03805201605864894,-1.0874462488340026,14.04,0.22834645669291342,-0.004109573617663287,-0.03683624073548214,0.022137543095626988,1,0.21896991218139897
WFC,2017-01,2017-01-31,Financials,56.33,0.027169948942377786,0.2184728531256761,0.17820539636059385,0.12795354425310368,0.21896991218139897,0.28179263799631227,0.13473148582743932,-0.016756851108395865,-0.07858887091200861,11.99,0.08310749774164417,-0.09113113787585259,-0.0628227258149133,0.027516421090005405,1,0.16658887038631173
WFC,2017-02,2017-02-28,Financials,57.88,0.022795546916416276,0.09996199163816044,0.1931560502989076,0.23358908780903676,0.16658887038631173,0.20982379543926802,0.1493956141065078,-0.01144321093082823,-0.5994380928314242,12.92,0.11668107173725151,0.08160255132549343,-0.043234925052956286,-0.03835521769177619,0,0.16341773229888898
WFC,2017-03,2017-03-31,Financials,55.66,-0.051950264009538505,0.014952589350838652,0.2544512057696642,0.14881320949432397,0.16341773229888898,0.19680292875170297,0.08480522328062934,-0.06813996316758753,-1.421525865139565,12.37,-0.04552469135802484,0.054632311148401724,-0.03338519645281399,-0.032698526769672887,0,0.2247096826764186
WFC,2017-04,2017-04-28,Financials,53.84,-0.032872283096820554,-0.04859515815515103,0.16663055254604564,0.06804205514778827,0.2247096826764186,0.19756162449176326,0.036095935093900966,-0.09861041352754052,-0.14923967678946168,10.82,-0.2604237867395762,-0.11032511518030774,0.02714805818465535,-0.050148588410104056,0,0.14120107673439414
WFC,2017-05,2017-05-31,Financials,51.14,-0.06096217407271387,-0.1438138288967018,-0.008530438154323305,0.008280757097791858,0.14120107673439414,0.17941614309615966,-0.026826959214839352,-0.1438138288967018,1.6198267904753656,10.41,-0.028917910447761264,-0.12517507703389497,-0.038215066361765526,0.0834962847086429,1,0.1765045912235255
WFC,2017-06,2017-06-30,Financials,55.41,0.06394009216589858,-0.004491555874955089,0.010393873085339012,0.17071624762307192,0.1765045912235255,0.18850467382161204,0.0448349402156798,-0.07232546459065792,-0.26692615855956325,11.18,0.11576846307385225,-0.021559747728725043,-0.012000082598086548,-0.026529507309149936,0,0.1421468050375429
WFC,2017-07,2017-07-31,Financials,53.94,-0.032986733596271134,-0.00954829232464205,-0.03815977175463625,0.12445278298936824,0.1421468050375429,0.1609897102103894,-0.0011601282529654089,-0.09693621295831245,0.6472002749039648,10.26,0.088016967126193,-0.028657299571718253,-0.018842905172846508,-0.05320726733407488,0,0.11849481710871304
WFC,2017-08,2017-08-31,Financials,51.07,-0.04755688176053707,-0.01428295695811621,-0.1327899473594838,0.005314960629921428,0.11849481710871304,0.1501739040825497,-0.06609136285377026,-0.1449857692951615,1.4449411673251977,10.59,-0.13409648405560104,-0.03642455841361081,-0.031679086973836645,0.07989034658312111,1,0.15932789378378218
WFC,2017-09,2017-09-29,Financials,55.15,0.07379283489096577,-0.004692293809781645,-0.00916277398490839,0.24295695289610109,0.15932789378378218,0.1446246321707993,0.011273452742448953,-0.07667838607065125,0.7701237874412377,9.51,-0.008342022940563076,-0.13105338728625504,0.014703261612982882,0.01795104261106073,1,0.1588659670321011
WFC,2017-10,2017-10-31,Financials,56.14,0.012078601045610204,0.04699738903394257,0.023518687329079357,0.2201695283633993,0.1588659670321011,0.14902047615699177,0.029831450858063047,-0.060103800435292065,-0.4019153496535023,10.18,-0.08781362007168458,-0.06590541662418625,0.00984549087510933,0.0058781617385108564,1,0.17886689739839792
WFC,2017-11,2017-11-30,Financials,56.47,0.0058781617385108564,0.10573722341883696,0.08994402624975861,0.06708238851095993,0.17886689739839792,0.1643663138681673,0.03858364925042013,-0.05457893855683904,1.801461155515634,11.28,0.1417004048582995,0.08848622237198822,0.01450058353023062,0.07437577474765367,1,0.19700110469560367
WFC,2017-12,2017-12-29,Financials,60.67,0.07039520112914621,0.10009066183136905,0.09492871322865915,0.10630926331145152,0.19700110469560367,0.1772223032899549,0.1132544158831883,-0.015257263431261103,-1.1788234147195011,11.04,0.14760914760914767,0.07101940252540806,0.019778801405648777,0.08422614142080098,1,0.13053067402790614
WFC,2018-01,2018-01-31,Financials,65.78,0.08422614142080098,0.17779767233661592,0.21634615384615397,0.16776140600035516,0.13053067402790614,0.1697735047779255,0.1874991255778522,-0.002275140300318612,0.1234863211768875,13.54,0.18047079337401906,0.27481954179307455,-0.03924283075001936,-0.12526603830951655,0,0.35954190699323946
WMT,2014-02,2014-02-28,Consumer Staples,74.7,0.00809716599190291,-0.07411998016856725,0.03205305332964925,0.0553828765187907,0.1612289386617656,0.11846479469133163,-0.019557015647056253,-0.08016254155892122,0.520449352361242,14.0,-0.0463215258855586,-0.03891207462052271,0.042764143970433974,0.02315930388219556,1,0.11333642529005096
WMT,2014-03,2014-03-31,Consumer Staples,76.43,0.02315930388219556,-0.02599719638078235,0.027837547068316315,0.013257324671881232,0.11333642529005096,0.1241824471590357,0.004734464442877284,-0.058859746336657914,-1.121599701802478,13.88,-0.08018555334658706,-0.06159855769230771,-0.010846021868984743,0.042915085699332556,1,0.10259810599044689
WMT,2014-04,2014-04-30,Consumer Staples,79.71,0.042915085699332556,0.07570850202429158,0.0333160487425459,0.02560473494595983,0.10259810599044689,0.12662204801014937,0.044281409668544436,-0.018470631695604034,-0.3102232303955786,13.41,0.010550113036925435,-0.10063234542667343,-0.024023942019702482,-0.036883703424915315,0,0.12167211485034576
WMT,2014-05,2014-05-30,Consumer Staples,76.77,-0.036883703424915315,0.027710843373493832,-0.04846306395637101,0.015073383577945298,0.12167211485034576,0.11393157842314447,0.006327396565352306,-0.054673069818987785,-0.06915859346921463,11.4,-0.052369077306733125,-0.1761021440616719,0.007740536427201294,-0.02214406669271851,0,0.07418746254128158
WMT,2014-06,2014-06-30,Consumer Staples,75.07,-0.02214406669271851,-0.01779405992411376,-0.04332866063463747,0.007786280037588966,0.07418746254128158,0.1031374401479937,-0.0194317615548546,-0.07560645240733899,0.5018598281439256,11.57,0.05373406193078312,-0.0917122528068186,-0.028949977606712113,-0.01984814173438121,0,0.0947199379148088
WMT,2014-07,2014-07-31,Consumer Staples,73.58,-0.022582359192348633,-0.07678795483061485,-0.01565217391304352,-0.05594046702591737,0.0947199379148088,0.09764580555680716,-0.04132354157858498,-0.09395394655830558,1.8420145235905063,16.95,0.4315878378378377,0.4020771513353114,-0.002925867641998356,0.02609404729546072,1,0.08140818951060311
WMT,2014-08,2014-08-29,Consumer Staples,75.5,0.02609404729546072,-0.016414799374674383,0.018618456556934726,0.04238575176032011,0.08140818951060311,0.08454181206567293,-0.013470376018052899,-0.07031153798793244,-0.13827047213493626,11.98,0.04446381865736693,-0.038106647634584045,-0.003133622555069826,0.012847682119205173,1,0.12839734414094392
WMT,2014-09,2014-09-30,Consumer Staples,76.47,0.012847682119205173,0.01580765143464391,-0.003907776475185587,0.03393726338561387,0.12839734414094392,0.10293307060894412,0.003911539731436875,-0.05836719615810859,0.24999932563561214,16.31,0.09243134628265226,0.24473652331920048,0.0254642735319998,-0.0026154047338825537,0,0.17799418068342715
WMT,2014-10,2014-10-31,Consumer Staples,76.27,0.000524727797454938,0.037122654337775174,-0.029890613075553407,-0.0062540716612378144,0.17799418068342715,0.13356090249373054,0.003561874912005658,-0.06082994705085576,0.6919400882276109,14.03,-0.1291123525760397,-0.06893282630908115,0.04443327818969661,0.14776452078143443,1,0.19731076591155683
WMT,2014-11,2014-11-28,Consumer Staples,87.54,0.14596151328707951,0.15947019867549672,0.14043772798332466,0.08167552205609785,0.19731076591155683,0.17438305013132074,0.14111710593722426,0.0,0.41254159666126455,13.33,-0.018409425625920517,-0.11879328436516257,0.022927715780236085,-0.018962759881197333,0,0.15113836787856597
WMT,2014-12,2014-12-31,Consumer Staples,85.88,-0.003943400603108382,0.1282186022070413,0.1356783919597988,0.09137120345660188,0.15113836787856597,0.18370504942308083,0.10277665241540568,-0.018962759881197333,-1.2542638230329763,19.2,0.29729729729729715,0.19535141117874932,-0.032566681544514864,-0.010479739170936142,0,0.23283132667857975
WMT,2015-01,2015-01-30,Consumer Staples,84.98,-0.02085493720474707,0.11244927346511324,0.15493340581679815,0.13685618729096993,0.23283132667857975,0.20212618648943342,0.0761532270983436,-0.06068309936995686,1.061124661429607,20.97,0.25870348139255683,0.28986936400382723,0.03070514018914633,-0.012355848434925876,0,0.20040669397607364
WMT,2015-02,2015-02-27,Consumer Staples,83.93,-0.03328726099976953,-0.012007062978222405,0.10652603823335549,0.12567060085836923,0.20040669397607364,0.19453503782727605,0.05409969173267104,-0.07228915662650592,-0.37635014897437025,13.34,-0.06713286713286715,-0.2133845001871958,0.005871656148797588,-0.020016680567139344,0,0.18533370900654195
WMT,2015-03,2015-03-31,Consumer Staples,82.25,-0.020366841353025134,-0.0506694367497692,0.08109884332281814,0.07614810938113292,0.18533370900654195,0.193210109375338,0.024439578615929047,-0.09085884823698465,-0.6208363227453216,15.29,0.12261380323054327,-0.07871304647225941,-0.007876400368796055,-0.051063829787234116,0,0.12279359704989913
WMT,2015-04,2015-04-30,Consumer Staples,78.05,-0.051063829787234116,-0.11023711810305514,0.02226588081204972,-0.020825492409986213,0.12279359704989913,0.16860545318617856,-0.03248999020713761,-0.13728307726318123,1.0322481910233265,14.55,0.16586538461538458,-0.01691297912957679,-0.04581185613627943,-0.04843049327354265,0,0.19239914795384036
WMT,2015-05,2015-05-29,Consumer Staples,74.27,-0.04635336414997426,-0.11509591326105095,-0.12572101236021194,-0.022505922611213536,0.19239914795384036,0.16719806908145396,-0.08174361149112508,-0.17906488338675808,-0.13197852340095542,13.84,0.1428571428571428,-0.0047029815990137225,0.0252010788723864,-0.04497105156860093,0,0.09403887751668687
WMT,2015-06,2015-06-30,Consumer Staples,70.93,-0.05084972567911139,-0.13762917933130692,-0.18132502308402576,-0.055148528040495415,0.09403887751668687,0.14097873036847525,-0.11964641882390314,-0.2159831988504476,1.4813423628353535,18.23,0.5053674649050373,0.3267677876228874,-0.04693985285178838,0.014803327224023555,1,0.11848682021502543
WMT,2015-07,2015-07-31,Consumer Staples,71.98,0.0013912075681692393,-0.0842239185750635,-0.15297717109908215,-0.02174503941288386,0.11848682021502543,0.14298096987062398,-0.10163404504934581,-0.20437714159389853,0.34393984316572485,12.12,-0.11790393013100442,-0.13751270755676048,-0.02449414965559854,-0.10072242289524869,0,0.2699805567106548
WMT,2015-08,2015-08-31,Consumer Staples,64.73,-0.10072242289524869,-0.13149067489601496,-0.2235816240854024,-0.14264900662251645,0.2699805567106548,0.18154901621646677,-0.18420639716784892,-0.2845142036034044,0.06388282484141457,28.43,-0.30216003927344137,0.7715848507927716,0.08843154049418803,0.0016993665997218077,1,0.20871207440342462
WMT,2015-09,2015-09-30,Consumer Staples,64.84,0.0016993665997218077,-0.0979410127991095,-0.19662990955271953,-0.15208578527527128,0.20871207440342462,0.20864830381996977,-0.16028364385614213,-0.2832983309384326,-0.05812943345423526,24.5,0.10709444193402629,0.2655996326604242,6.377058345485853e-05,-0.11721159777914869,0,0.3662618802455203
WMT,2015-10,2015-10-30,Consumer Staples,57.24,-0.10938229344950978,-0.20698254364089785,-0.277090174286436,-0.25127534336167434,0.3662618802455203,0.2869855865601604,-0.2311726966913159,-0.3673040787001216,0.8736908688034816,15.07,0.04218533886583664,-0.2563678801929946,0.07927629368535993,0.02795248078266943,1,0.21382834362335032
WMT,2015-11,2015-11-30,Consumer Staples,58.84,0.015182884748102143,-0.09099335702147382,-0.21051925399168114,-0.3278501256568426,0.21382834362335032,0.27143761629719143,-0.17886942432941222,-0.3496186581187133,0.7708591084033782,16.13,0.04266321913380722,-0.15703158051912514,-0.05760927267384111,0.04180829367777017,1,0.18299994750565213
WMT,2015-12,2015-12-31,Consumer Staples,61.3,0.0391591795219528,-0.04621129609460084,-0.146952407458948,-0.28621332091290175,0.18299994750565213,0.2661351775312484,-0.11266671877759349,-0.32242732397479834,-0.9817012872838556,18.21,0.16955684007707128,0.07460799190692957,-0.08313523002559625,0.08254486133768357,1,0.2690111092352513
WMT,2016-01,2016-01-29,Consumer Staples,66.36,0.07709787372179844,0.15128383067314366,-0.08037694013303764,-0.2435020519835841,0.2690111092352513,0.22138311875358804,-0.014830248986957062,-0.24012366884232217,1.0647120428025734,20.2,-0.09579230080572965,0.0595464082325905,0.047627990481663246,-0.0003013863773356773,0,0.23223181780918825
WMT,2016-02,2016-02-29,Consumer Staples,66.34,0.03301152289006537,0.10126162018592288,0.0039346246973366306,-0.20957941141427383,0.23223181780918825,0.22203517637343004,0.0031550845400858396,-0.20986183897093846,-0.5787550396169469,20.55,0.06037151702786381,-0.025692547355112505,0.010196641435758214,0.032408803135363096,1,0.12042726111185256
WMT,2016-03,2016-03-31,Consumer Staples,68.49,0.03054468853445691,0.1116701834117837,0.07384760112888045,-0.16729483282674773,0.12042726111185256,0.20419086545266407,0.04849580119454111,-0.15475749722325072,-1.599963456987799,13.95,-0.0662650602409639,-0.316155186902798,-0.08376360434081151,-0.023653088042049797,0,0.16827563236248988
WMT,2016-04,2016-04-29,Consumer Staples,66.87,-0.023653088042049797,0.007685352622061492,0.16013185287994447,-0.14324151185137723,0.16827563236248988,0.16497647663926107,0.029993338236596667,-0.16328828828828823,0.806225480950265,15.7,0.18759455370650513,-0.10027016455477444,0.0032991557232288082,0.058471661432630384,1,0.408509602961992
WMT,2016-05,2016-05-31,Consumer Staples,70.78,0.058471661432630384,0.06500150466445986,0.18183336116213056,-0.05285695169276061,0.408509602961992,0.2614886922756074,0.09792351608532401,-0.05488049138736817,0.04200206794608293,14.19,-0.10303413400758543,-0.05219465648854971,0.14702091068638462,0.03164735801073748,1,0.07979354951729252
WMT,2016-06,2016-06-30,Consumer Staples,73.02,0.03574468085106375,0.05734144222415272,0.18385214007782102,0.015859766277128484,0.07979354951729252,0.25624229543513544,0.12232876301756113,-0.011640498105035202,0.19941694791711911,15.63,-0.0939130434782608,-0.005524359699442427,-0.17644874591784293,-0.0006847439057792171,0,0.0739173287788759
WMT,2016-07,2016-07-29,Consumer Staples,72.97,0.0070383659950317146,0.09122177359054873,0.09960819770946361,0.01122505543237251,0.0739173287788759,0.2406753444618495,0.10684287366564926,-0.014717796381312542,-0.6373215925164486,11.87,-0.012479201331114798,-0.22596571854428027,-0.1667580156829736,-0.02096752089899956,0,0.12809182530506563
WMT,2016-08,2016-08-31,Consumer Staples,71.44,-0.02310953097224122,0.006906272022551008,0.08013305110371927,0.11939830774052007,0.12809182530506563,0.09932473914701713,0.05674845718275345,-0.03849259757738899,-0.5718198374626783,13.42,-0.0022304832713754275,-0.07252322915409681,0.028767086158048502,0.009518477043673146,1,0.18948610792012857
WMT,2016-09,2016-09-30,Consumer Staples,72.12,0.009518477043673146,-0.009476720230737534,0.0437047756874096,0.12214096779212702,0.18948610792012857,0.13894999444263326,0.04673211887056872,-0.02934051144010752,0.7373292131676185,13.29,0.08136696501220508,0.0060922855082912175,0.050536113477495315,-0.029118136439267972,0,0.14902897973805276
WMT,2016-10,2016-10-31,Consumer Staples,70.02,-0.029118136439267972,-0.04252700670039655,0.04507462686567165,0.22327044025157217,0.14902897973805276,0.15561296677982542,0.0047835561043614305,-0.05760430686406459,-0.7771570539552214,17.06,0.31029185867895537,0.2435553292914332,-0.006583987041772654,0.005855469865752694,1,0.17793975483038277
WMT,2016-11,2016-11-30,Consumer Staples,70.43,0.005855469865752694,-0.014137737961925967,-0.007329105003523573,0.1939311747753858,0.17793975483038277,0.170717807809317,0.0027249973661207516,-0.052086137281291967,0.3352290778905475,13.33,0.07413376309427888,-0.09198148909024073,0.007221947021065767,-0.01860002839698993,0,0.14003213469130849
WMT,2016-12,2016-12-30,Consumer Staples,69.12,-0.01860002839698993,-0.04159733777038266,-0.050679851668726794,0.1275693311582382,0.14003213469130849,0.1543825289472928,-0.021323591878344872,-0.06971736204576029,-0.4505777690859011,14.04,0.22834645669291342,-0.004109573617663287,-0.014350394255984306,-0.03443287037037046,0,0.14610760751158636
WMT,2017-01,2017-01-31,Consumer Staples,66.74,-0.036384637597459024,-0.04643520502928988,-0.09541881268636498,-0.011259259259259302,0.14610760751158636,0.15364564512995402,-0.05412223563892826,-0.10174966352624504,0.3087244079781882,11.99,0.08310749774164417,-0.09113113787585259,-0.00753803761836766,0.06278094096493869,1,0.17533240155821117
WMT,2017-02,2017-02-28,Consumer Staples,70.93,0.08026195552848026,-0.004211708549768267,-0.0029519257801516874,0.06918902622851975,0.17533240155821117,0.15721194853559392,0.00438755794203205,-0.04535666218034984,1.8492391869377365,12.92,0.11668107173725151,0.08160255132549343,0.01812045302261725,0.016213167912025872,1,0.09331653815298296
WMT,2017-03,2017-03-31,Consumer Staples,72.08,0.018654607122668088,0.04071614207334662,0.019086667609218066,0.04373008977700543,0.09331653815298296,0.143659734525411,0.019593365004664465,-0.029878869448183076,0.3763363336702174,12.37,-0.04552469135802484,0.054632311148401724,-0.05034319637242804,0.04300776914539406,1,0.09703900993092639
WMT,2017-04,2017-04-28,Consumer Staples,75.18,0.06276505513146757,0.14498933901918987,0.08032763328064374,0.09098824553765805,0.09703900993092639,0.126579093433138,0.061733939473539445,-0.0034464475079531987,-0.3877635711773934,10.82,-0.2604237867395762,-0.11032511518030774,-0.029540083502211614,0.045490822027134614,1,0.15152827199470625
WMT,2017-05,2017-05-31,Consumer Staples,78.6,0.044795959058886003,0.11568488289567047,0.10408765276021903,0.11048318734105678,0.15152827199470625,0.11377308025640598,0.10428154964700931,-0.002158182049003421,0.36998246858347567,10.41,-0.028917910447761264,-0.12517507703389497,0.037755191738300276,-0.03715012722646294,0,0.19868987790568665
WMT,2017-06,2017-06-30,Consumer Staples,75.68,-0.05174790126550555,0.049944506104328656,0.0926941957840024,0.036428375787455725,0.19868987790568665,0.15755072573733964,0.05443624652463108,-0.05706454024420626,-0.3394988181991376,11.18,0.11576846307385225,-0.021559747728725043,0.041139152168347015,0.05695031712473564,1,0.1579136261250622
WMT,2017-07,2017-07-31,Consumer Staples,79.99,0.05347030159357291,0.06327263059949484,0.20430593194820834,0.09620391941893924,0.1579136261250622,0.17400676778455815,0.10624379820973551,-0.0033640667829555326,-0.6089885362981778,10.26,0.088016967126193,-0.028657299571718253,-0.016093141659495935,-0.02400300037504688,0,0.12344573782247813
WMT,2017-08,2017-08-31,Consumer Staples,78.07,-0.03054762200422212,-0.019467470484802907,0.11480793945451939,0.0928051511758119,0.12344573782247813,0.16436045515979894,0.06203454366999783,-0.04337703712780305,-0.012908626083307815,10.59,-0.13409648405560104,-0.03642455841361081,-0.04091471733732081,0.0008966312283849032,1,0.11571671439104918
WMT,2017-09,2017-09-29,Consumer Staples,78.14,-0.00509294626941692,0.03250528541226205,0.08407325194228643,0.10476459776615288,0.11571671439104918,0.13382660970693958,0.0501685995019292,-0.042519299105501784,0.9746661012049429,9.51,-0.008342022940563076,-0.13105338728625504,-0.018109895315890398,0.11735346813411818,1,0.19938869815081683
WMT,2017-10,2017-10-31,Consumer Staples,87.31,0.11293817718291899,0.08419222649944125,0.15245512143611406,0.24692944872893463,0.19938869815081683,0.1549196449395996,0.14738834778574827,-0.015115623237450637,-0.9049610687119863,10.18,-0.08781362007168458,-0.06590541662418625,0.044469053211217247,0.1136181422517466,1,0.400649047948436
WMT,2017-11,2017-11-30,Consumer Staples,97.23,0.1136181422517466,0.24542077622646352,0.22117558402411452,0.3805196649155189,0.400649047948436,0.2651287634082609,0.2333729954358985,-0.023991166432443256,1.0455218233628776,11.28,0.1417004048582995,0.08848622237198822,0.13552028454017506,0.01563303507147995,1,0.0923717777056367
WMT,2017-12,2017-12-29,Consumer Staples,98.75,0.012197621976219652,0.2637573585871513,0.30483615221987304,0.4257868899797863,0.0923717777056367,0.2615585924395525,0.2106886335647027,-0.008733186107207414,-0.3816733082029339,11.04,0.14760914760914767,0.07101940252540806,-0.16918681473391578,0.07949367088607584,1,0.15500360805478802
WMT,2018-01,2018-01-31,Consumer Staples,106.6,0.07949367088607584,0.2259919493962046,0.324223602484472,0.5972430326640696,0.15500360805478802,0.25125146581997365,0.2554972169419103,-0.026928343222273,0.4690841585779427,13.54,0.18047079337401906,0.27481954179307455,-0.09624785776518563,-0.03517823639774864,0,0.23154114888085758
XOM,2014-02,2014-02-28,Energy,96.27,0.012196404163600016,0.021215657154980416,0.08363349842413315,0.07504187604690116,0.190773236285764,0.17283620041822195,0.04537732453118459,-0.051620529997044695,0.14506151943742085,14.0,-0.0463215258855586,-0.03891207462052271,0.017937035867542056,0.014646307260828939,1,0.16899483238282637
XOM,2014-03,2014-03-31,Energy,97.68,0.014646307260828939,-0.037730272879519244,0.1240506329113924,0.076126473504462,0.16899483238282637,0.1702149360990677,0.056378583243616553,-0.037730272879519244,0.09580704635462862,13.88,-0.08018555334658706,-0.06159855769230771,-0.0012201037162413442,0.04842342342342332,1,0.09364368385567956
XOM,2014-04,2014-04-30,Energy,102.41,0.04842342342342332,0.07675323309851745,0.1607163096452453,0.15080346106304088,0.09364368385567956,0.15467072686392577,0.09760142845736142,0.0,0.6735096372829305,13.41,0.010550113036925435,-0.10063234542667343,-0.06102704300824621,-0.01835758226735662,0,0.10044336714059733
XOM,2014-05,2014-05-30,Energy,100.53,-0.01835758226735662,0.044250545341227854,0.06640500689508855,0.09164947334129647,0.10044336714059733,0.125359825887376,0.06705415886295518,-0.02502182135583353,0.4346427528918364,11.4,-0.052369077306733125,-0.1761021440616719,-0.024916458746778655,0.0014920919128618149,1,0.1071023760009182
XOM,2014-06,2014-06-30,Energy,100.68,0.0014920919128618149,0.03071253071253066,-0.008176534331592933,0.11433314886552304,0.1071023760009182,0.10111320651461418,0.05187659360400931,-0.03544740371718713,0.0012991095478557045,11.57,0.05373406193078312,-0.0917122528068186,0.0059891694863040135,-0.01728247914183556,0,0.18538056033968647
XOM,2014-07,2014-07-31,Energy,98.94,-0.02387529597474347,-0.024356572330144988,0.05266517714650498,0.055360000000000076,0.18538056033968647,0.1340543808891893,0.01549101053364077,-0.05211726384364823,2.9892227051332774,16.95,0.4315878378378377,0.4020771513353114,0.05132617945049717,0.005255710531635316,1,0.12480004059434224
XOM,2014-08,2014-08-29,Energy,99.46,0.005255710531635316,-0.004802881729037423,0.0414659685863874,0.13968144837859509,0.12480004059434224,0.1412906178452772,0.01042579399850152,-0.04713546656447598,-0.027327592856288045,11.98,0.04446381865736693,-0.038106647634584045,-0.016490577250934946,-0.05439372612105364,0,0.13424459627339885
XOM,2014-09,2014-09-30,Energy,94.05,-0.05439372612105364,-0.07211917916337807,-0.03765476312288962,0.09309623430962333,0.13424459627339885,0.14927818095606904,-0.04669376063346986,-0.09896531902663341,2.0947369659722725,16.31,0.09243134628265226,0.24473652331920048,-0.015033584682670187,0.028282828282828243,1,0.19051143335974222
XOM,2014-10,2014-10-31,Energy,96.71,0.03654876741693469,-0.034155597722960174,-0.0602468176076183,0.07911180540058016,0.19051143335974222,0.1527832249264918,-0.01253249524696387,-0.07348150986779078,1.4166734940633736,14.03,-0.1291123525760397,-0.06893282630908115,0.03772820843325042,-0.0637989866611518,0,0.20492997738305166
XOM,2014-11,2014-11-28,Energy,90.54,-0.04281636536631772,-0.08968429519404775,-0.09405643386031615,-0.03475479744136456,0.20492997738305166,0.17363946177152192,-0.07728290695630224,-0.13259245066104608,1.7508234902722268,13.33,-0.018409425625920517,-0.11879328436516257,0.031290515611529734,0.021095648332228878,1,0.2617611006236649
XOM,2014-12,2014-12-31,Energy,92.45,0.0010828370330266957,-0.004415248761576507,-0.0897902924091758,-0.08646245059288538,0.2617611006236649,0.2176061518589993,-0.05445452151256602,-0.11429392603947108,-0.577748883149509,19.2,0.29729729729729715,0.19535141117874932,0.04415494876466561,-0.05440778799350998,0,0.2251433340064998
XOM,2015-01,2015-01-30,Energy,87.42,-0.06020210707374751,-0.07580082461148119,-0.1164342025469981,-0.0699010533035429,0.2251433340064998,0.2327636259860294,-0.10035349871104171,-0.1624832343360797,1.2488066090541232,20.97,0.25870348139255683,0.28986936400382723,-0.007620291979529598,0.012811713566689642,1,0.20666046358651932
XOM,2015-02,2015-02-27,Energy,88.54,0.006708357021034672,-0.06583667440388263,-0.11041896915502858,-0.07616861435726208,0.20666046358651932,0.24739225319626656,-0.07916727767776244,-0.15175320942709325,-0.5389803696294916,13.34,-0.06713286713286715,-0.2133845001871958,-0.04073178960974724,-0.03998192907160614,0,0.17679316436163786
XOM,2015-03,2015-03-31,Energy,85.0,-0.0345297592003635,-0.08670892876329639,-0.0998623318860532,-0.12981162981162986,0.17679316436163786,0.20177969958151504,-0.09948946349701082,-0.18566775244299671,-0.36429712041617823,15.29,0.12261380323054327,-0.07871304647225941,-0.024986535219877176,0.02788235294117647,1,0.14004093842908566
XOM,2015-04,2015-04-30,Energy,87.37,0.02788235294117647,-0.0023978077186571634,-0.08128286014721331,-0.14686065813885352,0.14004093842908566,0.17502571092750147,-0.05756389381332816,-0.16296225330523084,0.12766153653777923,14.55,0.16586538461538458,-0.01691297912957679,-0.034984772498415806,-0.024836900537942075,0,0.14298543596531427
XOM,2015-05,2015-05-29,Energy,85.2,-0.03038579720040968,-0.037723063022362835,-0.10107617640852495,-0.15868470425594938,0.14298543596531427,0.15320541962307008,-0.06657449272377292,-0.18375167656639202,0.7536424786722765,13.84,0.1428571428571428,-0.0047029815990137225,-0.01021998365775581,-0.023474178403755874,0,0.10264669259264575
XOM,2015-06,2015-06-30,Energy,83.2,-0.022671208739574733,-0.02117647058823524,-0.10604921027183833,-0.1736193881605086,0.10264669259264575,0.1288199647292182,-0.07270722123678808,-0.2021480629075566,1.516014938400987,18.23,0.5053674649050373,0.3267677876228874,-0.026173272136572445,-0.047956730769230904,0,0.24274915116037338
XOM,2015-07,2015-07-31,Energy,79.21,-0.03836348185018834,-0.10849746764209345,-0.0939144360558225,-0.19941378613300997,0.24274915116037338,0.16687237501165136,-0.10345928215622524,-0.20892839308898437,3.443767082100808,12.12,-0.11790393013100442,-0.13751270755676048,0.07587677614872201,-0.05011993435172324,0,0.3605299612320752
XOM,2015-08,2015-08-31,Energy,75.24,-0.05011993435172324,-0.11627906976744196,-0.1412919424788862,-0.24351498089684298,0.3605299612320752,0.254269374311836,-0.1294024535021766,-0.2419907314124522,1.1034616373433548,28.43,-0.30216003927344137,0.7715848507927716,0.10626058692023921,-0.011828814460393411,0,0.2466630540089526
XOM,2015-09,2015-09-30,Energy,74.35,-0.011828814460393411,-0.09736554570838907,-0.11970163390954303,-0.2094630515683148,0.2466630540089526,0.2840881709086479,-0.11789114883555118,-0.23200082636091324,0.6802356713904884,24.5,0.10709444193402629,0.2655996326604242,-0.0374251168996953,0.11284465366509755,1,0.21380078007153036
XOM,2015-10,2015-10-30,Energy,82.74,0.11720226843100168,0.05995388162951576,-0.07148468185388845,-0.123980942297512,0.21380078007153036,0.2794793175878999,-0.003907202290267087,-0.14533622559652937,0.7076688747931825,15.07,0.04218533886583664,-0.2563678801929946,-0.06567853751636954,-0.013052936910804891,0,0.2686037395332742
XOM,2015-11,2015-11-30,Energy,81.66,-0.006931776723823502,0.08532695374800636,-0.04087385482734329,-0.09807819748177615,0.2686037395332742,0.24397904845244384,-0.006095364212617138,-0.13996840442338077,0.9273337640790928,16.13,0.04266321913380722,-0.15703158051912514,0.024624691080830374,-0.04543228018613754,0,0.3020376215290706
XOM,2015-12,2015-12-31,Energy,77.95,-0.04811332275003055,0.05252497974615178,-0.062424825595381206,-0.15684153596538664,0.3020376215290706,0.26451311007921335,-0.039191022260076536,-0.16514940559066082,-0.9315398028400593,18.21,0.16955684007707128,0.07460799190692957,0.037524511449857245,-0.0012828736369469018,0,0.37030297540785345
XOM,2016-01,2016-01-29,Energy,77.85,-0.01654876200101063,-0.05384054448225584,-0.06216118539934956,-0.11109842429778494,0.37030297540785345,0.31071840639177545,-0.030264830501877005,-0.16622041340901794,1.1418609806046207,20.2,-0.09579230080572965,0.0595464082325905,0.059584569016078004,0.029543994861914058,1,0.26337667137344417
XOM,2016-02,2016-02-29,Energy,80.15,0.04104429146642441,-0.0135384615384615,0.07080828323313315,-0.09475943076575555,0.26337667137344417,0.3094035338816981,0.0074708710192175065,-0.10054988216810679,0.21272205697842433,20.55,0.06037151702786381,-0.025692547355112505,-0.04602686250825394,0.04291952588895809,1,0.1574170495188392
XOM,2016-03,2016-03-31,Energy,83.59,0.02842027559055116,0.0559626073774635,0.14553926271070305,-0.01658823529411757,0.1574170495188392,0.27420445009346917,0.05400465658475517,-0.06194590954999435,-0.49782822180386366,13.95,-0.0662650602409639,-0.316155186902798,-0.11678740057462997,0.05754276827371707,1,0.11776072164290595
XOM,2016-04,2016-04-29,Energy,88.4,0.05754276827371707,0.1355170199100837,0.07438016528925617,0.011788943573308952,0.11776072164290595,0.187532981170122,0.1119028317674664,-0.007967680395017274,0.9638582654574248,15.7,0.18759455370650513,-0.10027016455477444,-0.06977225952721604,0.007013574660633459,1,0.12719681497630042
XOM,2016-05,2016-05-31,Energy,89.02,0.007013574660633459,0.09522637795275579,0.0959005293610733,0.045694819687536636,0.12719681497630042,0.13386210640877214,0.10619166615925835,-0.013738089962331168,0.7392041847612032,14.19,-0.10303413400758543,-0.05219465648854971,-0.006665291432471715,0.0530217928555381,1,0.17496021406281856
XOM,2016-06,2016-06-30,Energy,93.74,0.05042581801882573,0.12994214079074262,0.20010241966457554,0.13803569260653137,0.17496021406281856,0.13957690854100369,0.1385941386815921,0.0,1.3681917292669734,15.63,-0.0939130434782608,-0.005524359699442427,0.03538330552181487,-0.05109878387027944,0,0.13489238430187134
XOM,2016-07,2016-07-29,Energy,88.95,-0.03796236210253068,0.0062217194570135526,0.14258188824662832,0.07155764365739059,0.13489238430187134,0.14486897609270308,0.05737460838802977,-0.06486543313709003,3.4292960289037673,11.87,-0.012479201331114798,-0.22596571854428027,-0.00997659179083174,-0.020348510399100683,0,0.1334323290053653
XOM,2016-08,2016-08-31,Energy,87.14,0.0011488970588233727,-0.01570089235287475,0.057524271844660024,0.20893451720310763,0.1334323290053653,0.16396981448109052,0.028351657559133825,-0.08389402859545836,0.6340174506660731,13.42,-0.0022304832713754275,-0.07252322915409681,-0.030537485475725212,0.0016066100527887262,1,0.229644657760043
XOM,2016-09,2016-09-30,Energy,87.28,0.0016066100527887262,-0.06990622335890884,0.049543049543049555,0.17850391574399138,0.229644657760043,0.18301565104318468,0.02171316058561179,-0.08242220353238017,1.186746761948845,13.29,0.08136696501220508,0.0060922855082912175,0.04662900671685832,-0.04537121906507802,0,0.14345250245175195
XOM,2016-10,2016-10-31,Energy,83.32,-0.04537121906507802,-0.04273897058823539,-0.05436386335262744,0.007009910563209987,0.14345250245175195,0.17232272565220294,-0.03551307532652137,-0.12405382674516408,1.561970260870096,17.06,0.31029185867895537,0.2435553292914332,-0.02887022320045099,0.04776764282285173,1,0.15904950086742767
XOM,2016-11,2016-11-30,Energy,87.3,0.04776764282285173,0.0018361257746155601,-0.013893595391392788,0.06606423250702154,0.15904950086742767,0.18070188784434066,0.0010256786592905964,-0.08221194280908328,2.2114704027054555,13.33,0.07413376309427888,-0.09198148909024073,-0.02165238697691299,0.03390607101947318,1,0.1381559486442316
XOM,2016-12,2016-12-30,Energy,90.26,0.03390607101947318,0.03414298808432625,-0.03815004262574595,0.15792174470814624,0.1381559486442316,0.14811663771625252,0.02575933294959243,-0.05109335576114382,-0.15133088100303463,14.04,0.22834645669291342,-0.004109573617663287,-0.009960689072020912,-0.07057389762907162,0,0.15191428795928544
XOM,2017-01,2017-01-31,Energy,83.89,-0.07149972329828436,-0.010497758905402277,-0.022944327975774503,0.09961987154279717,0.15191428795928544,0.1570378003846803,-0.04950418766542164,-0.1180613961312027,1.6268691611445338,11.99,0.08310749774164417,-0.09113113787585259,-0.005123512425394855,-0.03063535582310173,0,0.1223480199391571
XOM,2017-02,2017-02-28,Energy,81.32,-0.04900011694538664,-0.06657483930211217,-0.0681792139337688,0.014597629444790927,0.1223480199391571,0.14351197797593895,-0.0729345804407665,-0.14507989907485297,1.222053084838116,12.92,0.11668107173725151,0.08160255132549343,-0.021163958036781852,0.008484997540580519,1,0.14441805463579202
XOM,2017-03,2017-03-31,Energy,82.01,-0.015486194477790982,-0.0923076923076922,-0.051468887346749814,-0.011451301832208105,0.14441805463579202,0.1450476719393445,-0.055500978358637765,-0.13782590412111018,1.966195625260656,12.37,-0.04552469135802484,0.054632311148401724,-0.0006296173035524877,-0.004389708572125395,0,0.1345426950799605
XOM,2017-04,2017-04-28,Energy,81.65,-0.0045110948549133,-0.04514091919073793,-0.06246411757951542,-0.07247529251391571,0.1345426950799605,0.1274801286681602,-0.048760213594981505,-0.1416105971404541,0.09773451566678057,10.82,-0.2604237867395762,-0.11032511518030774,0.007062566411800308,-0.014084507042253613,0,0.09698647470993899
XOM,2017-05,2017-05-31,Energy,80.5,-0.01901048013648554,-0.030354131534569895,-0.06904128599514281,-0.09570882947652204,0.09698647470993899,0.11156232617997024,-0.052062382538164975,-0.15370058873002523,0.8227463556833812,10.41,-0.028917910447761264,-0.12517507703389497,-0.01457585147003125,0.0028571428571428914,1,0.14708570736767493
XOM,2017-06,2017-06-30,Energy,80.73,0.0003717472118960341,-0.015607852700890157,-0.10647482014388476,-0.13878813740132268,0.14708570736767493,0.11258897292613733,-0.0418986855035105,-0.151282590412111,0.9045146419760337,11.18,0.11576846307385225,-0.021559747728725043,0.0344967344415376,-0.008547008547008517,0,0.11917607889418447
XOM,2017-07,2017-07-31,Energy,80.04,-0.008178438661709975,-0.024616134535705547,-0.05679943436247925,-0.10016863406408094,0.11917607889418447,0.12109844164296577,-0.04449873489197165,-0.1354504212572909,0.5592146089690855,10.26,0.088016967126193,-0.028657299571718253,-0.0019223627487812978,-0.04635182408795613,0,0.0917366567938175
XOM,2017-08,2017-08-31,Energy,76.33,-0.05297766749379651,-0.039874213836478045,-0.07433907349017699,-0.12405324764746384,0.0917366567938175,0.11824583200728507,-0.07896157835071027,-0.1755238712464895,1.2763140887169542,10.59,-0.13409648405560104,-0.03642455841361081,-0.026509175213467573,0.07402069959386881,1,0.09601977906577297
XOM,2017-09,2017-09-29,Energy,81.98,0.07726675427069662,0.015483711135884981,-0.00036580904767713474,-0.05181586860976162,0.09601977906577297,0.10956642375756641,-0.001689018457428082,-0.11449557139771005,0.0380577136671695,9.51,-0.008342022940563076,-0.13105338728625504,-0.013546644691793439,0.016711393022688315,1,0.04357546838434496
XOM,2017-10,2017-10-31,Energy,83.35,0.021070684797255934,0.03411910669975193,0.007859733978234473,0.0003600576092175345,0.04357546838434496,0.08942922351805759,0.024078122355527087,-0.09969755886800613,0.28703273033601345,10.18,-0.08781362007168458,-0.06590541662418625,-0.04585375513371263,-0.0007198560287940969,0,0.10853099553897975
XOM,2017-11,2017-11-30,Energy,83.29,-0.0007198560287940969,0.09118302109262433,0.04767295597484278,-0.04593356242840774,0.10853099553897975,0.08995214524488142,0.025563673694919853,-0.10034564700799298,2.676996144676938,11.28,0.1417004048582995,0.08848622237198822,0.018578850294098337,0.004202185136270797,1,0.08460670770294842
XOM,2017-12,2017-12-29,Energy,83.64,0.01665248571775857,0.020248841180775745,0.03604607952434025,-0.07426674045379078,0.08460670770294842,0.07926016240145789,0.028205898108163874,-0.07976675101771369,-0.11098292525582099,11.04,0.14760914760914767,0.07101940252540806,0.005346545301490535,0.04375896700143467,1,0.14313925610258177
XOM,2018-01,2018-01-31,Energy,87.3,0.04375896700143467,0.04500837921953549,0.08893601097667458,0.0406484682322088,0.14313925610258177,0.1113751059148931,0.06616220381711724,-0.019101123595505642,1.3226579575018296,13.54,0.18047079337401906,0.27481954179307455,0.031764150187688675,-0.11867124856815581,0,0.30136260398058723
